-- Generated by Craft v2.6.2793 on Jun 30, 2016, 4:32:53 PM.

--
-- Disable foreign key checks and autocommit.
--

SET FOREIGN_KEY_CHECKS = 0;
SET SQL_MODE = "NO_AUTO_VALUE_ON_ZERO";
SET AUTOCOMMIT = 0;
SET NAMES utf8;


DROP TABLE IF EXISTS `craft_assetfiles`;


--
-- Schema for table `craft_assetfiles`
--
CREATE TABLE `craft_assetfiles` (
  `id` int(11) NOT NULL,
  `sourceId` int(11) DEFAULT NULL,
  `folderId` int(11) NOT NULL,
  `filename` varchar(255) COLLATE utf8_unicode_ci NOT NULL,
  `kind` varchar(50) COLLATE utf8_unicode_ci NOT NULL DEFAULT 'unknown',
  `width` int(11) unsigned DEFAULT NULL,
  `height` int(11) unsigned DEFAULT NULL,
  `size` bigint(20) unsigned DEFAULT NULL,
  `dateModified` datetime DEFAULT NULL,
  `dateCreated` datetime NOT NULL,
  `dateUpdated` datetime NOT NULL,
  `uid` char(36) COLLATE utf8_unicode_ci NOT NULL DEFAULT '0',
  PRIMARY KEY (`id`),
  UNIQUE KEY `craft_assetfiles_filename_folderId_unq_idx` (`filename`,`folderId`),
  KEY `craft_assetfiles_sourceId_fk` (`sourceId`),
  KEY `craft_assetfiles_folderId_fk` (`folderId`)
) ENGINE=InnoDB DEFAULT CHARSET=utf8 COLLATE=utf8_unicode_ci;

--
-- Data for table `craft_assetfiles`
--

INSERT INTO `craft_assetfiles` (`id`, `sourceId`, `folderId`, `filename`, `kind`, `width`, `height`, `size`, `dateModified`, `dateCreated`, `dateUpdated`, `uid`) VALUES
 ('18', NULL, '6', 'cadenza_big.png', 'image', '2000', '1200', '1647175', '2016-06-24 11:14:41', '2016-06-24 11:14:42', '2016-06-24 11:14:42', 'e06d0b23-7286-4b21-9055-bc35da9c21de'),
 ('19', NULL, '6', 'cad_3.png', 'image', '1920', '1280', '4245549', '2016-06-24 11:17:02', '2016-06-24 11:17:03', '2016-06-24 11:17:03', '6b9ab3c1-ac08-45aa-8f35-37b0b98d01d8'),
 ('20', NULL, '6', 'cad_2.png', 'image', '1920', '1082', '1926107', '2016-06-24 11:17:22', '2016-06-24 11:17:23', '2016-06-24 11:17:23', 'b3a0f548-03d7-4a08-9158-4a4bc13261b5'),
 ('21', NULL, '6', 'cad_1.png', 'image', '1920', '1280', '2970963', '2016-06-24 11:17:37', '2016-06-24 11:17:38', '2016-06-24 11:17:38', 'a026ee45-3a42-4192-b7f1-861552e64fc3'),
 ('22', NULL, '6', 'cadenza_big@1x.png', 'image', '2061', '1200', '1617885', '2016-06-24 11:27:03', '2016-06-24 11:27:03', '2016-06-24 11:27:03', 'e96270a5-1417-45c8-8960-b6a1d9f04b64'),
 ('23', '2', '8', 'project2_160628_103524.png', 'image', '1240', '932', '178974', '2016-06-27 17:11:04', '2016-06-24 12:28:02', '2016-06-28 10:31:48', 'a39efa20-5ccc-46cd-a46a-b5d0df20e1f6'),
 ('24', NULL, '6', 'project3.png', 'image', '1240', '932', '721958', '2016-06-24 12:29:05', '2016-06-24 12:29:05', '2016-06-24 12:29:05', '8cffaa77-beac-4afc-b240-31001ffa7dca'),
 ('25', NULL, '6', 'project4.png', 'image', '1240', '932', '957829', '2016-06-24 12:29:43', '2016-06-24 12:29:44', '2016-06-24 12:29:44', '2cbd0918-89d0-4e4a-9a92-a99f121ab3f5'),
 ('26', NULL, '6', 'project5.png', 'image', '1240', '932', '143594', '2016-06-24 12:30:31', '2016-06-24 12:30:31', '2016-06-24 12:30:31', '627179c2-9599-415a-bf8f-9d89dd6ef0bd'),
 ('27', NULL, '6', 'project6.png', 'image', '1240', '932', '793870', '2016-06-24 12:31:04', '2016-06-24 12:31:04', '2016-06-24 12:31:04', '837d06e0-6e2a-4768-89f0-76b67aefc202'),
 ('31', NULL, '6', 'smartmockups-3.png', 'image', '3000', '2003', '6755422', '2016-06-25 18:01:23', '2016-06-25 18:01:24', '2016-06-25 18:01:24', '23ef3c6b-257a-409b-9aef-d43a1e234bf0'),
 ('32', NULL, '6', 'smartmockups-copy.png', 'image', '2667', '1778', '5236419', '2016-06-25 18:01:49', '2016-06-25 18:01:50', '2016-06-25 18:01:50', 'bc961e1a-e010-4cf7-a2ef-ccda7dc7d39c'),
 ('33', NULL, '6', 'smartmockups-copy-3.png', 'image', '2800', '1867', '10412614', '2016-06-25 18:02:22', '2016-06-25 18:02:23', '2016-06-25 18:02:23', 'b036fe99-af53-4c81-8840-d30b3fbb09a9'),
 ('35', '2', '8', 'Implant-Xray.png', 'image', '800', '1073', '230600', '2016-06-27 17:10:56', '2016-06-26 12:23:06', '2016-06-28 10:31:33', 'b2c13226-3e73-4867-bbb5-66b964d91212'),
 ('37', NULL, '6', 'cosmos@1x.png', 'image', '2061', '1200', '890968', '2016-06-26 12:34:17', '2016-06-26 12:34:17', '2016-06-26 12:34:17', '2572c19e-b32d-4810-b690-73598ac8b3cf'),
 ('39', NULL, '6', 'StationMockup.png', 'image', '1500', '1000', '2017269', '2016-06-26 12:41:50', '2016-06-26 12:41:50', '2016-06-26 12:41:50', 'a570bb3c-dad8-4045-a540-593705f43dc1'),
 ('40', NULL, '6', 'AnimPump.gif', 'image', '620', '387', '146505', '2016-06-26 12:43:05', '2016-06-26 12:43:05', '2016-06-26 12:43:05', '6b4a75a4-c5bb-4e55-93a1-8e30943635f2'),
 ('41', NULL, '6', 'CosmosIdentity.png', 'image', '2417', '1575', '2704802', '2016-06-26 12:44:24', '2016-06-26 12:44:25', '2016-06-26 12:44:25', 'f855ed95-d9ed-4b10-9994-3283f47320e9'),
 ('42', NULL, '6', 'PumpBG.jpg', 'image', '620', '387', '118892', '2016-06-26 12:46:49', '2016-06-26 12:46:49', '2016-06-26 12:46:49', '1ecb9073-4904-4e29-b7d6-052104e77d30'),
 ('45', NULL, '6', 'badnoise@1x.png', 'image', '2061', '1200', '2030371', '2016-06-27 10:38:14', '2016-06-27 10:38:14', '2016-06-27 10:38:14', 'af3d551e-20ba-4588-b658-1a8b6a6af608'),
 ('46', NULL, '6', 'smartmockups-1.png', 'image', '1920', '1271', '1546584', '2016-06-27 10:55:11', '2016-06-27 10:55:11', '2016-06-27 10:55:11', 'fb1341fa-d744-4ef1-b90f-14d4f030cdaa'),
 ('48', NULL, '6', 'smartmockups-3_160627_115730.png', 'image', '1920', '1275', '2124161', '2016-06-27 10:57:30', '2016-06-27 10:57:31', '2016-06-27 10:57:31', '87d16332-3771-4218-aa9e-92958994457d'),
 ('49', NULL, '6', 'smartmockups-2.png', 'image', '1920', '1280', '3146403', '2016-06-27 10:58:52', '2016-06-27 10:58:54', '2016-06-27 10:58:54', '736a3887-0481-4efe-a462-9c6a77cd54fe'),
 ('51', NULL, '6', 'applyignorance@1x.png', 'image', '1500', '923', '949159', '2016-06-27 11:17:50', '2016-06-27 11:17:50', '2016-06-27 11:17:50', '5ab7bb5b-5b7e-4305-b313-0a3820e0f037'),
 ('52', NULL, '6', 'peoplefusion1.png', 'image', '3000', '1687', '35132', '2016-06-27 11:23:24', '2016-06-27 11:23:24', '2016-06-27 11:23:24', 'fd054fe2-7fd5-4a91-927b-5f289780867b'),
 ('53', NULL, '6', 'peoplefusion2.png', 'image', '3000', '1687', '4575817', '2016-06-27 11:33:12', '2016-06-27 11:23:38', '2016-06-27 11:33:56', 'd4e8f122-f4fd-450f-819d-203472d4ef1b'),
 ('54', NULL, '6', 'peoplefusion3.png', 'image', '3000', '1687', '3513535', '2016-06-27 11:33:40', '2016-06-27 11:23:45', '2016-06-27 11:33:57', '583330e1-7ac0-40fb-a9f3-268f46001014'),
 ('61', NULL, '6', 'photography@1x.png', 'image', '2061', '1200', '1424993', '2016-06-27 12:09:11', '2016-06-27 12:09:12', '2016-06-27 12:09:12', '7c339950-8964-43d1-8834-f27211a86d96'),
 ('62', NULL, '6', 'photography@1x.jpg', 'image', '2061', '1200', '343287', '2016-06-27 12:10:28', '2016-06-27 12:10:29', '2016-06-27 12:10:29', '25327a12-9028-4f6b-8616-57abea7b3db7'),
 ('63', NULL, '6', '16447561813_5c80ebe903_k.jpg', 'image', '2048', '1365', '692643', '2016-06-27 12:16:06', '2016-06-27 12:16:06', '2016-06-27 12:16:06', 'c283f1d3-c716-4861-ad8c-e815951f92a2'),
 ('64', NULL, '6', '16860253427_11b1360e3e_k.jpg', 'image', '2048', '1152', '1424168', '2016-06-27 12:16:08', '2016-06-27 12:16:09', '2016-06-27 12:16:09', '89aa21ac-2fa2-4684-be3d-c3495fd29799'),
 ('65', NULL, '6', '16860303687_ae0d265e1d_k.jpg', 'image', '2048', '1365', '844141', '2016-06-27 12:16:10', '2016-06-27 12:16:10', '2016-06-27 12:16:10', '5e1c35ce-9d25-4bfa-bb36-ac617a455ff4'),
 ('67', '2', '8', 'badnoise_nb.png', 'image', '620', '466', '5817', '2016-06-27 17:13:53', '2016-06-27 14:26:04', '2016-06-28 10:31:34', '3555b380-e4b8-4c63-ae0b-ca0e34cbff35'),
 ('72', '2', '9', 'android-icon-144x144.png', 'image', '144', '144', '3090', '2016-06-24 09:22:08', '2016-06-27 14:26:12', '2016-06-28 10:31:36', '0f0d283a-687e-447a-a5c5-964f1ef0877d'),
 ('73', '2', '9', 'android-icon-36x36.png', 'image', '36', '36', '1396', '2016-06-24 09:22:08', '2016-06-27 14:26:13', '2016-06-28 10:31:37', '83dcaee1-3fb2-443b-af92-8d92b4b37dd7'),
 ('74', '2', '9', 'android-icon-192x192.png', 'image', '192', '192', '3224', '2016-06-24 09:22:08', '2016-06-27 14:26:14', '2016-06-28 10:31:36', '25600284-e355-410a-b11c-7ca5e5785fa5'),
 ('75', '2', '9', 'android-icon-48x48.png', 'image', '48', '48', '1539', '2016-06-24 09:22:08', '2016-06-27 14:26:15', '2016-06-28 10:31:37', 'a26c9b3c-2c68-4a8d-9d8a-59a50ba8af2f'),
 ('76', '2', '9', 'android-icon-72x72.png', 'image', '72', '72', '1871', '2016-06-24 09:22:08', '2016-06-27 14:26:16', '2016-06-28 10:31:37', 'e03593db-e26e-4420-a41a-f2953d27b395'),
 ('77', '2', '9', 'android-icon-96x96.png', 'image', '96', '96', '2275', '2016-06-24 09:22:08', '2016-06-27 14:26:17', '2016-06-28 10:31:38', '715a500c-6e8b-4963-a9a9-ac37c5f5cccc'),
 ('78', '2', '9', 'apple-icon-120x120.png', 'image', '120', '120', '2649', '2016-06-24 09:22:08', '2016-06-27 14:26:17', '2016-06-28 10:31:38', '2baf9ea1-e453-4d9d-9c39-ec182614ff9e'),
 ('79', '2', '9', 'apple-icon-114x114.png', 'image', '114', '114', '2550', '2016-06-24 09:22:08', '2016-06-27 14:26:18', '2016-06-28 10:31:38', '421add22-cc1e-4a0e-a29f-9e3c2bdff52a'),
 ('80', '2', '9', 'apple-icon-144x144.png', 'image', '144', '144', '3090', '2016-06-24 09:22:08', '2016-06-27 14:26:18', '2016-06-28 10:31:38', '92682b0b-44da-4c34-a07b-6e0887cf21b1'),
 ('81', '2', '9', 'apple-icon-152x152.png', 'image', '152', '152', '3246', '2016-06-24 09:22:08', '2016-06-27 14:26:19', '2016-06-28 10:31:39', 'c9bb32db-da50-43ca-a5f9-2b1ff2739581'),
 ('82', '2', '9', 'apple-icon-57x57.png', 'image', '57', '57', '1632', '2016-06-24 09:22:09', '2016-06-27 14:26:19', '2016-06-28 10:31:39', '443f4934-6ef6-423d-8898-869073e9a9e5'),
 ('83', '2', '9', 'apple-icon-180x180.png', 'image', '180', '180', '3749', '2016-06-24 09:22:09', '2016-06-27 14:26:20', '2016-06-28 10:31:39', 'b972248a-6848-4d99-a847-a22a0fc3d5d5'),
 ('84', '2', '9', 'apple-icon-60x60.png', 'image', '60', '60', '1699', '2016-06-24 09:22:09', '2016-06-27 14:26:20', '2016-06-28 10:31:39', '9cfe6cd5-6a95-479b-8c8e-ebad528460f1'),
 ('85', '2', '9', 'apple-icon-72x72.png', 'image', '72', '72', '1871', '2016-06-24 09:22:09', '2016-06-27 14:26:21', '2016-06-28 10:31:40', '0ab41d25-55ed-499e-9fd2-9c2e33477a4c'),
 ('86', '2', '9', 'apple-icon-76x76.png', 'image', '76', '76', '1911', '2016-06-24 09:22:09', '2016-06-27 14:26:21', '2016-06-28 10:31:41', '710a23ef-8577-4715-aaa7-bf9c07917d45'),
 ('87', '2', '9', 'apple-icon-precomposed.png', 'image', '192', '192', '3796', '2016-06-24 09:22:09', '2016-06-27 14:26:21', '2016-06-28 10:31:41', '41822f58-7f45-4975-a799-af3d34a107f8'),
 ('88', '2', '9', 'apple-icon.png', 'image', '192', '192', '3796', '2016-06-24 09:22:09', '2016-06-27 14:26:22', '2016-06-28 10:31:41', 'a151e99d-d123-4d33-8e8d-68b59de0e276'),
 ('89', '2', '9', 'favicon-16x16.png', 'image', '16', '16', '1119', '2016-06-24 09:22:09', '2016-06-27 14:26:22', '2016-06-28 10:31:42', '8bf52402-dd59-44db-ad7e-dff61337ad6d'),
 ('90', '2', '9', 'favicon-32x32.png', 'image', '32', '32', '1304', '2016-06-24 09:22:09', '2016-06-27 14:26:23', '2016-06-28 10:31:42', '816f0a52-c08f-48ca-972b-c78508b248d9'),
 ('91', '2', '9', 'favicon-96x96.png', 'image', '96', '96', '2275', '2016-06-24 09:22:09', '2016-06-27 14:26:23', '2016-06-28 10:31:42', '9c66282e-9a6e-45c9-aeb8-6c5de49d9daa'),
 ('92', '2', '9', 'ms-icon-144x144.png', 'image', '144', '144', '3090', '2016-06-24 09:22:09', '2016-06-27 14:26:24', '2016-06-28 10:31:43', '4b7e93e8-ab77-473d-b9e8-245935d1d2ea'),
 ('93', '2', '9', 'ms-icon-150x150.png', 'image', '150', '150', '3183', '2016-06-24 09:22:09', '2016-06-27 14:26:24', '2016-06-28 10:31:43', '40bc4c4d-45a2-45cf-8023-1249bfbedcc5'),
 ('94', '2', '9', 'ms-icon-310x310.png', 'image', '310', '310', '7622', '2016-06-24 09:22:09', '2016-06-27 14:26:24', '2016-06-28 10:31:43', 'b12e720d-36c9-4b61-b231-abd45fd4db06'),
 ('95', '2', '9', 'ms-icon-70x70.png', 'image', '70', '70', '1730', '2016-06-24 09:22:09', '2016-06-27 14:26:25', '2016-06-28 10:31:44', 'f091a5c6-e070-49d7-a711-5258be685a79'),
 ('96', '2', '8', 'logo.png', 'image', '1811', '375', '4724', '2016-06-28 09:10:22', '2016-06-27 14:26:25', '2016-06-28 10:31:44', '5e3c6de4-0e0a-4836-895e-fbabf0444afd'),
 ('97', '2', '8', 'logo_invert.png', 'image', '1807', '368', '4795', '2016-06-28 09:10:22', '2016-06-27 14:26:26', '2016-06-28 10:31:44', '7b9c2702-d02d-4aa3-b516-d579c9c91f97'),
 ('98', '2', '8', 'me.png', 'image', '700', '700', '211906', '2016-06-27 17:14:25', '2016-06-27 14:26:26', '2016-06-28 10:31:45', '46d4f4c8-034b-4ac5-9d23-496d867d0b63'),
 ('99', '2', '8', 'nav_close.png', 'image', '76', '76', '711', '2016-06-27 17:14:25', '2016-06-27 14:26:27', '2016-06-28 10:31:45', 'c4b304f1-3253-4918-bec1-898495dc44e3'),
 ('100', '2', '8', 'nav.png', 'image', '76', '76', '579', '2016-06-27 17:14:25', '2016-06-27 14:26:27', '2016-06-28 10:31:45', '67e65191-ab08-494c-a6be-6576455f7fbe'),
 ('101', '2', '8', 'nav_invert.png', 'image', '76', '76', '564', '2016-06-27 17:14:29', '2016-06-27 14:26:28', '2016-06-28 10:31:46', 'c46d172a-d722-4a88-a6fd-94b51efdd2e0'),
 ('102', '2', '8', 'nav_close_invert.png', 'image', '76', '76', '691', '2016-06-27 17:14:27', '2016-06-27 14:26:28', '2016-06-28 10:31:46', '4e40a0c0-135c-4b7b-b224-0530bc19e38e'),
 ('103', '2', '8', 'pin.png', 'image', '512', '512', '2349', '2016-06-28 09:10:22', '2016-06-27 14:26:29', '2016-06-28 10:31:46', '88fa3e98-4cc5-494b-952d-e3296c6e80f4'),
 ('105', '2', '8', 'project2.png', 'image', '1240', '932', '178974', '2016-06-27 17:14:33', '2016-06-27 14:26:30', '2016-06-28 10:31:47', 'e70d98b6-4e0e-4b3b-aba5-bae5a127be9c'),
 ('106', '2', '8', 'project3.png', 'image', '1240', '932', '538239', '2016-06-27 17:14:36', '2016-06-27 14:26:30', '2016-06-28 10:31:50', '7a1d3e45-ae69-4e82-b662-41e4e0563a4f'),
 ('107', '2', '8', 'project4.png', 'image', '1240', '932', '759443', '2016-06-27 17:14:38', '2016-06-27 14:26:31', '2016-06-28 10:31:49', '582a9565-27f0-4b72-a32e-ebae2116d308'),
 ('108', '2', '8', 'project5.png', 'image', '1240', '932', '103643', '2016-06-27 17:14:38', '2016-06-27 14:26:32', '2016-06-28 10:31:50', '25446fc8-052c-4fb9-a42f-8b9b1ebf57d3'),
 ('109', '2', '8', 'project6.png', 'image', '1240', '932', '348826', '2016-06-27 17:14:40', '2016-06-27 14:26:33', '2016-06-28 10:31:50', 'f3ac8348-e8ea-41c2-961c-6c7b4ba71796'),
 ('157', NULL, '14', 'cadenza_big.png', 'image', '2061', '1200', '824233', '2016-06-28 09:58:48', '2016-06-28 09:58:48', '2016-06-28 09:58:48', 'f863a4a2-464d-4054-848f-e25a88947cc5'),
 ('158', NULL, '11', 'cad_1.jpeg', 'image', '1920', '1280', '494431', '2016-06-28 09:59:40', '2016-06-28 09:59:41', '2016-06-28 09:59:41', 'ec7b6cd3-2f42-42f6-a240-b9551752bce7'),
 ('159', NULL, '11', 'cad_2.jpeg', 'image', '1920', '1082', '350128', '2016-06-28 09:59:42', '2016-06-28 09:59:42', '2016-06-28 09:59:42', '08afae7d-88ce-4eaf-bf58-06a935700175'),
 ('160', NULL, '11', 'cad_3.jpeg', 'image', '1920', '1280', '800016', '2016-06-28 09:59:43', '2016-06-28 09:59:43', '2016-06-28 09:59:43', '85e34c8d-866f-4637-965a-d7cb15c4a90d'),
 ('166', '2', '8', 'project1.png', 'image', '1240', '932', '761290', '2016-06-28 10:27:02', '2016-06-28 10:27:03', '2016-06-28 10:31:47', '6eb3c93c-411a-4c0e-ae22-6504b351a758'),
 ('167', '2', '8', 'cadenza_big.png', 'image', '2061', '1200', '824233', '2016-06-28 10:28:28', '2016-06-28 10:28:28', '2016-06-28 10:31:36', '1a3000aa-396f-4468-a25f-efcd31ea94c4'),
 ('168', '2', '8', 'cad_1.jpeg', 'image', '1920', '1280', '494431', '2016-06-28 10:29:02', '2016-06-28 10:29:02', '2016-06-28 10:31:35', '4c423d02-47ef-4e36-bd3b-70c08bbf0607'),
 ('169', '2', '8', 'cad_2.jpeg', 'image', '1920', '1082', '350128', '2016-06-28 10:29:04', '2016-06-28 10:29:04', '2016-06-28 10:31:34', '8b1affe6-68eb-45b9-93cb-755ae99f66f2'),
 ('170', '2', '8', 'cad_3.jpeg', 'image', '1920', '1280', '800016', '2016-06-28 10:29:09', '2016-06-28 10:29:10', '2016-06-28 10:31:35', '948e7d02-5a79-42d7-b51f-9c5fb7fcb3fb'),
 ('171', '2', '8', 'ambio@1x.png', 'image', '2061', '1200', '803949', '2016-06-28 11:35:14', '2016-06-28 11:35:14', '2016-06-28 11:35:14', 'fcc548a5-1dfe-48fd-b736-205b959cfdb2'),
 ('172', '2', '8', 'smartmockups-copy.jpeg', 'image', '2667', '1778', '962116', '2016-06-28 11:36:01', '2016-06-28 11:36:01', '2016-06-28 11:36:01', '3f1c3c76-f417-428e-bb15-c0e5d802977a'),
 ('173', '2', '8', 'smartmockups-copy-3.jpeg', 'image', '2000', '1334', '903710', '2016-06-28 11:38:55', '2016-06-28 11:38:55', '2016-06-28 11:38:55', 'de8e56c8-d5b0-4083-b799-17dcb04ed54b'),
 ('174', '2', '8', 'cosmos@1x.png', 'image', '2061', '1200', '774975', '2016-06-28 11:43:21', '2016-06-28 11:43:21', '2016-06-28 11:43:21', '80086da6-d7ae-4893-b69d-af761a15c43b'),
 ('175', '2', '8', 'CosmosIdentity.jpg', 'image', '2417', '1575', '921320', '2016-06-28 11:44:37', '2016-06-28 11:44:37', '2016-06-28 11:44:37', '9bdecb75-7558-4263-9dab-de4cf058fd41'),
 ('176', '2', '8', 'StationMockup.jpg', 'image', '1500', '1000', '413476', '2016-06-28 11:44:39', '2016-06-28 11:44:40', '2016-06-28 11:44:40', '88c17519-9a30-40a2-ba68-00e612657d3e'),
 ('177', '2', '8', 'PumpBG.jpg', 'image', '620', '387', '82579', '2016-06-28 11:45:16', '2016-06-28 11:45:16', '2016-06-28 11:45:16', 'e354def2-fcac-46e0-8bc9-5176ec049352'),
 ('181', '2', '8', 'badnoise1.jpg', 'image', '1920', '1271', '436944', '2016-06-28 11:52:26', '2016-06-28 11:52:26', '2016-06-28 11:52:26', 'b88bfa7d-cda3-4074-840a-6b4e458a7759'),
 ('182', '2', '8', 'smartmockups-2.jpeg', 'image', '1920', '1280', '651198', '2016-06-28 11:52:27', '2016-06-28 11:52:27', '2016-06-28 11:52:27', 'bf0f3124-85a3-4bee-b693-fe065c0b559a'),
 ('183', '2', '8', 'smartmockups-3_160627_115730.jpeg', 'image', '1920', '1275', '513241', '2016-06-28 11:52:28', '2016-06-28 11:52:28', '2016-06-28 11:52:28', 'f4d02f9f-697c-4ccf-aa5d-5f3ba9503781'),
 ('186', '2', '8', 'peoplefusion1.png', 'image', '3000', '1687', '35132', '2016-06-28 12:05:26', '2016-06-28 12:05:26', '2016-06-28 12:05:26', 'fee04f12-4da4-45fc-bae2-664855f052e0'),
 ('187', '2', '8', 'peoplefusion2.jpeg', 'image', '3000', '1687', '992966', '2016-06-28 12:05:27', '2016-06-28 12:05:27', '2016-06-28 12:05:27', 'cb72f22d-355f-44ff-9fc0-fccd41793d57'),
 ('188', '2', '8', 'peoplefusion3.jpeg', 'image', '3000', '1687', '841608', '2016-06-28 12:05:30', '2016-06-28 12:05:30', '2016-06-28 12:05:30', '00558015-5e7a-456a-9911-5f7139e62505'),
 ('189', '2', '8', 'applyignorance@1x.jpg', 'image', '2061', '1200', '401198', '2016-06-28 12:08:56', '2016-06-28 12:08:56', '2016-06-28 12:08:56', '79d8564e-70a6-432d-be41-9f3f729082d2'),
 ('190', '2', '8', 'badnoise@1x.jpg', 'image', '2061', '1200', '619946', '2016-06-28 12:08:58', '2016-06-28 12:08:59', '2016-06-28 12:08:59', '725b8457-a7a6-48d0-8b2e-145dd4c7fad2'),
 ('191', '2', '8', '16447561813_5c80ebe903_k.jpg', 'image', '2048', '1365', '692643', '2016-06-28 12:14:40', '2016-06-28 12:14:41', '2016-06-28 12:14:41', '7c7b9922-495f-4c83-accd-3a9744df859f'),
 ('192', '2', '8', '16860253427_11b1360e3e_k.jpg', 'image', '2048', '1152', '1424168', '2016-06-28 12:14:44', '2016-06-28 12:14:44', '2016-06-28 12:14:44', 'a9171992-641d-4107-9544-5ee00e8bd17f'),
 ('193', '2', '8', '16860303687_ae0d265e1d_k.jpg', 'image', '2048', '1365', '844141', '2016-06-28 12:14:47', '2016-06-28 12:14:47', '2016-06-28 12:14:47', 'e9775d32-e66e-44a6-800f-4c82452ab8a3'),
 ('195', '2', '8', 'photography@1x.jpg', 'image', '2061', '1200', '336438', '2016-06-28 12:17:16', '2016-06-28 12:17:16', '2016-06-28 12:17:16', '174207e9-001d-4353-bf0c-9cf0bc665670');



DROP TABLE IF EXISTS `craft_assetfolders`;


--
-- Schema for table `craft_assetfolders`
--
CREATE TABLE `craft_assetfolders` (
  `id` int(11) NOT NULL AUTO_INCREMENT,
  `parentId` int(11) DEFAULT NULL,
  `sourceId` int(11) DEFAULT NULL,
  `name` varchar(255) COLLATE utf8_unicode_ci NOT NULL,
  `path` varchar(255) COLLATE utf8_unicode_ci DEFAULT NULL,
  `dateCreated` datetime NOT NULL,
  `dateUpdated` datetime NOT NULL,
  `uid` char(36) COLLATE utf8_unicode_ci NOT NULL DEFAULT '0',
  PRIMARY KEY (`id`),
  UNIQUE KEY `craft_assetfolders_name_parentId_sourceId_unq_idx` (`name`,`parentId`,`sourceId`),
  KEY `craft_assetfolders_parentId_fk` (`parentId`),
  KEY `craft_assetfolders_sourceId_fk` (`sourceId`)
) ENGINE=InnoDB AUTO_INCREMENT=23 DEFAULT CHARSET=utf8 COLLATE=utf8_unicode_ci;

--
-- Data for table `craft_assetfolders`
--

INSERT INTO `craft_assetfolders` (`id`, `parentId`, `sourceId`, `name`, `path`, `dateCreated`, `dateUpdated`, `uid`) VALUES
 ('1', NULL, NULL, 'Temporary source', NULL, '2016-06-23 17:06:01', '2016-06-23 17:06:01', '58b90a06-c150-4591-a2d1-a267f9f45448'),
 ('2', '1', NULL, 'user_1', NULL, '2016-06-23 17:06:01', '2016-06-23 17:06:01', '8aaeb3df-e396-494a-a1c6-1f8ec8727eae'),
 ('3', '2', NULL, 'field_24', 'field_24/', '2016-06-23 17:06:01', '2016-06-23 17:06:01', 'f9c460d5-8d04-423e-9b82-a96f50830498'),
 ('4', '2', NULL, 'field_27', 'field_27/', '2016-06-24 09:58:27', '2016-06-24 09:58:27', 'e0edfcdf-0a3b-4f7c-92f4-0f2de56f2d75'),
 ('5', '1', NULL, 'assets', 'assets/', '2016-06-24 10:00:12', '2016-06-24 10:00:12', 'cfce3a0a-d730-42b5-9072-396b5a0e89bc'),
 ('6', '5', NULL, 'images', 'assets/images/', '2016-06-24 10:00:12', '2016-06-24 10:00:12', 'b6d82188-2ed0-436c-924a-5baea7e4e58a'),
 ('8', NULL, '2', 'Images', '', '2016-06-27 14:24:55', '2016-06-27 14:24:55', 'cde60f25-4b9e-49a7-a26a-ae4aee5fec49'),
 ('9', '8', '2', 'favicon', 'favicon/', '2016-06-27 14:26:02', '2016-06-27 14:26:02', 'aad67811-e890-47c0-9ef2-8ed494816a92'),
 ('11', '2', NULL, 'field_31', 'field_31/', '2016-06-28 09:37:42', '2016-06-28 09:37:42', 'd5394219-ddde-4b6a-991e-e64efc2656fc'),
 ('14', '2', NULL, 'field_30', 'field_30/', '2016-06-28 09:54:06', '2016-06-28 09:54:06', '082bead1-f1e3-42cc-907b-03ab317ac234'),
 ('15', '2', NULL, 'field_32', 'field_32/', '2016-06-28 09:54:06', '2016-06-28 09:54:06', '9fdf9efa-4033-42fa-a116-908535357d53'),
 ('16', '2', NULL, 'field_33', 'field_33/', '2016-06-28 09:54:06', '2016-06-28 09:54:06', '2096527d-4e8a-4b50-a8d0-6584b5527708');



DROP TABLE IF EXISTS `craft_assetindexdata`;


--
-- Schema for table `craft_assetindexdata`
--
CREATE TABLE `craft_assetindexdata` (
  `id` int(11) NOT NULL AUTO_INCREMENT,
  `sessionId` varchar(36) COLLATE utf8_unicode_ci NOT NULL DEFAULT '',
  `sourceId` int(10) NOT NULL,
  `offset` int(10) NOT NULL,
  `uri` varchar(255) COLLATE utf8_unicode_ci DEFAULT NULL,
  `size` varchar(255) COLLATE utf8_unicode_ci DEFAULT NULL,
  `recordId` int(10) DEFAULT NULL,
  `dateCreated` datetime NOT NULL,
  `dateUpdated` datetime NOT NULL,
  `uid` char(36) COLLATE utf8_unicode_ci NOT NULL DEFAULT '0',
  PRIMARY KEY (`id`),
  UNIQUE KEY `craft_assetindexdata_sessionId_sourceId_offset_unq_idx` (`sessionId`,`sourceId`,`offset`),
  KEY `craft_assetindexdata_sourceId_fk` (`sourceId`)
) ENGINE=InnoDB DEFAULT CHARSET=utf8 COLLATE=utf8_unicode_ci;

DROP TABLE IF EXISTS `craft_assetsources`;


--
-- Schema for table `craft_assetsources`
--
CREATE TABLE `craft_assetsources` (
  `id` int(11) NOT NULL AUTO_INCREMENT,
  `name` varchar(255) COLLATE utf8_unicode_ci NOT NULL,
  `handle` varchar(255) COLLATE utf8_unicode_ci NOT NULL,
  `type` varchar(150) COLLATE utf8_unicode_ci NOT NULL,
  `settings` text COLLATE utf8_unicode_ci,
  `sortOrder` smallint(6) unsigned DEFAULT NULL,
  `fieldLayoutId` int(10) DEFAULT NULL,
  `dateCreated` datetime NOT NULL,
  `dateUpdated` datetime NOT NULL,
  `uid` char(36) COLLATE utf8_unicode_ci NOT NULL DEFAULT '0',
  PRIMARY KEY (`id`),
  UNIQUE KEY `craft_assetsources_name_unq_idx` (`name`),
  UNIQUE KEY `craft_assetsources_handle_unq_idx` (`handle`),
  KEY `craft_assetsources_fieldLayoutId_fk` (`fieldLayoutId`)
) ENGINE=InnoDB AUTO_INCREMENT=4 DEFAULT CHARSET=utf8 COLLATE=utf8_unicode_ci;

--
-- Data for table `craft_assetsources`
--

INSERT INTO `craft_assetsources` (`id`, `name`, `handle`, `type`, `settings`, `sortOrder`, `fieldLayoutId`, `dateCreated`, `dateUpdated`, `uid`) VALUES
 ('2', 'Images', 'images', 'Local', '{\"path\":\"assets\\/images\\/\",\"publicURLs\":\"\",\"url\":\"http:\\/\\/dev.matt-gibbs.com\\/cpresources\\/tempassets\\/assets\\/images\\/\"}', '1', '40', '2016-06-27 14:24:55', '2016-06-27 14:36:55', '7f1ae7e7-7a79-422c-a760-b9df73765164');



DROP TABLE IF EXISTS `craft_assettransformindex`;


--
-- Schema for table `craft_assettransformindex`
--
CREATE TABLE `craft_assettransformindex` (
  `id` int(11) NOT NULL AUTO_INCREMENT,
  `fileId` int(11) NOT NULL,
  `filename` varchar(255) COLLATE utf8_unicode_ci DEFAULT NULL,
  `format` varchar(255) COLLATE utf8_unicode_ci DEFAULT NULL,
  `location` varchar(255) COLLATE utf8_unicode_ci NOT NULL,
  `sourceId` int(11) DEFAULT NULL,
  `fileExists` tinyint(1) DEFAULT NULL,
  `inProgress` tinyint(1) DEFAULT NULL,
  `dateIndexed` datetime DEFAULT NULL,
  `dateCreated` datetime NOT NULL,
  `dateUpdated` datetime NOT NULL,
  `uid` char(36) COLLATE utf8_unicode_ci NOT NULL DEFAULT '0',
  PRIMARY KEY (`id`),
  KEY `craft_assettransformindex_sourceId_fileId_location_idx` (`sourceId`,`fileId`,`location`)
) ENGINE=InnoDB DEFAULT CHARSET=utf8 COLLATE=utf8_unicode_ci;

DROP TABLE IF EXISTS `craft_assettransforms`;


--
-- Schema for table `craft_assettransforms`
--
CREATE TABLE `craft_assettransforms` (
  `id` int(11) NOT NULL AUTO_INCREMENT,
  `name` varchar(255) COLLATE utf8_unicode_ci NOT NULL,
  `handle` varchar(255) COLLATE utf8_unicode_ci NOT NULL,
  `mode` enum('stretch','fit','crop') COLLATE utf8_unicode_ci NOT NULL DEFAULT 'crop',
  `position` enum('top-left','top-center','top-right','center-left','center-center','center-right','bottom-left','bottom-center','bottom-right') COLLATE utf8_unicode_ci NOT NULL DEFAULT 'center-center',
  `height` int(10) DEFAULT NULL,
  `width` int(10) DEFAULT NULL,
  `format` varchar(255) COLLATE utf8_unicode_ci DEFAULT NULL,
  `quality` int(10) DEFAULT NULL,
  `dimensionChangeTime` datetime DEFAULT NULL,
  `dateCreated` datetime NOT NULL,
  `dateUpdated` datetime NOT NULL,
  `uid` char(36) COLLATE utf8_unicode_ci NOT NULL DEFAULT '0',
  PRIMARY KEY (`id`),
  UNIQUE KEY `craft_assettransforms_name_unq_idx` (`name`),
  UNIQUE KEY `craft_assettransforms_handle_unq_idx` (`handle`)
) ENGINE=InnoDB DEFAULT CHARSET=utf8 COLLATE=utf8_unicode_ci;

DROP TABLE IF EXISTS `craft_categories`;


--
-- Schema for table `craft_categories`
--
CREATE TABLE `craft_categories` (
  `id` int(11) NOT NULL,
  `groupId` int(11) NOT NULL,
  `dateCreated` datetime NOT NULL,
  `dateUpdated` datetime NOT NULL,
  `uid` char(36) COLLATE utf8_unicode_ci NOT NULL DEFAULT '0',
  PRIMARY KEY (`id`),
  KEY `craft_categories_groupId_fk` (`groupId`)
) ENGINE=InnoDB DEFAULT CHARSET=utf8 COLLATE=utf8_unicode_ci;

--
-- Data for table `craft_categories`
--

INSERT INTO `craft_categories` (`id`, `groupId`, `dateCreated`, `dateUpdated`, `uid`) VALUES
 ('10', '1', '2016-06-24 09:49:07', '2016-06-24 09:49:07', '115949d1-e1a6-4d7a-814e-94e11d720037'),
 ('11', '1', '2016-06-24 09:49:17', '2016-06-24 09:49:17', 'cb266ebf-c0e1-4bef-a0ad-ea8a356881b6'),
 ('12', '1', '2016-06-24 09:49:28', '2016-06-24 09:49:28', 'fe82e3c4-ed5f-4986-822b-d586a21801f7'),
 ('13', '1', '2016-06-24 09:49:40', '2016-06-24 09:49:40', '8d722d3e-9f5c-439e-a00a-07ed1acea976'),
 ('14', '1', '2016-06-24 09:49:53', '2016-06-24 09:49:53', '43faad7e-063b-44c0-bdc5-7508656e70f1'),
 ('15', '1', '2016-06-24 09:50:05', '2016-06-24 09:50:05', 'f0ab3948-764c-4331-883d-1288b501b06f'),
 ('16', '1', '2016-06-24 09:50:15', '2016-06-24 09:50:15', 'ff7a8c6d-24a9-4d0e-a7c4-2157a4b5e293'),
 ('34', '1', '2016-06-26 12:15:25', '2016-06-26 12:15:25', 'e7e3a3be-27e7-4801-ace2-aff07361bbbc'),
 ('36', '1', '2016-06-26 12:30:41', '2016-06-26 12:30:41', '194d1249-e142-4583-9aae-36a0c5b938d7'),
 ('43', '1', '2016-06-27 10:36:35', '2016-06-27 10:36:35', '725d7c05-a835-4210-9dea-b296aa6cb0fc'),
 ('44', '1', '2016-06-27 10:37:12', '2016-06-27 10:37:12', '673d76a1-ecb5-47b1-a866-0bd948f3638f'),
 ('50', '1', '2016-06-27 11:14:31', '2016-06-27 11:14:31', 'c96373cb-0a3f-4356-a504-265d91f231b2'),
 ('58', '1', '2016-06-27 12:08:14', '2016-06-27 12:08:14', 'af0978e2-bba3-40cd-a262-5b0e9dd9c02a'),
 ('59', '1', '2016-06-27 12:08:25', '2016-06-27 12:08:25', '39f3c603-133c-410f-b1e5-0eccc8cea38b'),
 ('60', '1', '2016-06-27 12:08:41', '2016-06-27 12:08:41', 'ee8255e8-4091-44fa-9008-dd182f3419e6');



DROP TABLE IF EXISTS `craft_categorygroups`;


--
-- Schema for table `craft_categorygroups`
--
CREATE TABLE `craft_categorygroups` (
  `id` int(11) NOT NULL AUTO_INCREMENT,
  `structureId` int(11) NOT NULL,
  `fieldLayoutId` int(11) DEFAULT NULL,
  `name` varchar(255) COLLATE utf8_unicode_ci NOT NULL,
  `handle` varchar(255) COLLATE utf8_unicode_ci NOT NULL,
  `hasUrls` tinyint(1) unsigned NOT NULL DEFAULT '1',
  `template` varchar(500) COLLATE utf8_unicode_ci DEFAULT NULL,
  `dateCreated` datetime NOT NULL,
  `dateUpdated` datetime NOT NULL,
  `uid` char(36) COLLATE utf8_unicode_ci NOT NULL DEFAULT '0',
  PRIMARY KEY (`id`),
  UNIQUE KEY `craft_categorygroups_name_unq_idx` (`name`),
  UNIQUE KEY `craft_categorygroups_handle_unq_idx` (`handle`),
  KEY `craft_categorygroups_structureId_fk` (`structureId`),
  KEY `craft_categorygroups_fieldLayoutId_fk` (`fieldLayoutId`)
) ENGINE=InnoDB AUTO_INCREMENT=2 DEFAULT CHARSET=utf8 COLLATE=utf8_unicode_ci;

--
-- Data for table `craft_categorygroups`
--

INSERT INTO `craft_categorygroups` (`id`, `structureId`, `fieldLayoutId`, `name`, `handle`, `hasUrls`, `template`, `dateCreated`, `dateUpdated`, `uid`) VALUES
 ('1', '2', '28', 'Services', 'services', '1', '', '2016-06-24 09:48:49', '2016-06-24 09:48:49', '0be98719-7d3a-4e19-9de8-633d4af6c775');



DROP TABLE IF EXISTS `craft_categorygroups_i18n`;


--
-- Schema for table `craft_categorygroups_i18n`
--
CREATE TABLE `craft_categorygroups_i18n` (
  `id` int(11) NOT NULL AUTO_INCREMENT,
  `groupId` int(11) NOT NULL,
  `locale` char(12) COLLATE utf8_unicode_ci NOT NULL,
  `urlFormat` text COLLATE utf8_unicode_ci,
  `nestedUrlFormat` text COLLATE utf8_unicode_ci,
  `dateCreated` datetime NOT NULL,
  `dateUpdated` datetime NOT NULL,
  `uid` char(36) COLLATE utf8_unicode_ci NOT NULL DEFAULT '0',
  PRIMARY KEY (`id`),
  UNIQUE KEY `craft_categorygroups_i18n_groupId_locale_unq_idx` (`groupId`,`locale`),
  KEY `craft_categorygroups_i18n_locale_fk` (`locale`)
) ENGINE=InnoDB AUTO_INCREMENT=2 DEFAULT CHARSET=utf8 COLLATE=utf8_unicode_ci;

--
-- Data for table `craft_categorygroups_i18n`
--

INSERT INTO `craft_categorygroups_i18n` (`id`, `groupId`, `locale`, `urlFormat`, `nestedUrlFormat`, `dateCreated`, `dateUpdated`, `uid`) VALUES
 ('1', '1', 'en', 'services/{slug}', NULL, '2016-06-24 09:48:49', '2016-06-24 09:48:49', '04fd3410-2a86-4a23-96fc-17ff9a5377fe');



DROP TABLE IF EXISTS `craft_content`;


--
-- Schema for table `craft_content`
--
CREATE TABLE `craft_content` (
  `id` int(11) NOT NULL AUTO_INCREMENT,
  `elementId` int(11) NOT NULL,
  `locale` char(12) COLLATE utf8_unicode_ci NOT NULL,
  `title` varchar(255) COLLATE utf8_unicode_ci DEFAULT NULL,
  `field_homeHeadline` varchar(105) COLLATE utf8_unicode_ci DEFAULT NULL,
  `field_mainHeading` varchar(40) COLLATE utf8_unicode_ci DEFAULT NULL,
  `field_subHeading` text COLLATE utf8_unicode_ci,
  `field_body` text COLLATE utf8_unicode_ci,
  `field_leftHeading1` varchar(20) COLLATE utf8_unicode_ci DEFAULT NULL,
  `field_leftContent1` text COLLATE utf8_unicode_ci,
  `field_leftHeading2` varchar(20) COLLATE utf8_unicode_ci DEFAULT NULL,
  `field_leftContent2` text COLLATE utf8_unicode_ci,
  `field_leftContent3` text COLLATE utf8_unicode_ci,
  `field_leftHeading3` varchar(20) COLLATE utf8_unicode_ci DEFAULT NULL,
  `field_phoneNumber` varchar(11) COLLATE utf8_unicode_ci DEFAULT NULL,
  `field_email` text COLLATE utf8_unicode_ci,
  `field_address` text COLLATE utf8_unicode_ci,
  `field_mapLocation` text COLLATE utf8_unicode_ci,
  `field_primaryColor` char(7) COLLATE utf8_unicode_ci DEFAULT NULL,
  `field_topSummary` text COLLATE utf8_unicode_ci,
  `field_bodyHeader` text COLLATE utf8_unicode_ci,
  `field_projectHeading1` varchar(20) COLLATE utf8_unicode_ci DEFAULT NULL,
  `field_projectHeading2` varchar(20) COLLATE utf8_unicode_ci DEFAULT NULL,
  `field_projectHeading3` varchar(20) COLLATE utf8_unicode_ci DEFAULT NULL,
  `field_projectHeading4` varchar(20) COLLATE utf8_unicode_ci DEFAULT NULL,
  `field_projectHeading5` varchar(20) COLLATE utf8_unicode_ci DEFAULT NULL,
  `field_projectHeading6` varchar(20) COLLATE utf8_unicode_ci DEFAULT NULL,
  `field_projectDesc1` text COLLATE utf8_unicode_ci,
  `field_projectDesc2` text COLLATE utf8_unicode_ci,
  `field_projectDesc3` text COLLATE utf8_unicode_ci,
  `field_projectDesc4` text COLLATE utf8_unicode_ci,
  `field_projectDesc5` text COLLATE utf8_unicode_ci,
  `field_projectDesc6` text COLLATE utf8_unicode_ci,
  `field_primaryColor1` char(7) COLLATE utf8_unicode_ci DEFAULT NULL,
  `field_primaryColor2` char(7) COLLATE utf8_unicode_ci DEFAULT NULL,
  `field_primaryColor3` char(7) COLLATE utf8_unicode_ci DEFAULT NULL,
  `field_primaryColor4` char(7) COLLATE utf8_unicode_ci DEFAULT NULL,
  `field_primaryColor5` char(7) COLLATE utf8_unicode_ci DEFAULT NULL,
  `field_primaryColor6` char(7) COLLATE utf8_unicode_ci DEFAULT NULL,
  `dateCreated` datetime NOT NULL,
  `dateUpdated` datetime NOT NULL,
  `uid` char(36) COLLATE utf8_unicode_ci NOT NULL DEFAULT '0',
  PRIMARY KEY (`id`),
  UNIQUE KEY `craft_content_elementId_locale_unq_idx` (`elementId`,`locale`),
  KEY `craft_content_title_idx` (`title`),
  KEY `craft_content_locale_fk` (`locale`)
) ENGINE=InnoDB AUTO_INCREMENT=193 DEFAULT CHARSET=utf8 COLLATE=utf8_unicode_ci;

--
-- Data for table `craft_content`
--

INSERT INTO `craft_content` (`id`, `elementId`, `locale`, `title`, `field_homeHeadline`, `field_mainHeading`, `field_subHeading`, `field_body`, `field_leftHeading1`, `field_leftContent1`, `field_leftHeading2`, `field_leftContent2`, `field_leftContent3`, `field_leftHeading3`, `field_phoneNumber`, `field_email`, `field_address`, `field_mapLocation`, `field_primaryColor`, `field_topSummary`, `field_bodyHeader`, `field_projectHeading1`, `field_projectHeading2`, `field_projectHeading3`, `field_projectHeading4`, `field_projectHeading5`, `field_projectHeading6`, `field_projectDesc1`, `field_projectDesc2`, `field_projectDesc3`, `field_projectDesc4`, `field_projectDesc5`, `field_projectDesc6`, `field_primaryColor1`, `field_primaryColor2`, `field_primaryColor3`, `field_primaryColor4`, `field_primaryColor5`, `field_primaryColor6`, `dateCreated`, `dateUpdated`, `uid`) VALUES
 ('1', '1', 'en', NULL, NULL, NULL, NULL, NULL, NULL, NULL, NULL, NULL, NULL, NULL, NULL, NULL, NULL, NULL, NULL, NULL, NULL, NULL, NULL, NULL, NULL, NULL, NULL, NULL, NULL, NULL, NULL, NULL, NULL, NULL, NULL, NULL, NULL, NULL, NULL, '2016-06-16 12:25:29', '2016-06-16 16:48:25', '578284d1-950e-4732-85f2-b38f7ceb9391'),
 ('2', '2', 'en', 'Portfolio - MG', 'I’m a digital product designer & student at brunel university. I make beautiful things that work.', NULL, NULL, NULL, NULL, NULL, NULL, NULL, NULL, NULL, NULL, NULL, NULL, NULL, NULL, NULL, NULL, 'Cadenza', 'Ambio', 'Cosmos', 'Badnoise', 'Photography', 'Apply Ignorance', 'app design', 'product development', 'branding', 'web app build', 'my portfolio', 'website build', '#df006a', '#00c3f2', '#d5d5d5', '#76fbf6', '#000000', '#00b3ff', '2016-06-16 12:25:31', '2016-06-29 11:21:46', 'adac0ffa-420a-41db-9952-b7c7003fa6ec'),
 ('4', '4', 'en', 'About', NULL, 'About Me', 'I\'ve done many things - some of them uninteresting - most of them legendary.', '<p>This was completed as an assignment for my Design for Mobile module at university. The brief was very open – create an app for a smartphone. I have an iPhone so I decided to design for what I knew, and what I could test myself.</p>\n\n<p>The idea of the app is now something I am pursuing in the real world – I am starting to learn to code in Swift, and have acquired the social media accounts. I intend to develop the app, and market it myself over the coming year. What you see here was created and exported entirely from Sketch – then entered into InVision to create the working prototype at the bottom of the page.</p>\n\n\n\n\n\n\n\n\n\n<p>Put simply, the app helps musicians to acquire business, and people who need talented artists to find them. The app allows people to post jobs, and post pay details, or expenses. They also include the skills they require, and what level they need them to be. The musician has a profile which includes all of this information.</p>', 'Current Employer', '<p><a href=\"http://www.inktrap.co.uk\" target=\"_blank\">Inktrap</a></p>', 'Education', '2nd Year Digital Design BSc @ Brunel University', 'Sketch, Invision, UI, UX, Adobe Suite, HTML, CSS, jQuery, PHP SQL, Web Design, Photography', 'Skills', NULL, NULL, NULL, NULL, NULL, NULL, NULL, NULL, NULL, NULL, NULL, NULL, NULL, NULL, NULL, NULL, NULL, NULL, NULL, NULL, NULL, NULL, NULL, NULL, NULL, '2016-06-16 16:36:08', '2016-06-23 16:47:30', 'ec4ee2b9-0aeb-4556-9ec5-163388f7fdd4'),
 ('5', '5', 'en', 'Contact', NULL, 'Like what you see? Maybe we should talk.', 'I am currently working as a Digital Product Designer for a fabulous little agency called Inktrap so am not accepting new freelance clients. However - if you have something cool to talk about I\'m always interested...', NULL, NULL, NULL, NULL, NULL, NULL, NULL, '07778811215', 'me@matt-gibbs.com', 'Aldgate Tower <br>\r\nWhitechapel High Street<br>\r\nLondon <br>\r\nE1 7PU', '{lat: 51.5148623, lng: -0.07222109999997883}', NULL, NULL, NULL, NULL, NULL, NULL, NULL, NULL, NULL, NULL, NULL, NULL, NULL, NULL, NULL, NULL, NULL, NULL, NULL, NULL, NULL, '2016-06-16 16:36:26', '2016-06-23 17:19:54', '0d6c6fc9-d3b0-4ca5-94d3-7c7637e196d8'),
 ('6', '9', 'en', 'Cadenza', NULL, 'Cadenza', 'An application and Invision protoype connecting musicians to their next gigs.', '<p>This was completed as an assignment for my Design for Mobile module at university. The brief was very open – create an app for a smartphone. I have an iPhone so I decided to design for what I knew, and what I could test myself.</p>\n\n<p>The idea of the app is now something I am pursuing in the real world – I am starting to learn to code in Swift, and have acquired the social media accounts. I intend to develop the app, and market it myself over the coming year. What you see here was created and exported entirely from Sketch – then entered into InVision to create the working prototype at the bottom of the page.</p>\n\n\n\n\n\n\n\n\n\n\n\n\n\n\n\n\n\n\n\n\n\n\n\n\n\n\n\n<p>Put simply, the app helps musicians to acquire business, and people who need talented artists to find them. The app allows people to post jobs, and post pay details, or expenses. They also include the skills they require, and what level they need them to be. The musician has a profile which includes all of this information.</p><p><a href=\"https://invis.io/UY4UBYP32\" target=\"_blank\">To play with the prototype of the app, go here.</a></p>', 'Module', '<p>Mobile Application Design</p>', 'Grade Received', 'A', 'Sketch, Invision, UI, UX', 'Skills Required ', NULL, NULL, NULL, NULL, '#df006a', 'An application and Invision protoype connecting musicians to their next gigs.', 'A job listing application for musicians to find work, and employers to find temporary or long term musical partners.', NULL, NULL, NULL, NULL, NULL, NULL, NULL, NULL, NULL, NULL, NULL, NULL, NULL, NULL, NULL, NULL, NULL, NULL, '2016-06-23 17:34:48', '2016-06-29 11:13:53', '8a84042d-b33f-4445-875e-09371925d9c3'),
 ('7', '10', 'en', 'UI Design', NULL, NULL, NULL, NULL, NULL, NULL, NULL, NULL, NULL, NULL, NULL, NULL, NULL, NULL, NULL, NULL, NULL, NULL, NULL, NULL, NULL, NULL, NULL, NULL, NULL, NULL, NULL, NULL, NULL, NULL, NULL, NULL, NULL, NULL, NULL, '2016-06-24 09:49:07', '2016-06-24 09:49:07', '41459c2c-0afb-4461-82a1-ff2d69517cf2'),
 ('8', '11', 'en', 'UX Design', NULL, NULL, NULL, NULL, NULL, NULL, NULL, NULL, NULL, NULL, NULL, NULL, NULL, NULL, NULL, NULL, NULL, NULL, NULL, NULL, NULL, NULL, NULL, NULL, NULL, NULL, NULL, NULL, NULL, NULL, NULL, NULL, NULL, NULL, NULL, '2016-06-24 09:49:17', '2016-06-24 09:49:17', 'd8ad30ce-9517-468b-af6e-f454967b6993'),
 ('9', '12', 'en', 'Sketch Design', NULL, NULL, NULL, NULL, NULL, NULL, NULL, NULL, NULL, NULL, NULL, NULL, NULL, NULL, NULL, NULL, NULL, NULL, NULL, NULL, NULL, NULL, NULL, NULL, NULL, NULL, NULL, NULL, NULL, NULL, NULL, NULL, NULL, NULL, NULL, '2016-06-24 09:49:28', '2016-06-24 09:49:28', 'edf3d811-c9a7-4dca-94f4-632201175217'),
 ('10', '13', 'en', 'Invision Prototyping', NULL, NULL, NULL, NULL, NULL, NULL, NULL, NULL, NULL, NULL, NULL, NULL, NULL, NULL, NULL, NULL, NULL, NULL, NULL, NULL, NULL, NULL, NULL, NULL, NULL, NULL, NULL, NULL, NULL, NULL, NULL, NULL, NULL, NULL, NULL, '2016-06-24 09:49:40', '2016-06-24 09:49:40', '846f3b70-c793-4873-ac3a-e803ead9589f'),
 ('11', '14', 'en', 'UI/UX Design', NULL, NULL, NULL, NULL, NULL, NULL, NULL, NULL, NULL, NULL, NULL, NULL, NULL, NULL, NULL, NULL, NULL, NULL, NULL, NULL, NULL, NULL, NULL, NULL, NULL, NULL, NULL, NULL, NULL, NULL, NULL, NULL, NULL, NULL, NULL, '2016-06-24 09:49:53', '2016-06-24 09:49:53', 'b696e11d-795a-4a6f-8a0e-73ada687cd2b'),
 ('12', '15', 'en', 'Branding', NULL, NULL, NULL, NULL, NULL, NULL, NULL, NULL, NULL, NULL, NULL, NULL, NULL, NULL, NULL, NULL, NULL, NULL, NULL, NULL, NULL, NULL, NULL, NULL, NULL, NULL, NULL, NULL, NULL, NULL, NULL, NULL, NULL, NULL, NULL, '2016-06-24 09:50:05', '2016-06-24 09:50:05', 'fbc4f733-ad52-4584-aa25-a3a9bb330824'),
 ('13', '16', 'en', 'Illustration', NULL, NULL, NULL, NULL, NULL, NULL, NULL, NULL, NULL, NULL, NULL, NULL, NULL, NULL, NULL, NULL, NULL, NULL, NULL, NULL, NULL, NULL, NULL, NULL, NULL, NULL, NULL, NULL, NULL, NULL, NULL, NULL, NULL, NULL, NULL, '2016-06-24 09:50:15', '2016-06-24 09:50:15', '35e62ad4-0985-4321-bd5a-b7b280d7e9df'),
 ('15', '18', 'en', 'Cadenza Big', NULL, NULL, NULL, NULL, NULL, NULL, NULL, NULL, NULL, NULL, NULL, NULL, NULL, NULL, NULL, NULL, NULL, NULL, NULL, NULL, NULL, NULL, NULL, NULL, NULL, NULL, NULL, NULL, NULL, NULL, NULL, NULL, NULL, NULL, NULL, '2016-06-24 11:14:42', '2016-06-24 11:14:42', '19ea53ff-a162-405c-8c4f-e664575e639d'),
 ('16', '19', 'en', 'Cad 3', NULL, NULL, NULL, NULL, NULL, NULL, NULL, NULL, NULL, NULL, NULL, NULL, NULL, NULL, NULL, NULL, NULL, NULL, NULL, NULL, NULL, NULL, NULL, NULL, NULL, NULL, NULL, NULL, NULL, NULL, NULL, NULL, NULL, NULL, NULL, '2016-06-24 11:17:03', '2016-06-24 11:17:03', '3b6f0daf-dcef-4374-8063-4296a3f1863c'),
 ('17', '20', 'en', 'Cad 2', NULL, NULL, NULL, NULL, NULL, NULL, NULL, NULL, NULL, NULL, NULL, NULL, NULL, NULL, NULL, NULL, NULL, NULL, NULL, NULL, NULL, NULL, NULL, NULL, NULL, NULL, NULL, NULL, NULL, NULL, NULL, NULL, NULL, NULL, NULL, '2016-06-24 11:17:22', '2016-06-24 11:17:22', '454f70ef-40f9-4a9e-bb76-2ac812855539'),
 ('18', '21', 'en', 'Cad 1', NULL, NULL, NULL, NULL, NULL, NULL, NULL, NULL, NULL, NULL, NULL, NULL, NULL, NULL, NULL, NULL, NULL, NULL, NULL, NULL, NULL, NULL, NULL, NULL, NULL, NULL, NULL, NULL, NULL, NULL, NULL, NULL, NULL, NULL, NULL, '2016-06-24 11:17:38', '2016-06-24 11:17:38', 'b33569ea-ed8b-489e-b8ce-203b15d9d615'),
 ('19', '22', 'en', 'Cadenza Big@1X', NULL, NULL, NULL, NULL, NULL, NULL, NULL, NULL, NULL, NULL, NULL, NULL, NULL, NULL, NULL, NULL, NULL, NULL, NULL, NULL, NULL, NULL, NULL, NULL, NULL, NULL, NULL, NULL, NULL, NULL, NULL, NULL, NULL, NULL, NULL, '2016-06-24 11:27:03', '2016-06-24 11:27:03', 'e3c8e9cc-0920-400c-89ec-3d648a9c7899'),
 ('20', '23', 'en', 'Project2', NULL, NULL, NULL, NULL, NULL, NULL, NULL, NULL, NULL, NULL, NULL, NULL, NULL, NULL, NULL, NULL, NULL, NULL, NULL, NULL, NULL, NULL, NULL, NULL, NULL, NULL, NULL, NULL, NULL, NULL, NULL, NULL, NULL, NULL, NULL, '2016-06-24 12:28:02', '2016-06-28 10:31:47', 'f1c2fd90-cdd8-4c1b-b01f-68bfba50683e'),
 ('21', '24', 'en', 'Project3', NULL, NULL, NULL, NULL, NULL, NULL, NULL, NULL, NULL, NULL, NULL, NULL, NULL, NULL, NULL, NULL, NULL, NULL, NULL, NULL, NULL, NULL, NULL, NULL, NULL, NULL, NULL, NULL, NULL, NULL, NULL, NULL, NULL, NULL, NULL, '2016-06-24 12:29:05', '2016-06-24 12:29:05', '8c6e638b-a77c-454d-a674-7769fddce744'),
 ('22', '25', 'en', 'Project4', NULL, NULL, NULL, NULL, NULL, NULL, NULL, NULL, NULL, NULL, NULL, NULL, NULL, NULL, NULL, NULL, NULL, NULL, NULL, NULL, NULL, NULL, NULL, NULL, NULL, NULL, NULL, NULL, NULL, NULL, NULL, NULL, NULL, NULL, NULL, '2016-06-24 12:29:44', '2016-06-24 12:29:44', 'f1c66ac3-b3f8-45f2-9eaa-f5f6eef0f0b3'),
 ('23', '26', 'en', 'Project5', NULL, NULL, NULL, NULL, NULL, NULL, NULL, NULL, NULL, NULL, NULL, NULL, NULL, NULL, NULL, NULL, NULL, NULL, NULL, NULL, NULL, NULL, NULL, NULL, NULL, NULL, NULL, NULL, NULL, NULL, NULL, NULL, NULL, NULL, NULL, '2016-06-24 12:30:31', '2016-06-24 12:30:31', 'cf4d84a9-91b4-4345-b1e3-d0944b57f474'),
 ('24', '27', 'en', 'Project6', NULL, NULL, NULL, NULL, NULL, NULL, NULL, NULL, NULL, NULL, NULL, NULL, NULL, NULL, NULL, NULL, NULL, NULL, NULL, NULL, NULL, NULL, NULL, NULL, NULL, NULL, NULL, NULL, NULL, NULL, NULL, NULL, NULL, NULL, NULL, '2016-06-24 12:31:04', '2016-06-24 12:31:04', '0e7963e2-b5f9-40c9-b0ff-ea63cd175733'),
 ('27', '30', 'en', 'Ambio', NULL, 'Ambio', 'Exploiting a emerging digital technology to create a new digital product.', '<p>Ambient Intelligence (sometimes referred to as ubiquitous computing) is a technology which does not, currently, exist anywhere it a perfect form. It is not, therefore, a single piece of hardware, or software. It does not come in a box marked ‘ambient intelligence’ with instructions to simply plug in and connect to wifi. It is more esoteric than that. It pertains to an integration between users and technology.<br /></p>\n\n<p>Ambio is a product which couples an implantable chip, consisting of\na uniquely identifiable RFID tag, and small, transmitting biosensors\nwhich monitor vital signs of a user. This chip is coupled with the\nambio app, which uses this data to make the user’s smarthome\nenvironment ambiently intelligent. </p>\n\n\n\n\n\n\n\n\n\n<p>The app communicates with the user’s house, car, and other appliances, including their online\naccounts proactively, reducing the need for a user constantly\ninteract with technology. The implantable RFID tag can also be used\nfor storing vital medical information, unlocking a house and car, and\ntracking and identifying a user within their smarthome. </p>', 'Module', '<p>EE2614 - Experimental Digital Futures</p>', 'Grade', 'A-', 'Detailed Research and Citation, Sketch, UI, UX, Branding', 'Skills Required', NULL, NULL, NULL, NULL, '#00c3f2', 'Exploiting a emerging digital technology to create a new digital product.', 'Selecting Ambient Intelligence as my emerging technology, I had to research the technology, then create a new digital product, design, brand, and justify it in theory.', NULL, NULL, NULL, NULL, NULL, NULL, NULL, NULL, NULL, NULL, NULL, NULL, NULL, NULL, NULL, NULL, NULL, NULL, '2016-06-25 17:33:29', '2016-06-28 11:39:01', '13a8e55a-e2d2-44d2-8880-cd2c0c8e5e10'),
 ('28', '31', 'en', 'Smartmockups 3', NULL, NULL, NULL, NULL, NULL, NULL, NULL, NULL, NULL, NULL, NULL, NULL, NULL, NULL, NULL, NULL, NULL, NULL, NULL, NULL, NULL, NULL, NULL, NULL, NULL, NULL, NULL, NULL, NULL, NULL, NULL, NULL, NULL, NULL, NULL, '2016-06-25 18:01:24', '2016-06-25 18:01:24', '769162bf-4638-422f-9530-649c226c126f'),
 ('29', '32', 'en', 'Smartmockups Copy', NULL, NULL, NULL, NULL, NULL, NULL, NULL, NULL, NULL, NULL, NULL, NULL, NULL, NULL, NULL, NULL, NULL, NULL, NULL, NULL, NULL, NULL, NULL, NULL, NULL, NULL, NULL, NULL, NULL, NULL, NULL, NULL, NULL, NULL, NULL, '2016-06-25 18:01:50', '2016-06-25 18:01:50', '129ab3d0-4aeb-4d10-93bb-21602946a098'),
 ('30', '33', 'en', 'Smartmockups Copy 3', NULL, NULL, NULL, NULL, NULL, NULL, NULL, NULL, NULL, NULL, NULL, NULL, NULL, NULL, NULL, NULL, NULL, NULL, NULL, NULL, NULL, NULL, NULL, NULL, NULL, NULL, NULL, NULL, NULL, NULL, NULL, NULL, NULL, NULL, NULL, '2016-06-25 18:02:23', '2016-06-25 18:02:23', 'b65f1274-1187-4e20-a350-df65587bff73'),
 ('31', '34', 'en', 'Research and Development', NULL, NULL, NULL, NULL, NULL, NULL, NULL, NULL, NULL, NULL, NULL, NULL, NULL, NULL, NULL, NULL, NULL, NULL, NULL, NULL, NULL, NULL, NULL, NULL, NULL, NULL, NULL, NULL, NULL, NULL, NULL, NULL, NULL, NULL, NULL, '2016-06-26 12:15:25', '2016-06-26 12:15:25', 'd73874be-ea1e-402f-97c2-a87348ab4f02'),
 ('32', '35', 'en', 'Implant Xray', NULL, NULL, NULL, NULL, NULL, NULL, NULL, NULL, NULL, NULL, NULL, NULL, NULL, NULL, NULL, NULL, NULL, NULL, NULL, NULL, NULL, NULL, NULL, NULL, NULL, NULL, NULL, NULL, NULL, NULL, NULL, NULL, NULL, NULL, NULL, '2016-06-26 12:23:06', '2016-06-28 10:31:33', '578ad7c7-6dc4-44f7-bdcb-c438474d5e59'),
 ('33', '36', 'en', 'InDesign Documentation', NULL, NULL, NULL, NULL, NULL, NULL, NULL, NULL, NULL, NULL, NULL, NULL, NULL, NULL, NULL, NULL, NULL, NULL, NULL, NULL, NULL, NULL, NULL, NULL, NULL, NULL, NULL, NULL, NULL, NULL, NULL, NULL, NULL, NULL, NULL, '2016-06-26 12:30:41', '2016-06-26 12:30:41', '9edb3e58-f787-4d92-81d1-5927fbcad740'),
 ('34', '37', 'en', 'Cosmos@1X', NULL, NULL, NULL, NULL, NULL, NULL, NULL, NULL, NULL, NULL, NULL, NULL, NULL, NULL, NULL, NULL, NULL, NULL, NULL, NULL, NULL, NULL, NULL, NULL, NULL, NULL, NULL, NULL, NULL, NULL, NULL, NULL, NULL, NULL, NULL, '2016-06-26 12:34:17', '2016-06-26 12:34:17', 'ff67c400-d3c1-47af-a71d-c9bdfe11f22e'),
 ('35', '38', 'en', 'Cosmos', NULL, 'Cosmos', 'Branding exercise for a new, premium fuel retailer, set as a challenge by the agency ELSE.', '<p>Cosmos brand mission is to provide quality fuel with personality.\nWhether the fuel is electricity, hydrogen, or good old fashioned\npetrol, you’ll be part of the Cosmos experience.</p>\n\n<p>Cosmos is bringing the future of fuel delivery, both in what we\nprovide, and how we do it - we stretch what is possible. We value\nout of this world service above all else, and people are what make us\ngreat. We are the only fuel company to offer a personal fuel delivery\nservice, and to make you feel at home while we do it .</p>\n\n\n\n\n\n\n\n<p><strong>A Cosmos Experience</strong></p>\n\n\n\n\n\n\n\n<p>Bong. Low Fuel. You use handsfree to get Siri to find you the nearest Cosmos, she does this using the app on your phone, and sets the\nnavigiation accordingly. You pull onto the forecourt - currently all of the manned pumps are taken, with motorists in their car relaxing with a\nfree coffee whilst their fuel is pumped. You drive to the self service pump. As you drive up, the ANPR cameras recognise your car - ‘Welcome\nChristopher’ is displayed. </p>\n\n\n\n\n\n\n\n<p>As you always fill up with Petrol, this option is preselected in the one pump system, but you confirm the choice,\nand start to fill up. The meter ticks over onto £25, and you touch Finish and Pay. 3 options are displayed; Card, Cash, and Cosmos Pay. You\nchoose the latter, and the payment process is confirmed. The pump has communicated with your account with Cosmos to get the payment,\nand has credited you with the appropriate loyalty coupons. Next time you come you’ll get a free coffee and 5p o  per litre - Bonus. </p>\n\n\n\n\n\n\n\n<p>\nAs you get into your car and drive away, a push notification pops up on your phone “Thank you for refuelling with Cosmos, see you in the\nfuture...”. </p>', 'Module', '<p>Design Practice</p>', 'Grade Received ', 'B+', 'Branding, Sketch Design, InDesign Documentation, Presentation', 'Skills Required', NULL, NULL, NULL, NULL, '#d4d4d4', 'Branding exercise for a new, premium fuel retailer, set as a challenge by the agency ELSE.', 'As part of my second year Design Practice module, ELSE set an industry brief to design and brand a new premium fuel retailer.', NULL, NULL, NULL, NULL, NULL, NULL, NULL, NULL, NULL, NULL, NULL, NULL, NULL, NULL, NULL, NULL, NULL, NULL, '2016-06-26 12:34:51', '2016-06-28 11:45:32', '9d9a4f00-46f8-4a57-ad6c-d5659a98d12c'),
 ('36', '39', 'en', 'Station Mockup', NULL, NULL, NULL, NULL, NULL, NULL, NULL, NULL, NULL, NULL, NULL, NULL, NULL, NULL, NULL, NULL, NULL, NULL, NULL, NULL, NULL, NULL, NULL, NULL, NULL, NULL, NULL, NULL, NULL, NULL, NULL, NULL, NULL, NULL, NULL, '2016-06-26 12:41:50', '2016-06-26 12:41:50', '8174b953-50b9-4e78-85d2-2602c30f98d7'),
 ('37', '40', 'en', 'Anim Pump', NULL, NULL, NULL, NULL, NULL, NULL, NULL, NULL, NULL, NULL, NULL, NULL, NULL, NULL, NULL, NULL, NULL, NULL, NULL, NULL, NULL, NULL, NULL, NULL, NULL, NULL, NULL, NULL, NULL, NULL, NULL, NULL, NULL, NULL, NULL, '2016-06-26 12:43:05', '2016-06-26 12:43:05', '3a13936d-1006-4e81-9e36-59fa4d89dee3'),
 ('38', '41', 'en', 'Cosmos Identity', NULL, NULL, NULL, NULL, NULL, NULL, NULL, NULL, NULL, NULL, NULL, NULL, NULL, NULL, NULL, NULL, NULL, NULL, NULL, NULL, NULL, NULL, NULL, NULL, NULL, NULL, NULL, NULL, NULL, NULL, NULL, NULL, NULL, NULL, NULL, '2016-06-26 12:44:25', '2016-06-26 12:44:25', 'a3a9e78c-58a1-4d12-b880-3f78466ac210'),
 ('39', '42', 'en', 'Pump Bg', NULL, NULL, NULL, NULL, NULL, NULL, NULL, NULL, NULL, NULL, NULL, NULL, NULL, NULL, NULL, NULL, NULL, NULL, NULL, NULL, NULL, NULL, NULL, NULL, NULL, NULL, NULL, NULL, NULL, NULL, NULL, NULL, NULL, NULL, NULL, '2016-06-26 12:46:49', '2016-06-26 12:46:49', '9245fa48-a172-4b73-b0be-5607144f6209'),
 ('40', '43', 'en', 'Responsive Web Design', NULL, NULL, NULL, NULL, NULL, NULL, NULL, NULL, NULL, NULL, NULL, NULL, NULL, NULL, NULL, NULL, NULL, NULL, NULL, NULL, NULL, NULL, NULL, NULL, NULL, NULL, NULL, NULL, NULL, NULL, NULL, NULL, NULL, NULL, NULL, '2016-06-27 10:36:35', '2016-06-27 10:36:35', '5cd884d1-01ba-4be0-955b-995ad9a4fc92'),
 ('41', '44', 'en', 'SQL Databases', NULL, NULL, NULL, NULL, NULL, NULL, NULL, NULL, NULL, NULL, NULL, NULL, NULL, NULL, NULL, NULL, NULL, NULL, NULL, NULL, NULL, NULL, NULL, NULL, NULL, NULL, NULL, NULL, NULL, NULL, NULL, NULL, NULL, NULL, NULL, '2016-06-27 10:37:12', '2016-06-27 10:37:12', '9c7d5e28-e6e3-475e-b8fb-61f6b973f5f6'),
 ('42', '45', 'en', 'Badnoise@1X', NULL, NULL, NULL, NULL, NULL, NULL, NULL, NULL, NULL, NULL, NULL, NULL, NULL, NULL, NULL, NULL, NULL, NULL, NULL, NULL, NULL, NULL, NULL, NULL, NULL, NULL, NULL, NULL, NULL, NULL, NULL, NULL, NULL, NULL, NULL, '2016-06-27 10:38:14', '2016-06-27 10:38:14', '45402239-d4f7-492c-843c-7dea6ce1e6cc'),
 ('43', '46', 'en', 'Smartmockups 1', NULL, NULL, NULL, NULL, NULL, NULL, NULL, NULL, NULL, NULL, NULL, NULL, NULL, NULL, NULL, NULL, NULL, NULL, NULL, NULL, NULL, NULL, NULL, NULL, NULL, NULL, NULL, NULL, NULL, NULL, NULL, NULL, NULL, NULL, NULL, '2016-06-27 10:55:11', '2016-06-27 10:55:11', '2a6663cc-76b3-41bf-a55f-73ba4ef3bdfd'),
 ('44', '47', 'en', 'Badnoise', NULL, 'Badnoise', 'A music streaming web application based around an SQL database.', '<p>The brief for this project was to create a music streaming service, which had Login/Logout features, two tiers of users, each of whom would have access to different features, a file upload facility, as well as the ability to add and remove artists, and songs. </p>\n\n<p>The process I went through to create Badnoise was relatively straightforward. Firstly, I created designs in Sketch, which helped me visualise the layout of the application, and all of its various features. After this, I created a responsive HTML and CSS site. I tested this along with all the relevant jQuery interactive features across all screen sizes I could, using the browser viewport, and other devices which had touchscreens.</p>\n\n\n\n\n\n\n\n\n\n\n\n<p>Finally came time to set up the SQL database and create the interaction between the application and the database. We were provided a database creation script, which only had to run on localhost. Using PHP scripts initiated by jQuery requests, I returned JSON arrays which were received and echoed to the browser.</p>', 'Modules', '<p>Mobile Web Application Project &amp; Server-side Web Development</p>', 'Grade Received', 'TBC', 'UI, UX, mySQL, HTML, CSS, jQuery, JSON, Ajax, PHP', 'Skills Required', NULL, NULL, NULL, NULL, '#76fbf6', 'A music streaming web application based around an SQL database.', 'Badnoise is a music streaming platform developed for my Mobile Web Application module at Brunel.', NULL, NULL, NULL, NULL, NULL, NULL, NULL, NULL, NULL, NULL, NULL, NULL, NULL, NULL, NULL, NULL, NULL, NULL, '2016-06-27 10:55:24', '2016-06-28 12:09:47', '6be0fa18-c644-4312-a4ab-dc2049db4bbc'),
 ('45', '48', 'en', 'Smartmockups 3', NULL, NULL, NULL, NULL, NULL, NULL, NULL, NULL, NULL, NULL, NULL, NULL, NULL, NULL, NULL, NULL, NULL, NULL, NULL, NULL, NULL, NULL, NULL, NULL, NULL, NULL, NULL, NULL, NULL, NULL, NULL, NULL, NULL, NULL, NULL, '2016-06-27 10:57:31', '2016-06-27 10:57:31', '471d256d-66cd-4ba0-954f-5e5ecc085a06'),
 ('46', '49', 'en', 'Smartmockups 2', NULL, NULL, NULL, NULL, NULL, NULL, NULL, NULL, NULL, NULL, NULL, NULL, NULL, NULL, NULL, NULL, NULL, NULL, NULL, NULL, NULL, NULL, NULL, NULL, NULL, NULL, NULL, NULL, NULL, NULL, NULL, NULL, NULL, NULL, NULL, '2016-06-27 10:58:54', '2016-06-27 10:58:54', 'aa1f59c1-7aaf-4128-bfb8-45e38997b03c'),
 ('47', '50', 'en', 'Adobe Muse', NULL, NULL, NULL, NULL, NULL, NULL, NULL, NULL, NULL, NULL, NULL, NULL, NULL, NULL, NULL, NULL, NULL, NULL, NULL, NULL, NULL, NULL, NULL, NULL, NULL, NULL, NULL, NULL, NULL, NULL, NULL, NULL, NULL, NULL, NULL, '2016-06-27 11:14:31', '2016-06-27 11:14:31', 'c64c5c0c-7b51-4888-a495-48096629083b'),
 ('48', '51', 'en', 'Applyignorance@1X', NULL, NULL, NULL, NULL, NULL, NULL, NULL, NULL, NULL, NULL, NULL, NULL, NULL, NULL, NULL, NULL, NULL, NULL, NULL, NULL, NULL, NULL, NULL, NULL, NULL, NULL, NULL, NULL, NULL, NULL, NULL, NULL, NULL, NULL, NULL, '2016-06-27 11:17:50', '2016-06-27 11:17:50', '94c344ee-e081-4a54-83e1-f0f3c0c878c4'),
 ('49', '52', 'en', 'Peoplefusion1', NULL, NULL, NULL, NULL, NULL, NULL, NULL, NULL, NULL, NULL, NULL, NULL, NULL, NULL, NULL, NULL, NULL, NULL, NULL, NULL, NULL, NULL, NULL, NULL, NULL, NULL, NULL, NULL, NULL, NULL, NULL, NULL, NULL, NULL, NULL, '2016-06-27 11:23:24', '2016-06-27 11:23:24', 'e017f10b-b86e-48d0-9af2-edaec1a1e998'),
 ('50', '53', 'en', 'Peoplefusion2', NULL, NULL, NULL, NULL, NULL, NULL, NULL, NULL, NULL, NULL, NULL, NULL, NULL, NULL, NULL, NULL, NULL, NULL, NULL, NULL, NULL, NULL, NULL, NULL, NULL, NULL, NULL, NULL, NULL, NULL, NULL, NULL, NULL, NULL, NULL, '2016-06-27 11:23:38', '2016-06-27 11:33:56', 'e3f1a8e4-d8dc-4f7b-891a-4c80590feaa7'),
 ('51', '54', 'en', 'Peoplefusion3', NULL, NULL, NULL, NULL, NULL, NULL, NULL, NULL, NULL, NULL, NULL, NULL, NULL, NULL, NULL, NULL, NULL, NULL, NULL, NULL, NULL, NULL, NULL, NULL, NULL, NULL, NULL, NULL, NULL, NULL, NULL, NULL, NULL, NULL, NULL, '2016-06-27 11:23:45', '2016-06-27 11:33:57', '19466841-30b7-4d44-ad52-41c3ed7ee898'),
 ('52', '55', 'en', 'Apply Ignorance', NULL, 'Apply Ignorance', 'Animated scrolling storytelling, based around an esoteric link.', '<p>This project was rather odd. Essentially we were given two random famous people from history, and asked to find a link between them. From this link, we would make an \'artefact\'. This artefact could be anything we could reasonably create ourselves, so long as it portrayed the link we had decided on. </p>\n\n<p>My two famous people were Miles Davis, the jazz trumpeter, and Robert Frank, an american photographer. Initially I found it hard to find links between these two men. They were both similar in minor aspects, but also vastly different in nearly every other aspects. Eventually after a lot of research, my links began to look suitably esoteric. I decided on three to present as part of the module, but had already envisioned the end goal, and the end link - titled <strong>Subjectivity of Creativity</strong>.</p>\n\n\n\n<p>The main idea from this was that creativity is, at its heart, extremely dependent on its context and surroundings. If Einstein had been born into Dark Ages England for example, he probably would have been burned at the stake for witchcraft. With this in mind, I decided to use Adobe Muse to create a set of scrollable webpages, which would tell stories through moving elements. The stories themselves would centre around 3 great progressives and creatives; Barack Obama, Steve Jobs, and Einstein.</p>\n\n\n\n<p><a href=\"http://brunel.ac.uk/~dt14mmg/ignorance/\" target=\"_blank\">You can view this project and explore for yourself here.</a></p>', 'Module', '<p>People Fusion</p>', 'Grade Achieved', 'A', 'Research, Illustration, Adobe Muse', 'Skills Required', NULL, NULL, NULL, NULL, '#00b3ff', 'Animated scrolling storytelling, based around an esoteric link.', 'Scrollable, dynamic storytelling, exploring the possibilities great creatives and visionaries would have had open to them had they been born in another time.', NULL, NULL, NULL, NULL, NULL, NULL, NULL, NULL, NULL, NULL, NULL, NULL, NULL, NULL, NULL, NULL, NULL, NULL, '2016-06-27 11:25:16', '2016-06-28 12:10:15', '7339ae31-c2b5-4856-9630-8a3a15e14c0e'),
 ('55', '58', 'en', 'Photography', NULL, NULL, NULL, NULL, NULL, NULL, NULL, NULL, NULL, NULL, NULL, NULL, NULL, NULL, NULL, NULL, NULL, NULL, NULL, NULL, NULL, NULL, NULL, NULL, NULL, NULL, NULL, NULL, NULL, NULL, NULL, NULL, NULL, NULL, NULL, '2016-06-27 12:08:14', '2016-06-27 12:08:14', 'c64b1df3-82e1-4f96-a1e4-b4495fc2bf5f'),
 ('56', '59', 'en', 'Studio Work', NULL, NULL, NULL, NULL, NULL, NULL, NULL, NULL, NULL, NULL, NULL, NULL, NULL, NULL, NULL, NULL, NULL, NULL, NULL, NULL, NULL, NULL, NULL, NULL, NULL, NULL, NULL, NULL, NULL, NULL, NULL, NULL, NULL, NULL, NULL, '2016-06-27 12:08:25', '2016-06-27 12:08:25', '6498faa4-d07a-490c-9598-d7099d986054'),
 ('57', '60', 'en', 'Composition', NULL, NULL, NULL, NULL, NULL, NULL, NULL, NULL, NULL, NULL, NULL, NULL, NULL, NULL, NULL, NULL, NULL, NULL, NULL, NULL, NULL, NULL, NULL, NULL, NULL, NULL, NULL, NULL, NULL, NULL, NULL, NULL, NULL, NULL, NULL, '2016-06-27 12:08:41', '2016-06-27 12:08:41', '27fd7bdf-7f9e-4b0a-9e70-037d9ca34fb6'),
 ('58', '61', 'en', 'Photography@1X', NULL, NULL, NULL, NULL, NULL, NULL, NULL, NULL, NULL, NULL, NULL, NULL, NULL, NULL, NULL, NULL, NULL, NULL, NULL, NULL, NULL, NULL, NULL, NULL, NULL, NULL, NULL, NULL, NULL, NULL, NULL, NULL, NULL, NULL, NULL, '2016-06-27 12:09:12', '2016-06-27 12:09:12', '8ebad471-1209-43b4-a395-eb8a91c73f46'),
 ('59', '62', 'en', 'Photography@1X', NULL, NULL, NULL, NULL, NULL, NULL, NULL, NULL, NULL, NULL, NULL, NULL, NULL, NULL, NULL, NULL, NULL, NULL, NULL, NULL, NULL, NULL, NULL, NULL, NULL, NULL, NULL, NULL, NULL, NULL, NULL, NULL, NULL, NULL, NULL, '2016-06-27 12:10:29', '2016-06-27 12:10:29', 'bd8d7955-5047-446f-9473-ff65c4f2839d'),
 ('60', '63', 'en', '16447561813 5C80Ebe903 K', NULL, NULL, NULL, NULL, NULL, NULL, NULL, NULL, NULL, NULL, NULL, NULL, NULL, NULL, NULL, NULL, NULL, NULL, NULL, NULL, NULL, NULL, NULL, NULL, NULL, NULL, NULL, NULL, NULL, NULL, NULL, NULL, NULL, NULL, NULL, '2016-06-27 12:16:06', '2016-06-27 12:16:06', 'e1986394-f5cf-4a62-bb27-18d78b5dbabd'),
 ('61', '64', 'en', '16860253427 11B1360E3E K', NULL, NULL, NULL, NULL, NULL, NULL, NULL, NULL, NULL, NULL, NULL, NULL, NULL, NULL, NULL, NULL, NULL, NULL, NULL, NULL, NULL, NULL, NULL, NULL, NULL, NULL, NULL, NULL, NULL, NULL, NULL, NULL, NULL, NULL, NULL, '2016-06-27 12:16:09', '2016-06-27 12:16:09', 'b9df3247-dbed-4bdd-89ab-64bdee3f2c51'),
 ('62', '65', 'en', '16860303687 Ae0D265E1D K', NULL, NULL, NULL, NULL, NULL, NULL, NULL, NULL, NULL, NULL, NULL, NULL, NULL, NULL, NULL, NULL, NULL, NULL, NULL, NULL, NULL, NULL, NULL, NULL, NULL, NULL, NULL, NULL, NULL, NULL, NULL, NULL, NULL, NULL, NULL, '2016-06-27 12:16:10', '2016-06-27 12:16:10', '783ea30a-a4cb-4af6-b4eb-a15b250be7ce'),
 ('63', '66', 'en', 'Photography', NULL, 'Photography', 'In my spare time I like to take photos - here are some.', '<p>This will be short and sweet - all of my photos are not hosted here because I am cheap and don\'t want to pay to host trillions of images, each of which is huge. </p>\n\n<p><a href=\"https://www.flickr.com/photos/126928783@N04/\" target=\"_blank\">You will find all of my best photographs here, at my flickr account - I hope you like them.</a></p>\n\n\n\n\n\n\n\n<p>Also, if you have any questions about any of them, or would like to see more; there is around 13,000 of them sitting in my Lightroom at the moment. Let me know. Below are three good\'uns.</p>', 'Personal Camera', '<p>Canon 5D Mk III</p>', 'Favourite Lens', '24-105mm L Zoom', 'Amsterdam', 'Favourite Place', NULL, NULL, NULL, NULL, '#000000', 'In my spare time I like to take photos - here are some.', 'Photos are cool to look at, so here are mine.', NULL, NULL, NULL, NULL, NULL, NULL, NULL, NULL, NULL, NULL, NULL, NULL, NULL, NULL, NULL, NULL, NULL, NULL, '2016-06-27 12:17:13', '2016-06-28 12:17:31', '4a48a381-034b-49a1-8119-8b11cb9a4807'),
 ('64', '67', 'en', 'Badnoise Nb', NULL, NULL, NULL, NULL, NULL, NULL, NULL, NULL, NULL, NULL, NULL, NULL, NULL, NULL, NULL, NULL, NULL, NULL, NULL, NULL, NULL, NULL, NULL, NULL, NULL, NULL, NULL, NULL, NULL, NULL, NULL, NULL, NULL, NULL, NULL, '2016-06-27 14:26:04', '2016-06-28 10:31:34', 'f0760184-4634-4fcf-a8c5-fc7a5befad10'),
 ('69', '72', 'en', 'Android Icon 144X144', NULL, NULL, NULL, NULL, NULL, NULL, NULL, NULL, NULL, NULL, NULL, NULL, NULL, NULL, NULL, NULL, NULL, NULL, NULL, NULL, NULL, NULL, NULL, NULL, NULL, NULL, NULL, NULL, NULL, NULL, NULL, NULL, NULL, NULL, NULL, '2016-06-27 14:26:12', '2016-06-28 10:31:36', '5e4542d3-15c8-44e2-b904-51628c829887'),
 ('70', '73', 'en', 'Android Icon 36X36', NULL, NULL, NULL, NULL, NULL, NULL, NULL, NULL, NULL, NULL, NULL, NULL, NULL, NULL, NULL, NULL, NULL, NULL, NULL, NULL, NULL, NULL, NULL, NULL, NULL, NULL, NULL, NULL, NULL, NULL, NULL, NULL, NULL, NULL, NULL, '2016-06-27 14:26:12', '2016-06-28 10:31:37', '1a3c72d8-3499-4a1c-8a98-72fec87bc6e5'),
 ('71', '74', 'en', 'Android Icon 192X192', NULL, NULL, NULL, NULL, NULL, NULL, NULL, NULL, NULL, NULL, NULL, NULL, NULL, NULL, NULL, NULL, NULL, NULL, NULL, NULL, NULL, NULL, NULL, NULL, NULL, NULL, NULL, NULL, NULL, NULL, NULL, NULL, NULL, NULL, NULL, '2016-06-27 14:26:14', '2016-06-28 10:31:36', 'daf30bdf-f920-4f4e-b6a9-53eebc519d23'),
 ('72', '75', 'en', 'Android Icon 48X48', NULL, NULL, NULL, NULL, NULL, NULL, NULL, NULL, NULL, NULL, NULL, NULL, NULL, NULL, NULL, NULL, NULL, NULL, NULL, NULL, NULL, NULL, NULL, NULL, NULL, NULL, NULL, NULL, NULL, NULL, NULL, NULL, NULL, NULL, NULL, '2016-06-27 14:26:15', '2016-06-28 10:31:37', '6ef931cd-8050-4c61-9f73-753d3bdde9e9'),
 ('73', '76', 'en', 'Android Icon 72X72', NULL, NULL, NULL, NULL, NULL, NULL, NULL, NULL, NULL, NULL, NULL, NULL, NULL, NULL, NULL, NULL, NULL, NULL, NULL, NULL, NULL, NULL, NULL, NULL, NULL, NULL, NULL, NULL, NULL, NULL, NULL, NULL, NULL, NULL, NULL, '2016-06-27 14:26:16', '2016-06-28 10:31:37', 'f52f8e19-a737-447e-8920-3aa7207ec07b'),
 ('74', '77', 'en', 'Android Icon 96X96', NULL, NULL, NULL, NULL, NULL, NULL, NULL, NULL, NULL, NULL, NULL, NULL, NULL, NULL, NULL, NULL, NULL, NULL, NULL, NULL, NULL, NULL, NULL, NULL, NULL, NULL, NULL, NULL, NULL, NULL, NULL, NULL, NULL, NULL, NULL, '2016-06-27 14:26:16', '2016-06-28 10:31:37', '0ea7cee7-e437-4c73-8b41-751b71f8bbc6'),
 ('75', '78', 'en', 'Apple Icon 120X120', NULL, NULL, NULL, NULL, NULL, NULL, NULL, NULL, NULL, NULL, NULL, NULL, NULL, NULL, NULL, NULL, NULL, NULL, NULL, NULL, NULL, NULL, NULL, NULL, NULL, NULL, NULL, NULL, NULL, NULL, NULL, NULL, NULL, NULL, NULL, '2016-06-27 14:26:17', '2016-06-28 10:31:38', '89a5f410-ea08-4f17-a147-7d4caf7dfdce'),
 ('76', '79', 'en', 'Apple Icon 114X114', NULL, NULL, NULL, NULL, NULL, NULL, NULL, NULL, NULL, NULL, NULL, NULL, NULL, NULL, NULL, NULL, NULL, NULL, NULL, NULL, NULL, NULL, NULL, NULL, NULL, NULL, NULL, NULL, NULL, NULL, NULL, NULL, NULL, NULL, NULL, '2016-06-27 14:26:18', '2016-06-28 10:31:38', 'ddf1233e-ac0c-455f-b4e3-8a45f2db9f0a'),
 ('77', '80', 'en', 'Apple Icon 144X144', NULL, NULL, NULL, NULL, NULL, NULL, NULL, NULL, NULL, NULL, NULL, NULL, NULL, NULL, NULL, NULL, NULL, NULL, NULL, NULL, NULL, NULL, NULL, NULL, NULL, NULL, NULL, NULL, NULL, NULL, NULL, NULL, NULL, NULL, NULL, '2016-06-27 14:26:18', '2016-06-28 10:31:38', '169a1eec-f13a-45d1-9a43-fbcc31b7b48c'),
 ('78', '81', 'en', 'Apple Icon 152X152', NULL, NULL, NULL, NULL, NULL, NULL, NULL, NULL, NULL, NULL, NULL, NULL, NULL, NULL, NULL, NULL, NULL, NULL, NULL, NULL, NULL, NULL, NULL, NULL, NULL, NULL, NULL, NULL, NULL, NULL, NULL, NULL, NULL, NULL, NULL, '2016-06-27 14:26:19', '2016-06-28 10:31:39', '9d9db5a9-b0b8-4d6d-aa53-3eab3ebbe355'),
 ('79', '82', 'en', 'Apple Icon 57X57', NULL, NULL, NULL, NULL, NULL, NULL, NULL, NULL, NULL, NULL, NULL, NULL, NULL, NULL, NULL, NULL, NULL, NULL, NULL, NULL, NULL, NULL, NULL, NULL, NULL, NULL, NULL, NULL, NULL, NULL, NULL, NULL, NULL, NULL, NULL, '2016-06-27 14:26:19', '2016-06-28 10:31:39', 'c5b6204c-38a0-4c05-a5a1-268c4769d437'),
 ('80', '83', 'en', 'Apple Icon 180X180', NULL, NULL, NULL, NULL, NULL, NULL, NULL, NULL, NULL, NULL, NULL, NULL, NULL, NULL, NULL, NULL, NULL, NULL, NULL, NULL, NULL, NULL, NULL, NULL, NULL, NULL, NULL, NULL, NULL, NULL, NULL, NULL, NULL, NULL, NULL, '2016-06-27 14:26:20', '2016-06-28 10:31:39', '3177b442-522d-4a61-b8cb-734cda809d7f'),
 ('81', '84', 'en', 'Apple Icon 60X60', NULL, NULL, NULL, NULL, NULL, NULL, NULL, NULL, NULL, NULL, NULL, NULL, NULL, NULL, NULL, NULL, NULL, NULL, NULL, NULL, NULL, NULL, NULL, NULL, NULL, NULL, NULL, NULL, NULL, NULL, NULL, NULL, NULL, NULL, NULL, '2016-06-27 14:26:20', '2016-06-28 10:31:39', '2184f8fd-b46f-4106-a6f3-343d0990531e'),
 ('82', '85', 'en', 'Apple Icon 72X72', NULL, NULL, NULL, NULL, NULL, NULL, NULL, NULL, NULL, NULL, NULL, NULL, NULL, NULL, NULL, NULL, NULL, NULL, NULL, NULL, NULL, NULL, NULL, NULL, NULL, NULL, NULL, NULL, NULL, NULL, NULL, NULL, NULL, NULL, NULL, '2016-06-27 14:26:21', '2016-06-28 10:31:40', '16ed82a4-0808-4184-985f-811a71645f26'),
 ('83', '86', 'en', 'Apple Icon 76X76', NULL, NULL, NULL, NULL, NULL, NULL, NULL, NULL, NULL, NULL, NULL, NULL, NULL, NULL, NULL, NULL, NULL, NULL, NULL, NULL, NULL, NULL, NULL, NULL, NULL, NULL, NULL, NULL, NULL, NULL, NULL, NULL, NULL, NULL, NULL, '2016-06-27 14:26:21', '2016-06-28 10:31:41', '3dc82a2e-4587-4b5c-852e-f2f97b558344'),
 ('84', '87', 'en', 'Apple Icon Precomposed', NULL, NULL, NULL, NULL, NULL, NULL, NULL, NULL, NULL, NULL, NULL, NULL, NULL, NULL, NULL, NULL, NULL, NULL, NULL, NULL, NULL, NULL, NULL, NULL, NULL, NULL, NULL, NULL, NULL, NULL, NULL, NULL, NULL, NULL, NULL, '2016-06-27 14:26:21', '2016-06-28 10:31:41', '8750e5f1-07ef-4862-98fd-7b42490d7f04'),
 ('85', '88', 'en', 'Apple Icon', NULL, NULL, NULL, NULL, NULL, NULL, NULL, NULL, NULL, NULL, NULL, NULL, NULL, NULL, NULL, NULL, NULL, NULL, NULL, NULL, NULL, NULL, NULL, NULL, NULL, NULL, NULL, NULL, NULL, NULL, NULL, NULL, NULL, NULL, NULL, '2016-06-27 14:26:22', '2016-06-28 10:31:41', 'dc95539f-eb2c-4136-bb1e-e0f1f0a68e12'),
 ('86', '89', 'en', 'Favicon 16X16', NULL, NULL, NULL, NULL, NULL, NULL, NULL, NULL, NULL, NULL, NULL, NULL, NULL, NULL, NULL, NULL, NULL, NULL, NULL, NULL, NULL, NULL, NULL, NULL, NULL, NULL, NULL, NULL, NULL, NULL, NULL, NULL, NULL, NULL, NULL, '2016-06-27 14:26:22', '2016-06-28 10:31:41', '1214a347-53f9-4ce9-ad65-64418e372ab4'),
 ('87', '90', 'en', 'Favicon 32X32', NULL, NULL, NULL, NULL, NULL, NULL, NULL, NULL, NULL, NULL, NULL, NULL, NULL, NULL, NULL, NULL, NULL, NULL, NULL, NULL, NULL, NULL, NULL, NULL, NULL, NULL, NULL, NULL, NULL, NULL, NULL, NULL, NULL, NULL, NULL, '2016-06-27 14:26:23', '2016-06-28 10:31:42', 'be921c56-a50f-411a-b1e1-c72c19522aef'),
 ('88', '91', 'en', 'Favicon 96X96', NULL, NULL, NULL, NULL, NULL, NULL, NULL, NULL, NULL, NULL, NULL, NULL, NULL, NULL, NULL, NULL, NULL, NULL, NULL, NULL, NULL, NULL, NULL, NULL, NULL, NULL, NULL, NULL, NULL, NULL, NULL, NULL, NULL, NULL, NULL, '2016-06-27 14:26:23', '2016-06-28 10:31:42', 'eca81c4d-99fa-4ec2-a973-7fa6264c3865'),
 ('89', '92', 'en', 'Ms Icon 144X144', NULL, NULL, NULL, NULL, NULL, NULL, NULL, NULL, NULL, NULL, NULL, NULL, NULL, NULL, NULL, NULL, NULL, NULL, NULL, NULL, NULL, NULL, NULL, NULL, NULL, NULL, NULL, NULL, NULL, NULL, NULL, NULL, NULL, NULL, NULL, '2016-06-27 14:26:24', '2016-06-28 10:31:43', '1c672188-f273-46fe-a6e4-5f6f61159788'),
 ('90', '93', 'en', 'Ms Icon 150X150', NULL, NULL, NULL, NULL, NULL, NULL, NULL, NULL, NULL, NULL, NULL, NULL, NULL, NULL, NULL, NULL, NULL, NULL, NULL, NULL, NULL, NULL, NULL, NULL, NULL, NULL, NULL, NULL, NULL, NULL, NULL, NULL, NULL, NULL, NULL, '2016-06-27 14:26:24', '2016-06-28 10:31:43', 'eab2f596-e3f7-42e4-b2f9-a651c9685a58'),
 ('91', '94', 'en', 'Ms Icon 310X310', NULL, NULL, NULL, NULL, NULL, NULL, NULL, NULL, NULL, NULL, NULL, NULL, NULL, NULL, NULL, NULL, NULL, NULL, NULL, NULL, NULL, NULL, NULL, NULL, NULL, NULL, NULL, NULL, NULL, NULL, NULL, NULL, NULL, NULL, NULL, '2016-06-27 14:26:24', '2016-06-28 10:31:43', '43e2707b-499a-49c0-855b-27a3a7abb84e'),
 ('92', '95', 'en', 'Ms Icon 70X70', NULL, NULL, NULL, NULL, NULL, NULL, NULL, NULL, NULL, NULL, NULL, NULL, NULL, NULL, NULL, NULL, NULL, NULL, NULL, NULL, NULL, NULL, NULL, NULL, NULL, NULL, NULL, NULL, NULL, NULL, NULL, NULL, NULL, NULL, NULL, '2016-06-27 14:26:25', '2016-06-28 10:31:44', 'd0b25ce6-d045-45ff-9b5b-5c626a356962'),
 ('93', '96', 'en', 'Logo', NULL, NULL, NULL, NULL, NULL, NULL, NULL, NULL, NULL, NULL, NULL, NULL, NULL, NULL, NULL, NULL, NULL, NULL, NULL, NULL, NULL, NULL, NULL, NULL, NULL, NULL, NULL, NULL, NULL, NULL, NULL, NULL, NULL, NULL, NULL, '2016-06-27 14:26:25', '2016-06-28 10:31:44', '652aaad3-f2db-47fa-83a3-57d3b7e25731'),
 ('94', '97', 'en', 'Logo Invert', NULL, NULL, NULL, NULL, NULL, NULL, NULL, NULL, NULL, NULL, NULL, NULL, NULL, NULL, NULL, NULL, NULL, NULL, NULL, NULL, NULL, NULL, NULL, NULL, NULL, NULL, NULL, NULL, NULL, NULL, NULL, NULL, NULL, NULL, NULL, '2016-06-27 14:26:26', '2016-06-28 10:31:44', '10cd6784-6650-4362-9941-c6658663090c'),
 ('95', '98', 'en', 'Me', NULL, NULL, NULL, NULL, NULL, NULL, NULL, NULL, NULL, NULL, NULL, NULL, NULL, NULL, NULL, NULL, NULL, NULL, NULL, NULL, NULL, NULL, NULL, NULL, NULL, NULL, NULL, NULL, NULL, NULL, NULL, NULL, NULL, NULL, NULL, '2016-06-27 14:26:26', '2016-06-28 10:31:45', '9cac4e39-c2cc-4e50-a2dc-3449b979fe3b'),
 ('96', '99', 'en', 'Nav Close', NULL, NULL, NULL, NULL, NULL, NULL, NULL, NULL, NULL, NULL, NULL, NULL, NULL, NULL, NULL, NULL, NULL, NULL, NULL, NULL, NULL, NULL, NULL, NULL, NULL, NULL, NULL, NULL, NULL, NULL, NULL, NULL, NULL, NULL, NULL, '2016-06-27 14:26:27', '2016-06-28 10:31:45', 'f8877f29-4156-4347-9f81-b8f14ec5d1d1'),
 ('97', '100', 'en', 'Nav', NULL, NULL, NULL, NULL, NULL, NULL, NULL, NULL, NULL, NULL, NULL, NULL, NULL, NULL, NULL, NULL, NULL, NULL, NULL, NULL, NULL, NULL, NULL, NULL, NULL, NULL, NULL, NULL, NULL, NULL, NULL, NULL, NULL, NULL, NULL, '2016-06-27 14:26:27', '2016-06-28 10:31:45', '0a3fa4b0-c539-4827-aa5e-ce0a9dfc7ef8'),
 ('98', '101', 'en', 'Nav Invert', NULL, NULL, NULL, NULL, NULL, NULL, NULL, NULL, NULL, NULL, NULL, NULL, NULL, NULL, NULL, NULL, NULL, NULL, NULL, NULL, NULL, NULL, NULL, NULL, NULL, NULL, NULL, NULL, NULL, NULL, NULL, NULL, NULL, NULL, NULL, '2016-06-27 14:26:28', '2016-06-28 10:31:46', '8eec100e-49e8-4da2-aea5-96c0d839fb47'),
 ('99', '102', 'en', 'Nav Close Invert', NULL, NULL, NULL, NULL, NULL, NULL, NULL, NULL, NULL, NULL, NULL, NULL, NULL, NULL, NULL, NULL, NULL, NULL, NULL, NULL, NULL, NULL, NULL, NULL, NULL, NULL, NULL, NULL, NULL, NULL, NULL, NULL, NULL, NULL, NULL, '2016-06-27 14:26:28', '2016-06-28 10:31:45', 'b6964d2c-c857-4ba6-a01d-0d6ff009fc26'),
 ('100', '103', 'en', 'Pin', NULL, NULL, NULL, NULL, NULL, NULL, NULL, NULL, NULL, NULL, NULL, NULL, NULL, NULL, NULL, NULL, NULL, NULL, NULL, NULL, NULL, NULL, NULL, NULL, NULL, NULL, NULL, NULL, NULL, NULL, NULL, NULL, NULL, NULL, NULL, '2016-06-27 14:26:29', '2016-06-28 10:31:46', 'e5a71e8f-189f-4198-a002-3f3a89c3fb49'),
 ('102', '105', 'en', 'Project2', NULL, NULL, NULL, NULL, NULL, NULL, NULL, NULL, NULL, NULL, NULL, NULL, NULL, NULL, NULL, NULL, NULL, NULL, NULL, NULL, NULL, NULL, NULL, NULL, NULL, NULL, NULL, NULL, NULL, NULL, NULL, NULL, NULL, NULL, NULL, '2016-06-27 14:26:30', '2016-06-28 10:31:47', '4eb4acb4-22f7-4750-8115-259336e97760'),
 ('103', '106', 'en', 'Project3', NULL, NULL, NULL, NULL, NULL, NULL, NULL, NULL, NULL, NULL, NULL, NULL, NULL, NULL, NULL, NULL, NULL, NULL, NULL, NULL, NULL, NULL, NULL, NULL, NULL, NULL, NULL, NULL, NULL, NULL, NULL, NULL, NULL, NULL, NULL, '2016-06-27 14:26:30', '2016-06-28 10:31:50', '437e97cb-ea8b-4cb0-9cd8-f77b3a7e4ad6'),
 ('104', '107', 'en', 'Project4', NULL, NULL, NULL, NULL, NULL, NULL, NULL, NULL, NULL, NULL, NULL, NULL, NULL, NULL, NULL, NULL, NULL, NULL, NULL, NULL, NULL, NULL, NULL, NULL, NULL, NULL, NULL, NULL, NULL, NULL, NULL, NULL, NULL, NULL, NULL, '2016-06-27 14:26:31', '2016-06-28 10:31:48', 'b389ab75-0dd1-4ebc-a9b2-700a478e031b'),
 ('105', '108', 'en', 'Project5', NULL, NULL, NULL, NULL, NULL, NULL, NULL, NULL, NULL, NULL, NULL, NULL, NULL, NULL, NULL, NULL, NULL, NULL, NULL, NULL, NULL, NULL, NULL, NULL, NULL, NULL, NULL, NULL, NULL, NULL, NULL, NULL, NULL, NULL, NULL, '2016-06-27 14:26:32', '2016-06-28 10:31:50', '5d62587a-c8c9-48a9-8b0a-5bad15c5b15b'),
 ('106', '109', 'en', 'Project6', NULL, NULL, NULL, NULL, NULL, NULL, NULL, NULL, NULL, NULL, NULL, NULL, NULL, NULL, NULL, NULL, NULL, NULL, NULL, NULL, NULL, NULL, NULL, NULL, NULL, NULL, NULL, NULL, NULL, NULL, NULL, NULL, NULL, NULL, NULL, '2016-06-27 14:26:32', '2016-06-28 10:31:50', 'ae4f4a2e-4123-4471-a060-182154707a59'),
 ('154', '157', 'en', 'Cadenza Big', NULL, NULL, NULL, NULL, NULL, NULL, NULL, NULL, NULL, NULL, NULL, NULL, NULL, NULL, NULL, NULL, NULL, NULL, NULL, NULL, NULL, NULL, NULL, NULL, NULL, NULL, NULL, NULL, NULL, NULL, NULL, NULL, NULL, NULL, NULL, '2016-06-28 09:58:48', '2016-06-28 09:58:48', 'dfae616c-0e40-4980-b682-0bbb3e7b30ad'),
 ('155', '158', 'en', 'Cad 1', NULL, NULL, NULL, NULL, NULL, NULL, NULL, NULL, NULL, NULL, NULL, NULL, NULL, NULL, NULL, NULL, NULL, NULL, NULL, NULL, NULL, NULL, NULL, NULL, NULL, NULL, NULL, NULL, NULL, NULL, NULL, NULL, NULL, NULL, NULL, '2016-06-28 09:59:41', '2016-06-28 09:59:41', '4d7231a9-eb1d-41e5-a7d9-0ac61693c0bf'),
 ('156', '159', 'en', 'Cad 2', NULL, NULL, NULL, NULL, NULL, NULL, NULL, NULL, NULL, NULL, NULL, NULL, NULL, NULL, NULL, NULL, NULL, NULL, NULL, NULL, NULL, NULL, NULL, NULL, NULL, NULL, NULL, NULL, NULL, NULL, NULL, NULL, NULL, NULL, NULL, '2016-06-28 09:59:42', '2016-06-28 09:59:42', '7523c307-83c6-4fd4-b45e-32c9651ccc4f'),
 ('157', '160', 'en', 'Cad 3', NULL, NULL, NULL, NULL, NULL, NULL, NULL, NULL, NULL, NULL, NULL, NULL, NULL, NULL, NULL, NULL, NULL, NULL, NULL, NULL, NULL, NULL, NULL, NULL, NULL, NULL, NULL, NULL, NULL, NULL, NULL, NULL, NULL, NULL, NULL, '2016-06-28 09:59:43', '2016-06-28 09:59:43', '47c3ec5a-1a65-4bba-977d-23f1ad92033b'),
 ('163', '166', 'en', 'Project1', NULL, NULL, NULL, NULL, NULL, NULL, NULL, NULL, NULL, NULL, NULL, NULL, NULL, NULL, NULL, NULL, NULL, NULL, NULL, NULL, NULL, NULL, NULL, NULL, NULL, NULL, NULL, NULL, NULL, NULL, NULL, NULL, NULL, NULL, NULL, '2016-06-28 10:27:03', '2016-06-28 10:31:47', '57bdc60e-3e7d-4115-aad3-5dcaa9d886bf');
INSERT INTO `craft_content` (`id`, `elementId`, `locale`, `title`, `field_homeHeadline`, `field_mainHeading`, `field_subHeading`, `field_body`, `field_leftHeading1`, `field_leftContent1`, `field_leftHeading2`, `field_leftContent2`, `field_leftContent3`, `field_leftHeading3`, `field_phoneNumber`, `field_email`, `field_address`, `field_mapLocation`, `field_primaryColor`, `field_topSummary`, `field_bodyHeader`, `field_projectHeading1`, `field_projectHeading2`, `field_projectHeading3`, `field_projectHeading4`, `field_projectHeading5`, `field_projectHeading6`, `field_projectDesc1`, `field_projectDesc2`, `field_projectDesc3`, `field_projectDesc4`, `field_projectDesc5`, `field_projectDesc6`, `field_primaryColor1`, `field_primaryColor2`, `field_primaryColor3`, `field_primaryColor4`, `field_primaryColor5`, `field_primaryColor6`, `dateCreated`, `dateUpdated`, `uid`) VALUES
 ('164', '167', 'en', 'Cadenza Big', NULL, NULL, NULL, NULL, NULL, NULL, NULL, NULL, NULL, NULL, NULL, NULL, NULL, NULL, NULL, NULL, NULL, NULL, NULL, NULL, NULL, NULL, NULL, NULL, NULL, NULL, NULL, NULL, NULL, NULL, NULL, NULL, NULL, NULL, NULL, '2016-06-28 10:28:28', '2016-06-28 10:31:36', '51adfa76-14ad-4a55-8e89-985e05e9ee7e'),
 ('165', '168', 'en', 'Cad 1', NULL, NULL, NULL, NULL, NULL, NULL, NULL, NULL, NULL, NULL, NULL, NULL, NULL, NULL, NULL, NULL, NULL, NULL, NULL, NULL, NULL, NULL, NULL, NULL, NULL, NULL, NULL, NULL, NULL, NULL, NULL, NULL, NULL, NULL, NULL, '2016-06-28 10:29:02', '2016-06-28 10:31:35', '8b466a77-cb00-45df-8a0c-72a234971ca4'),
 ('166', '169', 'en', 'Cad 2', NULL, NULL, NULL, NULL, NULL, NULL, NULL, NULL, NULL, NULL, NULL, NULL, NULL, NULL, NULL, NULL, NULL, NULL, NULL, NULL, NULL, NULL, NULL, NULL, NULL, NULL, NULL, NULL, NULL, NULL, NULL, NULL, NULL, NULL, NULL, '2016-06-28 10:29:04', '2016-06-28 10:31:34', 'cbd83fa6-de95-444b-8068-b0a979a12958'),
 ('167', '170', 'en', 'Cad 3', NULL, NULL, NULL, NULL, NULL, NULL, NULL, NULL, NULL, NULL, NULL, NULL, NULL, NULL, NULL, NULL, NULL, NULL, NULL, NULL, NULL, NULL, NULL, NULL, NULL, NULL, NULL, NULL, NULL, NULL, NULL, NULL, NULL, NULL, NULL, '2016-06-28 10:29:10', '2016-06-28 10:31:35', '642f3a28-a453-4aad-bfff-b2d6cc4219cb'),
 ('168', '171', 'en', 'Ambio@1X', NULL, NULL, NULL, NULL, NULL, NULL, NULL, NULL, NULL, NULL, NULL, NULL, NULL, NULL, NULL, NULL, NULL, NULL, NULL, NULL, NULL, NULL, NULL, NULL, NULL, NULL, NULL, NULL, NULL, NULL, NULL, NULL, NULL, NULL, NULL, '2016-06-28 11:35:14', '2016-06-28 11:35:14', '64d7d2b3-0af5-4f8a-83c2-c7f66162fdb7'),
 ('169', '172', 'en', 'Smartmockups Copy', NULL, NULL, NULL, NULL, NULL, NULL, NULL, NULL, NULL, NULL, NULL, NULL, NULL, NULL, NULL, NULL, NULL, NULL, NULL, NULL, NULL, NULL, NULL, NULL, NULL, NULL, NULL, NULL, NULL, NULL, NULL, NULL, NULL, NULL, NULL, '2016-06-28 11:36:01', '2016-06-28 11:36:01', '17ae39be-276e-4fb3-8bc5-deadeeba9a09'),
 ('170', '173', 'en', 'Smartmockups Copy 3', NULL, NULL, NULL, NULL, NULL, NULL, NULL, NULL, NULL, NULL, NULL, NULL, NULL, NULL, NULL, NULL, NULL, NULL, NULL, NULL, NULL, NULL, NULL, NULL, NULL, NULL, NULL, NULL, NULL, NULL, NULL, NULL, NULL, NULL, NULL, '2016-06-28 11:38:55', '2016-06-28 11:38:55', '229154b3-9700-4ee0-acaa-ef8299a2e796'),
 ('171', '174', 'en', 'Cosmos@1X', NULL, NULL, NULL, NULL, NULL, NULL, NULL, NULL, NULL, NULL, NULL, NULL, NULL, NULL, NULL, NULL, NULL, NULL, NULL, NULL, NULL, NULL, NULL, NULL, NULL, NULL, NULL, NULL, NULL, NULL, NULL, NULL, NULL, NULL, NULL, '2016-06-28 11:43:21', '2016-06-28 11:43:21', 'e5ed2a15-a65b-437a-91bf-7c0b0f5ec6b5'),
 ('172', '175', 'en', 'Cosmos Identity', NULL, NULL, NULL, NULL, NULL, NULL, NULL, NULL, NULL, NULL, NULL, NULL, NULL, NULL, NULL, NULL, NULL, NULL, NULL, NULL, NULL, NULL, NULL, NULL, NULL, NULL, NULL, NULL, NULL, NULL, NULL, NULL, NULL, NULL, NULL, '2016-06-28 11:44:37', '2016-06-28 11:44:37', '98681a53-9c5f-49d7-944c-3867465e732a'),
 ('173', '176', 'en', 'Station Mockup', NULL, NULL, NULL, NULL, NULL, NULL, NULL, NULL, NULL, NULL, NULL, NULL, NULL, NULL, NULL, NULL, NULL, NULL, NULL, NULL, NULL, NULL, NULL, NULL, NULL, NULL, NULL, NULL, NULL, NULL, NULL, NULL, NULL, NULL, NULL, '2016-06-28 11:44:39', '2016-06-28 11:44:39', '999c3d91-d90e-4ad3-9cd4-d114778cb917'),
 ('174', '177', 'en', 'Pump Bg', NULL, NULL, NULL, NULL, NULL, NULL, NULL, NULL, NULL, NULL, NULL, NULL, NULL, NULL, NULL, NULL, NULL, NULL, NULL, NULL, NULL, NULL, NULL, NULL, NULL, NULL, NULL, NULL, NULL, NULL, NULL, NULL, NULL, NULL, NULL, '2016-06-28 11:45:16', '2016-06-28 11:45:16', '52b7dd87-1907-4510-925e-3fe8fbc1180f'),
 ('178', '181', 'en', 'Badnoise1', NULL, NULL, NULL, NULL, NULL, NULL, NULL, NULL, NULL, NULL, NULL, NULL, NULL, NULL, NULL, NULL, NULL, NULL, NULL, NULL, NULL, NULL, NULL, NULL, NULL, NULL, NULL, NULL, NULL, NULL, NULL, NULL, NULL, NULL, NULL, '2016-06-28 11:52:26', '2016-06-28 11:52:26', 'fea8e425-8913-4936-920e-2293961b0cdc'),
 ('179', '182', 'en', 'Smartmockups 2', NULL, NULL, NULL, NULL, NULL, NULL, NULL, NULL, NULL, NULL, NULL, NULL, NULL, NULL, NULL, NULL, NULL, NULL, NULL, NULL, NULL, NULL, NULL, NULL, NULL, NULL, NULL, NULL, NULL, NULL, NULL, NULL, NULL, NULL, NULL, '2016-06-28 11:52:27', '2016-06-28 11:52:27', 'f5e57b35-2edc-490b-a1aa-82d8c9b5e033'),
 ('180', '183', 'en', 'Smartmockups 3 160627 115730', NULL, NULL, NULL, NULL, NULL, NULL, NULL, NULL, NULL, NULL, NULL, NULL, NULL, NULL, NULL, NULL, NULL, NULL, NULL, NULL, NULL, NULL, NULL, NULL, NULL, NULL, NULL, NULL, NULL, NULL, NULL, NULL, NULL, NULL, NULL, '2016-06-28 11:52:28', '2016-06-28 11:52:28', '62ae8498-fe7c-4e65-8c9e-07891a8ebcaa'),
 ('183', '186', 'en', 'Peoplefusion1', NULL, NULL, NULL, NULL, NULL, NULL, NULL, NULL, NULL, NULL, NULL, NULL, NULL, NULL, NULL, NULL, NULL, NULL, NULL, NULL, NULL, NULL, NULL, NULL, NULL, NULL, NULL, NULL, NULL, NULL, NULL, NULL, NULL, NULL, NULL, '2016-06-28 12:05:26', '2016-06-28 12:05:26', 'a544181b-75c4-4157-aa10-141f57ed998d'),
 ('184', '187', 'en', 'Peoplefusion2', NULL, NULL, NULL, NULL, NULL, NULL, NULL, NULL, NULL, NULL, NULL, NULL, NULL, NULL, NULL, NULL, NULL, NULL, NULL, NULL, NULL, NULL, NULL, NULL, NULL, NULL, NULL, NULL, NULL, NULL, NULL, NULL, NULL, NULL, NULL, '2016-06-28 12:05:27', '2016-06-28 12:05:27', 'e2ce9e2c-59b5-466d-b158-fd1ef15b4481'),
 ('185', '188', 'en', 'Peoplefusion3', NULL, NULL, NULL, NULL, NULL, NULL, NULL, NULL, NULL, NULL, NULL, NULL, NULL, NULL, NULL, NULL, NULL, NULL, NULL, NULL, NULL, NULL, NULL, NULL, NULL, NULL, NULL, NULL, NULL, NULL, NULL, NULL, NULL, NULL, NULL, '2016-06-28 12:05:30', '2016-06-28 12:05:30', '11d4d81c-9576-4090-837b-5c3e9d71a6c0'),
 ('186', '189', 'en', 'Applyignorance@1X', NULL, NULL, NULL, NULL, NULL, NULL, NULL, NULL, NULL, NULL, NULL, NULL, NULL, NULL, NULL, NULL, NULL, NULL, NULL, NULL, NULL, NULL, NULL, NULL, NULL, NULL, NULL, NULL, NULL, NULL, NULL, NULL, NULL, NULL, NULL, '2016-06-28 12:08:56', '2016-06-28 12:08:56', '1896e964-41b1-4d17-8f60-f7cbcc2e65e9'),
 ('187', '190', 'en', 'Badnoise@1X', NULL, NULL, NULL, NULL, NULL, NULL, NULL, NULL, NULL, NULL, NULL, NULL, NULL, NULL, NULL, NULL, NULL, NULL, NULL, NULL, NULL, NULL, NULL, NULL, NULL, NULL, NULL, NULL, NULL, NULL, NULL, NULL, NULL, NULL, NULL, '2016-06-28 12:08:59', '2016-06-28 12:08:59', '982cc16f-03ed-4386-b89c-c5ea722ab3c3'),
 ('188', '191', 'en', '16447561813 5C80Ebe903 K', NULL, NULL, NULL, NULL, NULL, NULL, NULL, NULL, NULL, NULL, NULL, NULL, NULL, NULL, NULL, NULL, NULL, NULL, NULL, NULL, NULL, NULL, NULL, NULL, NULL, NULL, NULL, NULL, NULL, NULL, NULL, NULL, NULL, NULL, NULL, '2016-06-28 12:14:41', '2016-06-28 12:14:41', '9d95277a-66a5-4ca1-80c8-f3b527a0a79d'),
 ('189', '192', 'en', '16860253427 11B1360E3E K', NULL, NULL, NULL, NULL, NULL, NULL, NULL, NULL, NULL, NULL, NULL, NULL, NULL, NULL, NULL, NULL, NULL, NULL, NULL, NULL, NULL, NULL, NULL, NULL, NULL, NULL, NULL, NULL, NULL, NULL, NULL, NULL, NULL, NULL, NULL, '2016-06-28 12:14:44', '2016-06-28 12:14:44', 'c2e1cda0-b304-401d-8ffa-a00fc9e99181'),
 ('190', '193', 'en', '16860303687 Ae0D265E1D K', NULL, NULL, NULL, NULL, NULL, NULL, NULL, NULL, NULL, NULL, NULL, NULL, NULL, NULL, NULL, NULL, NULL, NULL, NULL, NULL, NULL, NULL, NULL, NULL, NULL, NULL, NULL, NULL, NULL, NULL, NULL, NULL, NULL, NULL, NULL, '2016-06-28 12:14:47', '2016-06-28 12:14:47', '94a5e79f-6eb7-49eb-ac74-9f68a77195e0'),
 ('192', '195', 'en', 'Photography@1X', NULL, NULL, NULL, NULL, NULL, NULL, NULL, NULL, NULL, NULL, NULL, NULL, NULL, NULL, NULL, NULL, NULL, NULL, NULL, NULL, NULL, NULL, NULL, NULL, NULL, NULL, NULL, NULL, NULL, NULL, NULL, NULL, NULL, NULL, NULL, '2016-06-28 12:17:16', '2016-06-28 12:17:16', 'f85891be-14b9-454c-84cd-ab6009ad48c1');



DROP TABLE IF EXISTS `craft_deprecationerrors`;


--
-- Schema for table `craft_deprecationerrors`
--
CREATE TABLE `craft_deprecationerrors` (
  `id` int(11) NOT NULL AUTO_INCREMENT,
  `key` varchar(255) COLLATE utf8_unicode_ci NOT NULL,
  `fingerprint` varchar(255) COLLATE utf8_unicode_ci NOT NULL,
  `lastOccurrence` datetime NOT NULL,
  `file` varchar(255) COLLATE utf8_unicode_ci NOT NULL,
  `line` smallint(6) unsigned NOT NULL,
  `class` varchar(255) COLLATE utf8_unicode_ci DEFAULT NULL,
  `method` varchar(255) COLLATE utf8_unicode_ci DEFAULT NULL,
  `template` varchar(255) COLLATE utf8_unicode_ci DEFAULT NULL,
  `templateLine` smallint(6) unsigned DEFAULT NULL,
  `message` varchar(255) COLLATE utf8_unicode_ci DEFAULT NULL,
  `traces` text COLLATE utf8_unicode_ci,
  `dateCreated` datetime NOT NULL,
  `dateUpdated` datetime NOT NULL,
  `uid` char(36) COLLATE utf8_unicode_ci NOT NULL DEFAULT '0',
  PRIMARY KEY (`id`),
  UNIQUE KEY `craft_deprecationerrors_key_fingerprint_unq_idx` (`key`,`fingerprint`)
) ENGINE=InnoDB DEFAULT CHARSET=utf8 COLLATE=utf8_unicode_ci;

DROP TABLE IF EXISTS `craft_elementindexsettings`;


--
-- Schema for table `craft_elementindexsettings`
--
CREATE TABLE `craft_elementindexsettings` (
  `id` int(11) NOT NULL AUTO_INCREMENT,
  `type` varchar(150) COLLATE utf8_unicode_ci NOT NULL,
  `settings` text COLLATE utf8_unicode_ci,
  `dateCreated` datetime NOT NULL,
  `dateUpdated` datetime NOT NULL,
  `uid` char(36) COLLATE utf8_unicode_ci NOT NULL DEFAULT '0',
  PRIMARY KEY (`id`),
  UNIQUE KEY `craft_elementindexsettings_type_unq_idx` (`type`)
) ENGINE=InnoDB AUTO_INCREMENT=2 DEFAULT CHARSET=utf8 COLLATE=utf8_unicode_ci;

--
-- Data for table `craft_elementindexsettings`
--

INSERT INTO `craft_elementindexsettings` (`id`, `type`, `settings`, `dateCreated`, `dateUpdated`, `uid`) VALUES
 ('1', 'Asset', '{\"sources\":{\"folder:8\":{\"tableAttributes\":{\"1\":\"filename\",\"2\":\"size\",\"3\":\"dateModified\",\"4\":\"id\"}}}}', '2016-06-28 10:38:44', '2016-06-28 10:38:44', 'e82ed05f-9d02-4076-a4ff-d6d025e255ba');



DROP TABLE IF EXISTS `craft_elements`;


--
-- Schema for table `craft_elements`
--
CREATE TABLE `craft_elements` (
  `id` int(11) NOT NULL AUTO_INCREMENT,
  `type` varchar(150) COLLATE utf8_unicode_ci NOT NULL,
  `enabled` tinyint(1) unsigned NOT NULL DEFAULT '1',
  `archived` tinyint(1) unsigned NOT NULL DEFAULT '0',
  `dateCreated` datetime NOT NULL,
  `dateUpdated` datetime NOT NULL,
  `uid` char(36) COLLATE utf8_unicode_ci NOT NULL DEFAULT '0',
  PRIMARY KEY (`id`),
  KEY `craft_elements_type_idx` (`type`),
  KEY `craft_elements_enabled_idx` (`enabled`),
  KEY `craft_elements_archived_dateCreated_idx` (`archived`,`dateCreated`)
) ENGINE=InnoDB AUTO_INCREMENT=196 DEFAULT CHARSET=utf8 COLLATE=utf8_unicode_ci;

--
-- Data for table `craft_elements`
--

INSERT INTO `craft_elements` (`id`, `type`, `enabled`, `archived`, `dateCreated`, `dateUpdated`, `uid`) VALUES
 ('1', 'User', '1', '0', '2016-06-16 12:25:29', '2016-06-16 16:48:25', '41ba61fa-1a4f-49fc-947a-9c157aebfba1'),
 ('2', 'Entry', '1', '0', '2016-06-16 12:25:31', '2016-06-29 11:21:46', 'c4225c36-5387-406f-ba74-0b5aa8a55281'),
 ('4', 'Entry', '1', '0', '2016-06-16 16:36:08', '2016-06-23 16:47:30', '7e8ebac7-273d-44d2-8c68-1305fd6270af'),
 ('5', 'Entry', '1', '0', '2016-06-16 16:36:26', '2016-06-23 17:19:54', '78a771de-f4b9-4d43-9b0b-ff37d59d23c7'),
 ('9', 'Entry', '1', '0', '2016-06-23 17:34:48', '2016-06-29 11:13:53', '67b9f03d-6d69-491c-ab4e-ba5947f2ca76'),
 ('10', 'Category', '1', '0', '2016-06-24 09:49:07', '2016-06-24 09:49:07', '20a01e8d-6618-4725-ab8e-ff15cd1c64ad'),
 ('11', 'Category', '1', '0', '2016-06-24 09:49:17', '2016-06-24 09:49:17', '7f0794a3-08e2-4178-8296-a9ec3ea1c076'),
 ('12', 'Category', '1', '0', '2016-06-24 09:49:28', '2016-06-24 09:49:28', 'f590ba2b-14df-4bd1-874f-72f370fc33d5'),
 ('13', 'Category', '1', '0', '2016-06-24 09:49:40', '2016-06-24 09:49:40', '490186ec-37f9-43c6-afa6-fdafee9b93b9'),
 ('14', 'Category', '1', '0', '2016-06-24 09:49:53', '2016-06-24 09:49:53', 'e00ec69d-ea89-4549-8b13-9a2918b0f31c'),
 ('15', 'Category', '1', '0', '2016-06-24 09:50:05', '2016-06-24 09:50:05', '9c4e8642-e2e2-488c-97e4-734de10d8869'),
 ('16', 'Category', '1', '0', '2016-06-24 09:50:15', '2016-06-24 09:50:15', '04128deb-711c-4f82-9a38-9f498223fa7c'),
 ('18', 'Asset', '1', '0', '2016-06-24 11:14:42', '2016-06-24 11:14:42', '1341aa97-a0e7-4904-940d-82b3cd7a562b'),
 ('19', 'Asset', '1', '0', '2016-06-24 11:17:03', '2016-06-24 11:17:03', '22c77758-f33a-434e-9648-2615a4676161'),
 ('20', 'Asset', '1', '0', '2016-06-24 11:17:22', '2016-06-24 11:17:22', '3599e5fd-53eb-4f89-84df-ae6a1057de5b'),
 ('21', 'Asset', '1', '0', '2016-06-24 11:17:38', '2016-06-24 11:17:38', 'a942906a-9d0f-41a0-b1a9-11920e75da9f'),
 ('22', 'Asset', '1', '0', '2016-06-24 11:27:03', '2016-06-24 11:27:03', 'ad10a3a7-c7f2-487f-99c0-d84abd5bb824'),
 ('23', 'Asset', '1', '0', '2016-06-24 12:28:02', '2016-06-28 10:31:47', 'eb1eeb31-ed93-4586-9084-666ffda9498f'),
 ('24', 'Asset', '1', '0', '2016-06-24 12:29:05', '2016-06-24 12:29:05', 'd982b8da-20a8-4fee-8381-7301772a4074'),
 ('25', 'Asset', '1', '0', '2016-06-24 12:29:43', '2016-06-24 12:29:43', 'd3279ae2-5ca9-4469-a9be-849f6dda5037'),
 ('26', 'Asset', '1', '0', '2016-06-24 12:30:31', '2016-06-24 12:30:31', '8a7e7177-4bba-4401-8286-f5f1c596803b'),
 ('27', 'Asset', '1', '0', '2016-06-24 12:31:04', '2016-06-24 12:31:04', 'd85f1796-2b68-4de5-8353-6e50f02617ea'),
 ('30', 'Entry', '1', '0', '2016-06-25 17:33:29', '2016-06-28 11:39:01', '4130e02a-1698-4f56-9a3f-fad8272217a1'),
 ('31', 'Asset', '1', '0', '2016-06-25 18:01:24', '2016-06-25 18:01:24', '9729090b-0962-45b1-b781-6aa5790fca93'),
 ('32', 'Asset', '1', '0', '2016-06-25 18:01:50', '2016-06-25 18:01:50', '11b1ed1d-4e26-4cba-9508-268aa0abc69c'),
 ('33', 'Asset', '1', '0', '2016-06-25 18:02:23', '2016-06-25 18:02:23', '2507922f-c907-4425-9667-b4dc2938f069'),
 ('34', 'Category', '1', '0', '2016-06-26 12:15:25', '2016-06-26 12:15:25', '3118c6b0-a587-43bb-9de3-d831102d1460'),
 ('35', 'Asset', '1', '0', '2016-06-26 12:23:06', '2016-06-28 10:31:33', '8066b637-f55c-4680-825d-09f7dead328a'),
 ('36', 'Category', '1', '0', '2016-06-26 12:30:41', '2016-06-26 12:30:41', 'ce68ef52-0551-4cc8-931d-14bbaf4ddf84'),
 ('37', 'Asset', '1', '0', '2016-06-26 12:34:17', '2016-06-26 12:34:17', 'ec956cd2-9c6f-4d89-952e-59013a64d1e5'),
 ('38', 'Entry', '1', '0', '2016-06-26 12:34:51', '2016-06-28 11:45:32', 'dc0b43c4-ad22-4a05-849b-39cf7dc8314b'),
 ('39', 'Asset', '1', '0', '2016-06-26 12:41:50', '2016-06-26 12:41:50', '6de9053b-0085-4b5d-8c40-69be57fc35f1'),
 ('40', 'Asset', '1', '0', '2016-06-26 12:43:05', '2016-06-26 12:43:05', '079e14e6-6bc6-4ddb-83a1-837a6adc45f3'),
 ('41', 'Asset', '1', '0', '2016-06-26 12:44:25', '2016-06-26 12:44:25', '6277fe6c-bfd8-4546-854a-00ad251a1ac3'),
 ('42', 'Asset', '1', '0', '2016-06-26 12:46:49', '2016-06-26 12:46:49', '8e84b911-773d-4bf0-b72d-49ba7711814c'),
 ('43', 'Category', '1', '0', '2016-06-27 10:36:35', '2016-06-27 10:36:35', '0c183425-43eb-4a5a-b950-d209b2037698'),
 ('44', 'Category', '1', '0', '2016-06-27 10:37:12', '2016-06-27 10:37:12', '4167ec75-68b7-4e4c-b4e5-385c25a2dda2'),
 ('45', 'Asset', '1', '0', '2016-06-27 10:38:14', '2016-06-27 10:38:14', '8c14328a-362f-4386-a108-dd411fa596f0'),
 ('46', 'Asset', '1', '0', '2016-06-27 10:55:11', '2016-06-27 10:55:11', '07523dbc-5dbe-4b90-be29-3585e1c476e4'),
 ('47', 'Entry', '1', '0', '2016-06-27 10:55:24', '2016-06-28 12:09:47', 'dfe61a99-2407-47d2-b941-cdb194bb012f'),
 ('48', 'Asset', '1', '0', '2016-06-27 10:57:31', '2016-06-27 10:57:31', '39762481-17da-4af9-83cd-007dd4603467'),
 ('49', 'Asset', '1', '0', '2016-06-27 10:58:54', '2016-06-27 10:58:54', '84e23574-7f2c-49a3-89a5-d2726d1aadcb'),
 ('50', 'Category', '1', '0', '2016-06-27 11:14:31', '2016-06-27 11:14:31', '996af057-fb56-4258-8ef0-34c4fc5d1f6f'),
 ('51', 'Asset', '1', '0', '2016-06-27 11:17:50', '2016-06-27 11:17:50', '433cc409-ecc9-4fb9-bbdb-da5bd3aaba31'),
 ('52', 'Asset', '1', '0', '2016-06-27 11:23:24', '2016-06-27 11:23:24', '7f082396-6ceb-44ef-a535-cfacb78f3203'),
 ('53', 'Asset', '1', '0', '2016-06-27 11:23:38', '2016-06-27 11:33:56', '34f6d1de-28ca-4dcf-913b-c60b20315a8c'),
 ('54', 'Asset', '1', '0', '2016-06-27 11:23:45', '2016-06-27 11:33:57', '261f40cd-8c35-4ca6-bc4b-53f6bfd7fde0'),
 ('55', 'Entry', '1', '0', '2016-06-27 11:25:16', '2016-06-28 12:10:15', '23734544-8bf0-4ac3-85c5-4874c174e02a'),
 ('58', 'Category', '1', '0', '2016-06-27 12:08:14', '2016-06-27 12:08:14', '9e35230e-8630-4ffc-834b-05c2e5b97dbf'),
 ('59', 'Category', '1', '0', '2016-06-27 12:08:25', '2016-06-27 12:08:25', '95099014-72de-4294-a7d4-fd429049a766'),
 ('60', 'Category', '1', '0', '2016-06-27 12:08:41', '2016-06-27 12:08:41', '0098fb0a-bb22-446a-a1cb-9b2dc86e360b'),
 ('61', 'Asset', '1', '0', '2016-06-27 12:09:12', '2016-06-27 12:09:12', 'eb787f03-4721-4f51-9d8d-f5ee55487908'),
 ('62', 'Asset', '1', '0', '2016-06-27 12:10:29', '2016-06-27 12:10:29', '306473a7-c39b-45bf-9700-8be13ab86e91'),
 ('63', 'Asset', '1', '0', '2016-06-27 12:16:06', '2016-06-27 12:16:06', 'edf3aeba-09bd-468a-8465-23b2b9ecd266'),
 ('64', 'Asset', '1', '0', '2016-06-27 12:16:09', '2016-06-27 12:16:09', 'c8ef5acd-5fab-42e6-be5a-fb8018653e1d'),
 ('65', 'Asset', '1', '0', '2016-06-27 12:16:10', '2016-06-27 12:16:10', 'b87eba85-0ca0-4ea4-8a91-7631d4cc1211'),
 ('66', 'Entry', '1', '0', '2016-06-27 12:17:13', '2016-06-28 12:17:31', '16594293-f6ea-4a3c-a423-6743fe9461c2'),
 ('67', 'Asset', '1', '0', '2016-06-27 14:26:04', '2016-06-28 10:31:34', '90c76435-3c61-4190-9c48-c21ca73fc023'),
 ('72', 'Asset', '1', '0', '2016-06-27 14:26:12', '2016-06-28 10:31:36', 'a825d839-156a-4b4e-9d9f-9e08d6f4e01b'),
 ('73', 'Asset', '1', '0', '2016-06-27 14:26:12', '2016-06-28 10:31:37', '3fa3cca0-4e3f-44ac-8111-3c7712b77295'),
 ('74', 'Asset', '1', '0', '2016-06-27 14:26:14', '2016-06-28 10:31:36', 'b1141b73-e621-4c81-a116-ed5f2d463ad8'),
 ('75', 'Asset', '1', '0', '2016-06-27 14:26:14', '2016-06-28 10:31:37', 'c6b0ac6d-7dd4-42b2-af53-af3756d232e4'),
 ('76', 'Asset', '1', '0', '2016-06-27 14:26:16', '2016-06-28 10:31:37', 'c0b3e654-6702-472c-a543-435f130a7ec1'),
 ('77', 'Asset', '1', '0', '2016-06-27 14:26:16', '2016-06-28 10:31:37', '785325d0-9912-4478-961d-977e4b72510f'),
 ('78', 'Asset', '1', '0', '2016-06-27 14:26:17', '2016-06-28 10:31:38', '2804cdce-e9be-45bd-985f-3c18cbf0d2b7'),
 ('79', 'Asset', '1', '0', '2016-06-27 14:26:18', '2016-06-28 10:31:38', 'e6dbf6cd-2bb6-41e0-b291-1f558455b1b5'),
 ('80', 'Asset', '1', '0', '2016-06-27 14:26:18', '2016-06-28 10:31:38', 'b02cfa43-8f7d-4a43-9d07-b7b66dc7603c'),
 ('81', 'Asset', '1', '0', '2016-06-27 14:26:19', '2016-06-28 10:31:39', '926ce511-c510-49d4-9436-fa5b32a3ffce'),
 ('82', 'Asset', '1', '0', '2016-06-27 14:26:19', '2016-06-28 10:31:39', 'f547c3c4-d258-42b1-b07f-0d95e8025e67'),
 ('83', 'Asset', '1', '0', '2016-06-27 14:26:20', '2016-06-28 10:31:39', 'eeb47a35-74ec-4f9a-9f84-107dc4559fd3'),
 ('84', 'Asset', '1', '0', '2016-06-27 14:26:20', '2016-06-28 10:31:39', '7a645104-edad-4696-93d7-1978b03e69e8'),
 ('85', 'Asset', '1', '0', '2016-06-27 14:26:21', '2016-06-28 10:31:40', '40f3a771-1386-4c69-9621-04cc31128bc1'),
 ('86', 'Asset', '1', '0', '2016-06-27 14:26:21', '2016-06-28 10:31:40', '82971789-c692-44ce-8738-fccf0df30ea7'),
 ('87', 'Asset', '1', '0', '2016-06-27 14:26:21', '2016-06-28 10:31:41', '0be2e75b-09bd-48b8-ad4b-b93709d4418d'),
 ('88', 'Asset', '1', '0', '2016-06-27 14:26:22', '2016-06-28 10:31:41', 'ebf589dc-39b3-4958-bb89-63c9fd448b68'),
 ('89', 'Asset', '1', '0', '2016-06-27 14:26:22', '2016-06-28 10:31:41', 'c9809ac3-5534-4a99-91e3-9699b9731c1a'),
 ('90', 'Asset', '1', '0', '2016-06-27 14:26:23', '2016-06-28 10:31:42', '87de4b5f-d08f-4e7a-b826-a9420f3df03f'),
 ('91', 'Asset', '1', '0', '2016-06-27 14:26:23', '2016-06-28 10:31:42', 'f77c3036-716e-474a-8f38-35e4c2b87e1b'),
 ('92', 'Asset', '1', '0', '2016-06-27 14:26:24', '2016-06-28 10:31:43', 'a4539474-e561-482e-aca8-7a5bfc4806e8'),
 ('93', 'Asset', '1', '0', '2016-06-27 14:26:24', '2016-06-28 10:31:43', 'a2115553-3a14-41ab-9fd7-bba646a5bf82'),
 ('94', 'Asset', '1', '0', '2016-06-27 14:26:24', '2016-06-28 10:31:43', '369d798a-c192-422f-82c0-57932a68086d'),
 ('95', 'Asset', '1', '0', '2016-06-27 14:26:25', '2016-06-28 10:31:44', 'd5755393-bf9a-42c3-afb1-41757cf5a47f'),
 ('96', 'Asset', '1', '0', '2016-06-27 14:26:25', '2016-06-28 10:31:44', 'e5868d75-a8df-4247-b3d8-376e2dc44b6a'),
 ('97', 'Asset', '1', '0', '2016-06-27 14:26:26', '2016-06-28 10:31:44', 'cf73d178-5c25-4e7c-a053-3d52c9adb05d'),
 ('98', 'Asset', '1', '0', '2016-06-27 14:26:26', '2016-06-28 10:31:45', '146f4e05-b7e8-4421-9c6b-1de6ebd6ff41'),
 ('99', 'Asset', '1', '0', '2016-06-27 14:26:27', '2016-06-28 10:31:45', '63045d03-22bc-4b10-ae67-40c3de6f589c'),
 ('100', 'Asset', '1', '0', '2016-06-27 14:26:27', '2016-06-28 10:31:45', '36ef2c07-219b-495c-b62b-8dd6285cabb3'),
 ('101', 'Asset', '1', '0', '2016-06-27 14:26:28', '2016-06-28 10:31:46', 'ab2568f9-87ec-43d4-b095-6411583842f4'),
 ('102', 'Asset', '1', '0', '2016-06-27 14:26:28', '2016-06-28 10:31:45', 'f40953d6-6318-4c5a-9149-12296156167f'),
 ('103', 'Asset', '1', '0', '2016-06-27 14:26:29', '2016-06-28 10:31:46', 'edf6cc51-f306-4b35-b3cd-a766294916d0'),
 ('105', 'Asset', '1', '0', '2016-06-27 14:26:30', '2016-06-28 10:31:47', 'eef5b37d-dc1a-4389-8b94-3bccd1b6c318'),
 ('106', 'Asset', '1', '0', '2016-06-27 14:26:30', '2016-06-28 10:31:50', '35041bfb-073f-4186-8ca8-eca6e4b49cb0'),
 ('107', 'Asset', '1', '0', '2016-06-27 14:26:31', '2016-06-28 10:31:48', '4d797f27-bf49-491f-a2db-63ac539fe474'),
 ('108', 'Asset', '1', '0', '2016-06-27 14:26:32', '2016-06-28 10:31:50', '01b073f7-402c-40d2-9773-978e3993a646'),
 ('109', 'Asset', '1', '0', '2016-06-27 14:26:32', '2016-06-28 10:31:50', '815a851a-774e-4af5-bf79-6961bfb999d9'),
 ('157', 'Asset', '1', '0', '2016-06-28 09:58:48', '2016-06-28 09:58:48', 'efa90f2b-ef7f-4b4f-a2ba-42c41d053879'),
 ('158', 'Asset', '1', '0', '2016-06-28 09:59:41', '2016-06-28 09:59:41', 'ff7e329c-6e65-4326-9e65-ded654e77944'),
 ('159', 'Asset', '1', '0', '2016-06-28 09:59:42', '2016-06-28 09:59:42', '6458d930-f0d7-43cd-8905-9a7f54d00a55'),
 ('160', 'Asset', '1', '0', '2016-06-28 09:59:43', '2016-06-28 09:59:43', 'fd0f1b94-50e7-4f81-946d-17cbfe4f99d7'),
 ('166', 'Asset', '1', '0', '2016-06-28 10:27:03', '2016-06-28 10:31:46', 'f2f6b326-e5c8-4115-9214-3db5d88aa056');
INSERT INTO `craft_elements` (`id`, `type`, `enabled`, `archived`, `dateCreated`, `dateUpdated`, `uid`) VALUES
 ('167', 'Asset', '1', '0', '2016-06-28 10:28:28', '2016-06-28 10:31:36', '6454f512-2c60-4579-9240-c1155831aee1'),
 ('168', 'Asset', '1', '0', '2016-06-28 10:29:02', '2016-06-28 10:31:35', 'ba269189-cea2-45f2-851e-882164dae5df'),
 ('169', 'Asset', '1', '0', '2016-06-28 10:29:04', '2016-06-28 10:31:34', '2a1e7b71-5bdc-4208-9e52-b98294aa79cb'),
 ('170', 'Asset', '1', '0', '2016-06-28 10:29:09', '2016-06-28 10:31:35', 'ae6cb0a8-c22c-4a9f-bcc6-37895b357db9'),
 ('171', 'Asset', '1', '0', '2016-06-28 11:35:14', '2016-06-28 11:35:14', '1fab816a-3b21-420d-bf81-ab5784894a79'),
 ('172', 'Asset', '1', '0', '2016-06-28 11:36:01', '2016-06-28 11:36:01', 'e323d06b-907d-49e6-8c93-47467ac3aee7'),
 ('173', 'Asset', '1', '0', '2016-06-28 11:38:55', '2016-06-28 11:38:55', 'b65a13d5-5b75-4b4c-bfa3-e6d27170d5d9'),
 ('174', 'Asset', '1', '0', '2016-06-28 11:43:21', '2016-06-28 11:43:21', '21eb3309-1ac4-4483-b9cd-7816bfc723ab'),
 ('175', 'Asset', '1', '0', '2016-06-28 11:44:37', '2016-06-28 11:44:37', 'd913be23-523b-4bbf-8810-af81224ce56b'),
 ('176', 'Asset', '1', '0', '2016-06-28 11:44:39', '2016-06-28 11:44:39', '4e1cafec-82d6-400e-9326-061eccc6551a'),
 ('177', 'Asset', '1', '0', '2016-06-28 11:45:16', '2016-06-28 11:45:16', '879b6963-5a4d-4b68-b948-15726b01c9d5'),
 ('181', 'Asset', '1', '0', '2016-06-28 11:52:26', '2016-06-28 11:52:26', '68fa8257-f1c2-4911-80b1-41bd4d53da9e'),
 ('182', 'Asset', '1', '0', '2016-06-28 11:52:27', '2016-06-28 11:52:27', '06b43800-a1ec-47b0-ad26-cc7d9c4e2785'),
 ('183', 'Asset', '1', '0', '2016-06-28 11:52:28', '2016-06-28 11:52:28', 'b0034c59-0614-4b39-8f6e-b427e8059cf5'),
 ('186', 'Asset', '1', '0', '2016-06-28 12:05:26', '2016-06-28 12:05:26', '9eb437ec-9765-4d5e-a1b6-4350963d1bc7'),
 ('187', 'Asset', '1', '0', '2016-06-28 12:05:27', '2016-06-28 12:05:27', 'd9c6c3c6-f90f-41af-8b85-295d52fa6146'),
 ('188', 'Asset', '1', '0', '2016-06-28 12:05:30', '2016-06-28 12:05:30', '35c8d9eb-dd0c-4570-a66a-3f12d519a536'),
 ('189', 'Asset', '1', '0', '2016-06-28 12:08:56', '2016-06-28 12:08:56', '7b398e90-52f2-435a-ba03-198371eeeb40'),
 ('190', 'Asset', '1', '0', '2016-06-28 12:08:59', '2016-06-28 12:08:59', '6594e884-b534-4b62-94df-15bf256fceb3'),
 ('191', 'Asset', '1', '0', '2016-06-28 12:14:41', '2016-06-28 12:14:41', '3f1172f0-2aad-4e77-b5dd-6666b0456f7f'),
 ('192', 'Asset', '1', '0', '2016-06-28 12:14:44', '2016-06-28 12:14:44', 'd9048527-ad97-4f50-a3af-edef3a929668'),
 ('193', 'Asset', '1', '0', '2016-06-28 12:14:47', '2016-06-28 12:14:47', '394111fb-3c85-4c65-81f2-b10a3e0e1a85'),
 ('195', 'Asset', '1', '0', '2016-06-28 12:17:16', '2016-06-28 12:17:16', '180afcb7-a35a-4c81-9bc1-254d4d51fddc');



DROP TABLE IF EXISTS `craft_elements_i18n`;


--
-- Schema for table `craft_elements_i18n`
--
CREATE TABLE `craft_elements_i18n` (
  `id` int(11) NOT NULL AUTO_INCREMENT,
  `elementId` int(11) NOT NULL,
  `locale` char(12) COLLATE utf8_unicode_ci NOT NULL,
  `slug` varchar(255) COLLATE utf8_unicode_ci DEFAULT NULL,
  `uri` varchar(255) COLLATE utf8_unicode_ci DEFAULT NULL,
  `enabled` tinyint(1) unsigned NOT NULL DEFAULT '1',
  `dateCreated` datetime NOT NULL,
  `dateUpdated` datetime NOT NULL,
  `uid` char(36) COLLATE utf8_unicode_ci NOT NULL DEFAULT '0',
  PRIMARY KEY (`id`),
  UNIQUE KEY `craft_elements_i18n_elementId_locale_unq_idx` (`elementId`,`locale`),
  UNIQUE KEY `craft_elements_i18n_uri_locale_unq_idx` (`uri`,`locale`),
  KEY `craft_elements_i18n_slug_locale_idx` (`slug`,`locale`),
  KEY `craft_elements_i18n_enabled_idx` (`enabled`),
  KEY `craft_elements_i18n_locale_fk` (`locale`)
) ENGINE=InnoDB AUTO_INCREMENT=196 DEFAULT CHARSET=utf8 COLLATE=utf8_unicode_ci;

--
-- Data for table `craft_elements_i18n`
--

INSERT INTO `craft_elements_i18n` (`id`, `elementId`, `locale`, `slug`, `uri`, `enabled`, `dateCreated`, `dateUpdated`, `uid`) VALUES
 ('1', '1', 'en', '', NULL, '1', '2016-06-16 12:25:29', '2016-06-16 16:48:25', 'd0f1a946-5f9f-450c-89f8-b44edbf0311c'),
 ('2', '2', 'en', 'homepage', '__home__', '1', '2016-06-16 12:25:31', '2016-06-29 11:21:47', '9be80d29-b311-4220-b405-8ffae4911561'),
 ('4', '4', 'en', 'about', 'about', '1', '2016-06-16 16:36:08', '2016-06-23 16:47:30', '96149a51-493f-4e63-927e-755d2db42256'),
 ('5', '5', 'en', 'contact', 'contact', '1', '2016-06-16 16:36:26', '2016-06-23 17:19:54', '44274fe1-74cf-4046-8c15-74b581ee0835'),
 ('9', '9', 'en', 'cadenza', 'work/cadenza', '1', '2016-06-23 17:34:48', '2016-06-29 11:13:53', '67620fb8-4ceb-4321-9922-23224c1aa698'),
 ('10', '10', 'en', 'ui-design', 'services/ui-design', '1', '2016-06-24 09:49:07', '2016-06-24 09:49:07', '362a9166-9749-4532-aa6f-2b333e4d4691'),
 ('11', '11', 'en', 'ux-design', 'services/ux-design', '1', '2016-06-24 09:49:17', '2016-06-24 09:49:17', '87c8f539-38ff-43c8-80ab-35f451dab204'),
 ('12', '12', 'en', 'sketch-design', 'services/sketch-design', '1', '2016-06-24 09:49:28', '2016-06-24 09:49:29', '7b723ae7-cb29-41b5-9e2d-ad262898d833'),
 ('13', '13', 'en', 'invision-prototyping', 'services/invision-prototyping', '1', '2016-06-24 09:49:40', '2016-06-24 09:49:40', 'fc1a6e05-519a-409a-ba6c-e56ba082f9f5'),
 ('14', '14', 'en', 'ui-ux-design', 'services/ui-ux-design', '1', '2016-06-24 09:49:53', '2016-06-24 09:49:53', '6fd7f111-2420-47db-9373-75ffae32b182'),
 ('15', '15', 'en', 'branding', 'services/branding', '1', '2016-06-24 09:50:05', '2016-06-24 09:50:05', '148f3d42-08d3-466e-a482-fe063449d0ae'),
 ('16', '16', 'en', 'illustration', 'services/illustration', '1', '2016-06-24 09:50:15', '2016-06-24 09:50:15', 'e78027cf-e031-4073-b6eb-60a5fdef99a8'),
 ('18', '18', 'en', 'cadenza-big', NULL, '1', '2016-06-24 11:14:42', '2016-06-24 11:14:42', '7377a83a-471c-41ce-a9cf-3f9aaea5298b'),
 ('19', '19', 'en', 'cad-3', NULL, '1', '2016-06-24 11:17:03', '2016-06-24 11:17:03', 'ecc34077-beb6-483a-9887-73bab1f0ecb7'),
 ('20', '20', 'en', 'cad-2', NULL, '1', '2016-06-24 11:17:23', '2016-06-24 11:17:23', 'd8dcbf6f-e735-41ad-918f-1a63f24784fb'),
 ('21', '21', 'en', 'cad-1', NULL, '1', '2016-06-24 11:17:38', '2016-06-24 11:17:38', '85ce6d16-d929-4dbb-a61c-f4e9db6a542f'),
 ('22', '22', 'en', 'cadenza-big-1x', NULL, '1', '2016-06-24 11:27:03', '2016-06-24 11:27:03', 'e0be51fe-36b8-4ed2-bba8-eb3fa0ece793'),
 ('23', '23', 'en', 'project2', NULL, '1', '2016-06-24 12:28:02', '2016-06-28 10:31:47', '815cb9e7-1a2a-44bf-9a99-e0698d656987'),
 ('24', '24', 'en', 'project3', NULL, '1', '2016-06-24 12:29:05', '2016-06-24 12:29:05', '744241c7-43a2-45d9-b119-5a0904a2c3c1'),
 ('25', '25', 'en', 'project4', NULL, '1', '2016-06-24 12:29:44', '2016-06-24 12:29:44', '0c0c518e-b780-4f2e-bee8-138724810741'),
 ('26', '26', 'en', 'project5', NULL, '1', '2016-06-24 12:30:31', '2016-06-24 12:30:31', 'e2c2204f-3c67-45e6-8ffa-bcd5ca6b9e22'),
 ('27', '27', 'en', 'project6', NULL, '1', '2016-06-24 12:31:04', '2016-06-24 12:31:04', '51c8ff28-315c-4d1e-ac7e-af045c1c4879'),
 ('30', '30', 'en', 'ambio', 'work/ambio', '1', '2016-06-25 17:33:30', '2016-06-28 11:39:02', '4b216542-44cb-4829-b294-cfb533f85fee'),
 ('31', '31', 'en', 'smartmockups-3', NULL, '1', '2016-06-25 18:01:24', '2016-06-25 18:01:24', 'cbc8739f-8ac0-4ccc-ab5e-3d8b51092d99'),
 ('32', '32', 'en', 'smartmockups-copy', NULL, '1', '2016-06-25 18:01:50', '2016-06-25 18:01:50', 'a6c91b36-c722-4b33-ae38-726598331f07'),
 ('33', '33', 'en', 'smartmockups-copy-3', NULL, '1', '2016-06-25 18:02:23', '2016-06-25 18:02:23', 'cd7df401-fbf2-43fa-aadd-6a77fc12b30d'),
 ('34', '34', 'en', 'randd', 'services/randd', '1', '2016-06-26 12:15:25', '2016-06-26 12:23:15', 'c783fa11-60ed-4e0a-bdc0-75a3d5298112'),
 ('35', '35', 'en', 'implant-xray', NULL, '1', '2016-06-26 12:23:06', '2016-06-28 10:31:33', '845507b3-6bcb-4fbc-a7f5-2ceef585dfdf'),
 ('36', '36', 'en', 'indesign', 'services/indesign', '1', '2016-06-26 12:30:41', '2016-06-26 12:34:52', '6e5bfeae-6168-46c1-86be-f29dcb707352'),
 ('37', '37', 'en', 'cosmos-1x', NULL, '1', '2016-06-26 12:34:17', '2016-06-26 12:34:17', '51014c67-5944-428b-ac7a-ee56d1654c1c'),
 ('38', '38', 'en', 'cosmos', 'work/cosmos', '1', '2016-06-26 12:34:51', '2016-06-28 11:45:32', '4ec1fea6-8732-4921-836c-7e1be6368b13'),
 ('39', '39', 'en', 'station-mockup', NULL, '1', '2016-06-26 12:41:50', '2016-06-26 12:41:50', '1e67714a-979f-41d0-8287-d4da2f360691'),
 ('40', '40', 'en', 'anim-pump', NULL, '1', '2016-06-26 12:43:05', '2016-06-26 12:43:05', '8d344b18-b84a-46e1-afe1-e9eee848f529'),
 ('41', '41', 'en', 'cosmos-identity', NULL, '1', '2016-06-26 12:44:25', '2016-06-26 12:44:25', '3203648d-8280-4bbf-b5f5-724ac48d210f'),
 ('42', '42', 'en', 'pump-bg', NULL, '1', '2016-06-26 12:46:49', '2016-06-26 12:46:49', 'dd964e67-f462-4a7a-93c8-b155040c2603'),
 ('43', '43', 'en', 'rwd', 'services/rwd', '1', '2016-06-27 10:36:35', '2016-06-27 10:55:25', 'edcf4d08-aca6-49cb-a7f3-37fbc2284cdb'),
 ('44', '44', 'en', 'sql', 'services/sql', '1', '2016-06-27 10:37:12', '2016-06-27 10:55:25', '1403151f-44f2-4cf6-ba05-57e30a0f4fd4'),
 ('45', '45', 'en', 'badnoise-1x', NULL, '1', '2016-06-27 10:38:14', '2016-06-27 10:38:14', '5a2c76b3-7b47-4b4b-b408-f02f87a54e60'),
 ('46', '46', 'en', 'smartmockups-1', NULL, '1', '2016-06-27 10:55:11', '2016-06-27 10:55:11', '50896cd1-3380-4513-af58-654ab6ee38e9'),
 ('47', '47', 'en', 'badnoise', 'work/badnoise', '1', '2016-06-27 10:55:25', '2016-06-28 12:09:47', '3fe59815-4c70-4b2c-9d08-e311de45a282'),
 ('48', '48', 'en', 'smartmockups-3', NULL, '1', '2016-06-27 10:57:31', '2016-06-27 10:57:31', 'f1128466-a152-4fd6-935f-1a4df262f157'),
 ('49', '49', 'en', 'smartmockups-2', NULL, '1', '2016-06-27 10:58:54', '2016-06-27 10:58:54', '60605601-a2ab-4a06-bd29-211a3bb76bee'),
 ('50', '50', 'en', 'muse', 'services/muse', '1', '2016-06-27 11:14:31', '2016-06-27 11:25:16', 'de342607-1e98-4e78-800f-b303e876112a'),
 ('51', '51', 'en', 'applyignorance-1x', NULL, '1', '2016-06-27 11:17:50', '2016-06-27 11:17:50', 'dd5c0fe1-6ef7-4ac8-a4a8-d6824547342c'),
 ('52', '52', 'en', 'peoplefusion1', NULL, '1', '2016-06-27 11:23:24', '2016-06-27 11:23:24', 'e58fc44c-f8a7-4135-94f9-8f9d461da418'),
 ('53', '53', 'en', 'peoplefusion2', NULL, '1', '2016-06-27 11:23:38', '2016-06-27 11:33:56', '204ce554-aec6-489a-a245-17c58e12e583'),
 ('54', '54', 'en', 'peoplefusion3', NULL, '1', '2016-06-27 11:23:45', '2016-06-27 11:33:57', 'bd5f883d-11a5-415f-890d-fbce9d903a02'),
 ('55', '55', 'en', 'apply-ignorance', 'work/apply-ignorance', '1', '2016-06-27 11:25:16', '2016-06-28 12:10:15', '16cdaf05-6794-4c0e-927e-7ad58379eb24'),
 ('58', '58', 'en', 'photo', 'services/photo', '1', '2016-06-27 12:08:14', '2016-06-27 12:16:51', 'ad1d461d-7c30-4785-81f0-8fdd4eab2431'),
 ('59', '59', 'en', 'studio', 'services/studio', '1', '2016-06-27 12:08:25', '2016-06-27 12:16:51', 'ebcec8e7-e34b-45e8-8322-d59ec348a5bd'),
 ('60', '60', 'en', 'comp', 'services/comp', '1', '2016-06-27 12:08:41', '2016-06-27 12:16:51', '1d0fba8b-669b-4f20-9e53-d441d7a3d397'),
 ('61', '61', 'en', 'photography-1x', NULL, '1', '2016-06-27 12:09:12', '2016-06-27 12:09:12', 'bf531518-17bf-4227-b5ee-7b86accd2b66'),
 ('62', '62', 'en', 'photography-1x', NULL, '1', '2016-06-27 12:10:29', '2016-06-27 12:10:29', 'e7d2d0e1-e126-46cb-837c-cd1ecc7bc09b'),
 ('63', '63', 'en', '16447561813-5c80ebe903-k', NULL, '1', '2016-06-27 12:16:06', '2016-06-27 12:16:06', '909e5519-48ad-4947-bc74-d7117817a5aa'),
 ('64', '64', 'en', '16860253427-11b1360e3e-k', NULL, '1', '2016-06-27 12:16:09', '2016-06-27 12:16:09', '4d09ee52-6ce2-422e-ba23-0560654f4d6e'),
 ('65', '65', 'en', '16860303687-ae0d265e1d-k', NULL, '1', '2016-06-27 12:16:10', '2016-06-27 12:16:10', '39e3f5a3-328e-4a66-b150-b0b0c9409008'),
 ('66', '66', 'en', 'photography', 'work/photography', '1', '2016-06-27 12:17:13', '2016-06-28 12:17:31', '89f0e524-b8dd-4f79-bd01-391a25b71899'),
 ('67', '67', 'en', 'badnoise-nb', NULL, '1', '2016-06-27 14:26:04', '2016-06-28 10:31:34', '99b85388-9a0b-4b8a-ba3b-f22caf87fb64'),
 ('72', '72', 'en', 'android-icon-144x144', NULL, '1', '2016-06-27 14:26:12', '2016-06-28 10:31:36', 'f475dcc3-70e4-4d74-9143-21d06e7a660c'),
 ('73', '73', 'en', 'android-icon-36x36', NULL, '1', '2016-06-27 14:26:13', '2016-06-28 10:31:37', '84743df2-f765-4fb6-93ee-c39a7a61e30e'),
 ('74', '74', 'en', 'android-icon-192x192', NULL, '1', '2016-06-27 14:26:14', '2016-06-28 10:31:36', 'b2ce94e2-78e4-4280-8b98-0bd081319c2b'),
 ('75', '75', 'en', 'android-icon-48x48', NULL, '1', '2016-06-27 14:26:15', '2016-06-28 10:31:37', '62986ad7-2519-4294-a9ff-0b4c8f3af08a'),
 ('76', '76', 'en', 'android-icon-72x72', NULL, '1', '2016-06-27 14:26:16', '2016-06-28 10:31:37', 'd14b4a3e-24b4-487e-8e5c-5faf33a243dc'),
 ('77', '77', 'en', 'android-icon-96x96', NULL, '1', '2016-06-27 14:26:17', '2016-06-28 10:31:38', '0681d35d-c495-40ab-b4ee-16418e44d50d'),
 ('78', '78', 'en', 'apple-icon-120x120', NULL, '1', '2016-06-27 14:26:17', '2016-06-28 10:31:38', '78c089d9-354a-407e-9308-b7058ca0c42f'),
 ('79', '79', 'en', 'apple-icon-114x114', NULL, '1', '2016-06-27 14:26:18', '2016-06-28 10:31:38', 'e258a437-dca2-4921-b9c9-71b700188612'),
 ('80', '80', 'en', 'apple-icon-144x144', NULL, '1', '2016-06-27 14:26:18', '2016-06-28 10:31:38', 'de384ba3-ff36-4f80-8240-648e6b1fa9b9'),
 ('81', '81', 'en', 'apple-icon-152x152', NULL, '1', '2016-06-27 14:26:19', '2016-06-28 10:31:39', '81f64d7e-d82d-44bf-8274-c93006eb374a'),
 ('82', '82', 'en', 'apple-icon-57x57', NULL, '1', '2016-06-27 14:26:19', '2016-06-28 10:31:39', '827e9847-1a27-4707-a69c-06f19b927428'),
 ('83', '83', 'en', 'apple-icon-180x180', NULL, '1', '2016-06-27 14:26:20', '2016-06-28 10:31:39', '138d1256-bb47-4f62-9306-472ba418fe23'),
 ('84', '84', 'en', 'apple-icon-60x60', NULL, '1', '2016-06-27 14:26:20', '2016-06-28 10:31:39', '9622975f-d9af-4a70-acf1-6fe0dc60b294'),
 ('85', '85', 'en', 'apple-icon-72x72', NULL, '1', '2016-06-27 14:26:21', '2016-06-28 10:31:40', '647aab07-cb71-44de-8225-44f0beffd4e7'),
 ('86', '86', 'en', 'apple-icon-76x76', NULL, '1', '2016-06-27 14:26:21', '2016-06-28 10:31:41', 'c3c171c9-b357-4fbe-8400-5e551c66be10'),
 ('87', '87', 'en', 'apple-icon-precomposed', NULL, '1', '2016-06-27 14:26:21', '2016-06-28 10:31:41', '6702787d-ec76-4e2a-bfce-15e4fab72f0f'),
 ('88', '88', 'en', 'apple-icon', NULL, '1', '2016-06-27 14:26:22', '2016-06-28 10:31:41', 'f0b5b162-7cb1-44dd-9789-7c714ab14760'),
 ('89', '89', 'en', 'favicon-16x16', NULL, '1', '2016-06-27 14:26:22', '2016-06-28 10:31:41', '1b72bf58-2d50-4ff6-90d8-582c16a36213'),
 ('90', '90', 'en', 'favicon-32x32', NULL, '1', '2016-06-27 14:26:23', '2016-06-28 10:31:42', 'cc939598-7e6f-446a-9516-c7276696ba38'),
 ('91', '91', 'en', 'favicon-96x96', NULL, '1', '2016-06-27 14:26:23', '2016-06-28 10:31:42', '66ab6407-237a-45be-8f25-cd45734b7514'),
 ('92', '92', 'en', 'ms-icon-144x144', NULL, '1', '2016-06-27 14:26:24', '2016-06-28 10:31:43', '13ef4c40-53a6-4ced-ad4f-474108f36344'),
 ('93', '93', 'en', 'ms-icon-150x150', NULL, '1', '2016-06-27 14:26:24', '2016-06-28 10:31:43', '90efd887-84a5-432c-aad4-baa309b8c36e'),
 ('94', '94', 'en', 'ms-icon-310x310', NULL, '1', '2016-06-27 14:26:24', '2016-06-28 10:31:43', '742b5ac8-8fda-4d48-8f28-b9db0439dcd8'),
 ('95', '95', 'en', 'ms-icon-70x70', NULL, '1', '2016-06-27 14:26:25', '2016-06-28 10:31:44', '73f297f2-bd6a-402c-af40-230e34166646'),
 ('96', '96', 'en', 'logo', NULL, '1', '2016-06-27 14:26:25', '2016-06-28 10:31:44', '29a5d045-845f-43be-a0b2-2967b09a3630'),
 ('97', '97', 'en', 'logo-invert', NULL, '1', '2016-06-27 14:26:26', '2016-06-28 10:31:44', '4d7d907b-d3c7-4b60-8129-8f8538fb4919'),
 ('98', '98', 'en', 'me', NULL, '1', '2016-06-27 14:26:26', '2016-06-28 10:31:45', 'b8a657a1-66de-45b4-b6ae-06e9793d0a1c'),
 ('99', '99', 'en', 'nav-close', NULL, '1', '2016-06-27 14:26:27', '2016-06-28 10:31:45', '9822daea-bcc5-49ac-b72a-906b1580897a'),
 ('100', '100', 'en', 'nav', NULL, '1', '2016-06-27 14:26:27', '2016-06-28 10:31:45', '6a64c68b-079b-4667-9174-67a2627d7ee7'),
 ('101', '101', 'en', 'nav-invert', NULL, '1', '2016-06-27 14:26:28', '2016-06-28 10:31:46', 'df6dff18-5daf-4ada-8f5e-dc3d32c93f84'),
 ('102', '102', 'en', 'nav-close-invert', NULL, '1', '2016-06-27 14:26:28', '2016-06-28 10:31:45', 'bf7eab17-b171-4c96-b189-c3d671b1e467'),
 ('103', '103', 'en', 'pin', NULL, '1', '2016-06-27 14:26:29', '2016-06-28 10:31:46', '3ad2197b-7ea9-4076-b833-22784dc6c025'),
 ('105', '105', 'en', 'project2', NULL, '1', '2016-06-27 14:26:30', '2016-06-28 10:31:47', 'd9d5fe4b-4648-40b7-902e-3bb5c7752230'),
 ('106', '106', 'en', 'project3', NULL, '1', '2016-06-27 14:26:30', '2016-06-28 10:31:50', '6e388121-05db-424f-b419-f673bd3c52f5'),
 ('107', '107', 'en', 'project4', NULL, '1', '2016-06-27 14:26:31', '2016-06-28 10:31:48', '228050b6-bb3c-49a5-8f84-9073cb43537f'),
 ('108', '108', 'en', 'project5', NULL, '1', '2016-06-27 14:26:32', '2016-06-28 10:31:50', 'bb2fd1b5-77bc-4215-9d20-73a4409b21a8'),
 ('109', '109', 'en', 'project6', NULL, '1', '2016-06-27 14:26:33', '2016-06-28 10:31:50', '0058ee22-a32c-4a89-994d-e4f087a808f5'),
 ('157', '157', 'en', 'cadenza-big', NULL, '1', '2016-06-28 09:58:48', '2016-06-28 09:58:48', 'dd087c30-8d51-44d9-91c7-0a138c4c63e6'),
 ('158', '158', 'en', 'cad-1', NULL, '1', '2016-06-28 09:59:41', '2016-06-28 09:59:41', '8edf7c40-a826-4bba-a7e8-ad12701c2270'),
 ('159', '159', 'en', 'cad-2', NULL, '1', '2016-06-28 09:59:42', '2016-06-28 09:59:42', '59bc06a3-6c74-40a8-8e03-e51ef7cbd5ab'),
 ('160', '160', 'en', 'cad-3', NULL, '1', '2016-06-28 09:59:43', '2016-06-28 09:59:43', 'cb100b75-b51f-425a-8ec3-cc0957ac2ef8'),
 ('166', '166', 'en', 'project1', NULL, '1', '2016-06-28 10:27:03', '2016-06-28 10:31:47', '79ff5a4e-ffc2-490c-9b3e-fe0d5207f2b8');
INSERT INTO `craft_elements_i18n` (`id`, `elementId`, `locale`, `slug`, `uri`, `enabled`, `dateCreated`, `dateUpdated`, `uid`) VALUES
 ('167', '167', 'en', 'cadenza-big', NULL, '1', '2016-06-28 10:28:28', '2016-06-28 10:31:36', '54d3d386-0ec3-4647-b7ab-6d061dcddc97'),
 ('168', '168', 'en', 'cad-1', NULL, '1', '2016-06-28 10:29:02', '2016-06-28 10:31:35', 'e76f21f8-5c4f-4f60-8cbb-2a04289e0f4e'),
 ('169', '169', 'en', 'cad-2', NULL, '1', '2016-06-28 10:29:04', '2016-06-28 10:31:34', 'ab02c84f-e984-4bd7-a4ca-a6e105406b4e'),
 ('170', '170', 'en', 'cad-3', NULL, '1', '2016-06-28 10:29:10', '2016-06-28 10:31:35', '5ce30db8-7245-4029-b990-01c801c30304'),
 ('171', '171', 'en', 'ambio-1x', NULL, '1', '2016-06-28 11:35:14', '2016-06-28 11:35:14', '473ca01d-9fca-4ec2-8b1d-d2e29d3544ee'),
 ('172', '172', 'en', 'smartmockups-copy', NULL, '1', '2016-06-28 11:36:01', '2016-06-28 11:36:01', '5800e3fb-1b75-4d36-859a-ef46363e7565'),
 ('173', '173', 'en', 'smartmockups-copy-3', NULL, '1', '2016-06-28 11:38:55', '2016-06-28 11:38:55', '51c18c2c-6f6b-4a61-b77f-be1583e72a8b'),
 ('174', '174', 'en', 'cosmos-1x', NULL, '1', '2016-06-28 11:43:21', '2016-06-28 11:43:21', 'e47a6609-6032-4b7c-9377-66bda8861774'),
 ('175', '175', 'en', 'cosmos-identity', NULL, '1', '2016-06-28 11:44:37', '2016-06-28 11:44:37', 'ab73ac71-e14a-400f-9502-6ec6bee8a3c4'),
 ('176', '176', 'en', 'station-mockup', NULL, '1', '2016-06-28 11:44:40', '2016-06-28 11:44:40', '01fef8ff-09d4-45fb-9247-52d07c8d593b'),
 ('177', '177', 'en', 'pump-bg', NULL, '1', '2016-06-28 11:45:16', '2016-06-28 11:45:16', '2c56e6d7-4afa-4578-a1ff-3ffdbf17bb1e'),
 ('181', '181', 'en', 'badnoise1', NULL, '1', '2016-06-28 11:52:26', '2016-06-28 11:52:26', 'fac47e24-383b-4560-bc59-67f2308008c1'),
 ('182', '182', 'en', 'smartmockups-2', NULL, '1', '2016-06-28 11:52:27', '2016-06-28 11:52:27', '8ebe2c00-718d-4df4-95fc-5b3e4604c30f'),
 ('183', '183', 'en', 'smartmockups-3-160627-115730', NULL, '1', '2016-06-28 11:52:28', '2016-06-28 11:52:28', '23351f68-6082-4387-80bf-520672442398'),
 ('186', '186', 'en', 'peoplefusion1', NULL, '1', '2016-06-28 12:05:26', '2016-06-28 12:05:26', 'b34b52e8-fdeb-4f4a-a0dd-f6f094d51571'),
 ('187', '187', 'en', 'peoplefusion2', NULL, '1', '2016-06-28 12:05:27', '2016-06-28 12:05:27', 'b080ad6b-03f6-4df4-9ff7-7a40fc9521d9'),
 ('188', '188', 'en', 'peoplefusion3', NULL, '1', '2016-06-28 12:05:30', '2016-06-28 12:05:30', 'cf3be0d6-d4c9-48c6-ac42-e71677cace9d'),
 ('189', '189', 'en', 'applyignorance-1x', NULL, '1', '2016-06-28 12:08:56', '2016-06-28 12:08:56', '7bba2741-4513-4345-8cb4-557db1b05af8'),
 ('190', '190', 'en', 'badnoise-1x', NULL, '1', '2016-06-28 12:08:59', '2016-06-28 12:08:59', 'd9dfd3c6-981d-481d-9756-fe5074f6e23a'),
 ('191', '191', 'en', '16447561813-5c80ebe903-k', NULL, '1', '2016-06-28 12:14:41', '2016-06-28 12:14:41', '4aa0eade-1190-430a-9cfa-1b489d010d88'),
 ('192', '192', 'en', '16860253427-11b1360e3e-k', NULL, '1', '2016-06-28 12:14:44', '2016-06-28 12:14:44', '3367e885-e5e0-4e44-87f4-18c5e2dcff25'),
 ('193', '193', 'en', '16860303687-ae0d265e1d-k', NULL, '1', '2016-06-28 12:14:47', '2016-06-28 12:14:47', '743528b0-7d3e-46dd-b323-4f58507b24f1'),
 ('195', '195', 'en', 'photography-1x', NULL, '1', '2016-06-28 12:17:16', '2016-06-28 12:17:16', '013690bc-8735-42a1-b447-67a39e11d172');



DROP TABLE IF EXISTS `craft_emailmessages`;


--
-- Schema for table `craft_emailmessages`
--
CREATE TABLE `craft_emailmessages` (
  `id` int(11) NOT NULL AUTO_INCREMENT,
  `key` char(150) COLLATE utf8_unicode_ci NOT NULL,
  `locale` char(12) COLLATE utf8_unicode_ci NOT NULL,
  `subject` varchar(1000) COLLATE utf8_unicode_ci NOT NULL,
  `body` text COLLATE utf8_unicode_ci NOT NULL,
  `dateCreated` datetime NOT NULL,
  `dateUpdated` datetime NOT NULL,
  `uid` char(36) COLLATE utf8_unicode_ci NOT NULL DEFAULT '0',
  PRIMARY KEY (`id`),
  UNIQUE KEY `craft_emailmessages_key_locale_unq_idx` (`key`,`locale`),
  KEY `craft_emailmessages_locale_fk` (`locale`)
) ENGINE=InnoDB DEFAULT CHARSET=utf8 COLLATE=utf8_unicode_ci;

DROP TABLE IF EXISTS `craft_entries`;


--
-- Schema for table `craft_entries`
--
CREATE TABLE `craft_entries` (
  `id` int(11) NOT NULL,
  `sectionId` int(11) NOT NULL,
  `typeId` int(11) DEFAULT NULL,
  `authorId` int(11) DEFAULT NULL,
  `postDate` datetime DEFAULT NULL,
  `expiryDate` datetime DEFAULT NULL,
  `dateCreated` datetime NOT NULL,
  `dateUpdated` datetime NOT NULL,
  `uid` char(36) COLLATE utf8_unicode_ci NOT NULL DEFAULT '0',
  PRIMARY KEY (`id`),
  KEY `craft_entries_sectionId_idx` (`sectionId`),
  KEY `craft_entries_typeId_idx` (`typeId`),
  KEY `craft_entries_postDate_idx` (`postDate`),
  KEY `craft_entries_expiryDate_idx` (`expiryDate`),
  KEY `craft_entries_authorId_fk` (`authorId`)
) ENGINE=InnoDB DEFAULT CHARSET=utf8 COLLATE=utf8_unicode_ci;

--
-- Data for table `craft_entries`
--

INSERT INTO `craft_entries` (`id`, `sectionId`, `typeId`, `authorId`, `postDate`, `expiryDate`, `dateCreated`, `dateUpdated`, `uid`) VALUES
 ('2', '1', '1', NULL, '2016-06-23 14:46:27', NULL, '2016-06-16 12:25:31', '2016-06-29 11:21:47', '0cc91870-c5ee-4504-853d-ff0ac0aadc54'),
 ('4', '3', '3', NULL, '2016-06-23 15:40:49', NULL, '2016-06-16 16:36:08', '2016-06-23 16:47:30', '5c4fc261-564f-4fa7-8df1-df63a9cee470'),
 ('5', '4', '4', NULL, '2016-06-23 16:50:26', NULL, '2016-06-16 16:36:26', '2016-06-23 17:19:54', 'ee563c63-7bbd-4584-aaec-75ae4b45ec6c'),
 ('9', '5', '5', '1', '2016-06-23 17:34:00', NULL, '2016-06-23 17:34:48', '2016-06-29 11:13:54', '6b381626-1c92-49ac-86fb-5469a5da1c0a'),
 ('30', '5', '5', '1', '2016-06-25 17:33:00', NULL, '2016-06-25 17:33:30', '2016-06-28 11:39:02', '20ea8490-0e4a-4184-a63a-7efaf01d740a'),
 ('38', '5', '5', '1', '2016-06-26 12:35:00', NULL, '2016-06-26 12:34:51', '2016-06-28 11:45:33', '4a0a4729-1b16-4364-ae7d-d67820bfdfe6'),
 ('47', '5', '5', '1', '2016-06-27 11:02:00', NULL, '2016-06-27 10:55:25', '2016-06-28 12:09:47', 'f695ea90-3782-4aa0-a3c8-3104262e5263'),
 ('55', '5', '5', '1', '2016-06-27 11:45:00', NULL, '2016-06-27 11:25:16', '2016-06-28 12:10:15', 'b40f75ba-8da0-4e8b-92b5-0f7f2774487e'),
 ('66', '5', '5', '1', '2016-06-27 12:16:00', NULL, '2016-06-27 12:17:13', '2016-06-28 12:17:31', '00fd137b-861f-4d1e-ac8a-b5d507f41b7d');



DROP TABLE IF EXISTS `craft_entrydrafts`;


--
-- Schema for table `craft_entrydrafts`
--
CREATE TABLE `craft_entrydrafts` (
  `id` int(11) NOT NULL AUTO_INCREMENT,
  `entryId` int(11) NOT NULL,
  `sectionId` int(11) NOT NULL,
  `creatorId` int(11) NOT NULL,
  `locale` char(12) COLLATE utf8_unicode_ci NOT NULL,
  `name` varchar(255) COLLATE utf8_unicode_ci NOT NULL,
  `notes` tinytext COLLATE utf8_unicode_ci,
  `data` mediumtext COLLATE utf8_unicode_ci NOT NULL,
  `dateCreated` datetime NOT NULL,
  `dateUpdated` datetime NOT NULL,
  `uid` char(36) COLLATE utf8_unicode_ci NOT NULL DEFAULT '0',
  PRIMARY KEY (`id`),
  KEY `craft_entrydrafts_entryId_locale_idx` (`entryId`,`locale`),
  KEY `craft_entrydrafts_sectionId_fk` (`sectionId`),
  KEY `craft_entrydrafts_creatorId_fk` (`creatorId`),
  KEY `craft_entrydrafts_locale_fk` (`locale`)
) ENGINE=InnoDB DEFAULT CHARSET=utf8 COLLATE=utf8_unicode_ci;

DROP TABLE IF EXISTS `craft_entrytypes`;


--
-- Schema for table `craft_entrytypes`
--
CREATE TABLE `craft_entrytypes` (
  `id` int(11) NOT NULL AUTO_INCREMENT,
  `sectionId` int(11) NOT NULL,
  `fieldLayoutId` int(11) DEFAULT NULL,
  `name` varchar(255) COLLATE utf8_unicode_ci NOT NULL,
  `handle` varchar(255) COLLATE utf8_unicode_ci NOT NULL,
  `hasTitleField` tinyint(1) unsigned NOT NULL DEFAULT '1',
  `titleLabel` varchar(255) COLLATE utf8_unicode_ci DEFAULT 'Title',
  `titleFormat` varchar(255) COLLATE utf8_unicode_ci DEFAULT NULL,
  `sortOrder` smallint(6) unsigned DEFAULT NULL,
  `dateCreated` datetime NOT NULL,
  `dateUpdated` datetime NOT NULL,
  `uid` char(36) COLLATE utf8_unicode_ci NOT NULL DEFAULT '0',
  PRIMARY KEY (`id`),
  UNIQUE KEY `craft_entrytypes_name_sectionId_unq_idx` (`name`,`sectionId`),
  UNIQUE KEY `craft_entrytypes_handle_sectionId_unq_idx` (`handle`,`sectionId`),
  KEY `craft_entrytypes_sectionId_fk` (`sectionId`),
  KEY `craft_entrytypes_fieldLayoutId_fk` (`fieldLayoutId`)
) ENGINE=InnoDB AUTO_INCREMENT=6 DEFAULT CHARSET=utf8 COLLATE=utf8_unicode_ci;

--
-- Data for table `craft_entrytypes`
--

INSERT INTO `craft_entrytypes` (`id`, `sectionId`, `fieldLayoutId`, `name`, `handle`, `hasTitleField`, `titleLabel`, `titleFormat`, `sortOrder`, `dateCreated`, `dateUpdated`, `uid`) VALUES
 ('1', '1', '33', 'Home', 'work', '1', 'Title', NULL, NULL, '2016-06-16 12:25:31', '2016-06-24 12:12:27', '395f180a-9fa5-43ed-b8de-27e18ff8498a'),
 ('3', '3', '25', 'About', 'about', '1', 'Title', NULL, NULL, '2016-06-16 16:36:08', '2016-06-23 16:36:18', 'a5f63e02-4875-4ef1-a05f-eb4119b12e51'),
 ('4', '4', '26', 'Contact', 'contact', '1', 'Contact', NULL, NULL, '2016-06-16 16:36:26', '2016-06-23 17:05:54', '5a581278-fd57-41bf-8253-60b352c116ac'),
 ('5', '5', '34', 'work', 'work', '1', 'Project Title', NULL, NULL, '2016-06-16 16:41:04', '2016-06-25 17:34:48', '231b97a6-34fc-4810-88ba-b846b4c13280');



DROP TABLE IF EXISTS `craft_entryversions`;


--
-- Schema for table `craft_entryversions`
--
CREATE TABLE `craft_entryversions` (
  `id` int(11) NOT NULL AUTO_INCREMENT,
  `entryId` int(11) NOT NULL,
  `sectionId` int(11) NOT NULL,
  `creatorId` int(11) DEFAULT NULL,
  `locale` char(12) COLLATE utf8_unicode_ci NOT NULL,
  `num` smallint(6) unsigned NOT NULL,
  `notes` tinytext COLLATE utf8_unicode_ci,
  `data` mediumtext COLLATE utf8_unicode_ci NOT NULL,
  `dateCreated` datetime NOT NULL,
  `dateUpdated` datetime NOT NULL,
  `uid` char(36) COLLATE utf8_unicode_ci NOT NULL DEFAULT '0',
  PRIMARY KEY (`id`),
  KEY `craft_entryversions_entryId_locale_idx` (`entryId`,`locale`),
  KEY `craft_entryversions_sectionId_fk` (`sectionId`),
  KEY `craft_entryversions_creatorId_fk` (`creatorId`),
  KEY `craft_entryversions_locale_fk` (`locale`)
) ENGINE=InnoDB AUTO_INCREMENT=88 DEFAULT CHARSET=utf8 COLLATE=utf8_unicode_ci;

--
-- Data for table `craft_entryversions`
--

INSERT INTO `craft_entryversions` (`id`, `entryId`, `sectionId`, `creatorId`, `locale`, `num`, `notes`, `data`, `dateCreated`, `dateUpdated`, `uid`) VALUES
 ('1', '2', '1', '1', 'en', '1', NULL, '{\"typeId\":\"1\",\"authorId\":null,\"title\":\"Homepage\",\"slug\":\"homepage\",\"postDate\":1466079931,\"expiryDate\":null,\"enabled\":1,\"parentId\":null,\"fields\":[]}', '2016-06-16 12:25:31', '2016-06-16 12:25:31', 'e51f7208-e111-4cf0-b245-6186f6758d67'),
 ('2', '2', '1', '1', 'en', '2', NULL, '{\"typeId\":null,\"authorId\":null,\"title\":\"Welcome to Localhost!\",\"slug\":\"homepage\",\"postDate\":1466079931,\"expiryDate\":null,\"enabled\":\"1\",\"parentId\":null,\"fields\":{\"1\":\"<p>It\\u2019s true, this site doesn\\u2019t have a whole lot of content yet, but don\\u2019t worry. Our web developers have just installed the CMS, and they\\u2019re setting things up for the content editors this very moment. Soon Localhost will be an oasis of fresh perspectives, sharp analyses, and astute opinions that will keep you coming back again and again.<\\/p>\"}}', '2016-06-16 12:25:31', '2016-06-16 12:25:31', 'b014ea5f-44fa-4664-a0c4-0e176e3679a0'),
 ('4', '2', '1', '1', 'en', '3', '', '{\"typeId\":null,\"authorId\":null,\"title\":\"Dev Version of Matt-Gibbs\",\"slug\":\"homepage\",\"postDate\":1466079931,\"expiryDate\":null,\"enabled\":1,\"parentId\":null,\"fields\":{\"1\":\"<p>Ey yo this is under development - I know, it\'s not come far yet. Shush.<\\/p>\"}}', '2016-06-16 15:11:02', '2016-06-16 15:11:02', '20d3abcc-5e72-4d65-bb20-0c92c21c27fb'),
 ('5', '4', '3', '1', 'en', '1', NULL, '{\"typeId\":\"3\",\"authorId\":null,\"title\":\"About\",\"slug\":\"about\",\"postDate\":1466094968,\"expiryDate\":null,\"enabled\":1,\"parentId\":null,\"fields\":[]}', '2016-06-16 16:36:08', '2016-06-16 16:36:08', '07ac7655-6739-4b7c-bc0b-4727d2be221b'),
 ('6', '5', '4', '1', 'en', '1', NULL, '{\"typeId\":\"4\",\"authorId\":null,\"title\":\"Contact\",\"slug\":\"contact\",\"postDate\":1466094986,\"expiryDate\":null,\"enabled\":1,\"parentId\":null,\"fields\":[]}', '2016-06-16 16:36:26', '2016-06-16 16:36:26', '427aaabe-4c59-48ec-94cf-8528e003c328'),
 ('7', '4', '3', '1', 'en', '2', '', '{\"typeId\":null,\"authorId\":null,\"title\":\"About\",\"slug\":\"about\",\"postDate\":1466094968,\"expiryDate\":null,\"enabled\":1,\"parentId\":null,\"fields\":{\"1\":\"<p>Some stuff.<\\/p>\",\"2\":\"\"}}', '2016-06-16 17:16:06', '2016-06-16 17:16:06', '828635c6-df8d-4a9f-b794-8b1d1d0e6c4b'),
 ('8', '5', '4', '1', 'en', '2', '', '{\"typeId\":null,\"authorId\":null,\"title\":\"Contact\",\"slug\":\"contact\",\"postDate\":1466094986,\"expiryDate\":null,\"enabled\":1,\"parentId\":null,\"fields\":{\"1\":\"<p>More stuff<\\/p>\",\"2\":\"\"}}', '2016-06-16 17:16:18', '2016-06-16 17:16:18', '63d6db66-2d16-4cd3-890d-fc6f2db66817'),
 ('9', '4', '3', '1', 'en', '3', '', '{\"typeId\":\"3\",\"authorId\":null,\"title\":\"About\",\"slug\":\"about\",\"postDate\":1466097554,\"expiryDate\":null,\"enabled\":1,\"parentId\":null,\"fields\":{\"1\":\"<p>Some stuff.<\\/p>\",\"2\":\"\"}}', '2016-06-16 17:20:37', '2016-06-16 17:20:37', 'c38fb9ff-c7f3-4ed5-a951-2187dcec3e90'),
 ('10', '5', '4', '1', 'en', '3', '', '{\"typeId\":null,\"authorId\":null,\"title\":\"Contact\",\"slug\":\"contact\",\"postDate\":1466094986,\"expiryDate\":null,\"enabled\":1,\"parentId\":null,\"fields\":{\"1\":\"<p>More stuff<\\/p>\",\"2\":\"\"}}', '2016-06-16 17:25:07', '2016-06-16 17:25:07', 'ccd52350-2cde-46e5-8e1b-25c7a2e741a1'),
 ('11', '2', '1', '1', 'en', '4', '', '{\"typeId\":\"1\",\"authorId\":null,\"title\":\"Portfolio - MG\",\"slug\":\"homepage\",\"postDate\":1466693187,\"expiryDate\":null,\"enabled\":1,\"parentId\":null,\"fields\":[]}', '2016-06-23 14:47:33', '2016-06-23 14:47:33', '0252b0d0-e699-44d7-9ae3-794a4a992cb8'),
 ('12', '2', '1', '1', 'en', '5', '', '{\"typeId\":\"1\",\"authorId\":null,\"title\":\"Portfolio - MG\",\"slug\":\"homepage\",\"postDate\":1466693187,\"expiryDate\":null,\"enabled\":1,\"parentId\":null,\"fields\":{\"3\":\"Test Test Test Peen\"}}', '2016-06-23 14:56:50', '2016-06-23 14:56:50', 'a30f05c6-ad25-4a3b-a034-91ce8abd0376'),
 ('13', '2', '1', '1', 'en', '6', '', '{\"typeId\":\"1\",\"authorId\":null,\"title\":\"Portfolio - MG\",\"slug\":\"homepage\",\"postDate\":1466693187,\"expiryDate\":null,\"enabled\":1,\"parentId\":null,\"fields\":{\"3\":\"I\\u2019m a digital product designer & student at brunel university. I make beautiful things that work.\"}}', '2016-06-23 15:06:27', '2016-06-23 15:06:27', '36e7d8ab-b3b6-4b55-aba5-96eab4c2e130'),
 ('14', '4', '3', '1', 'en', '4', '', '{\"typeId\":\"3\",\"authorId\":null,\"title\":\"About\",\"slug\":\"about\",\"postDate\":1466695949,\"expiryDate\":null,\"enabled\":1,\"parentId\":null,\"fields\":{\"13\":\"\",\"6\":\"\",\"4\":\"About Me\",\"5\":\"\"}}', '2016-06-23 15:37:57', '2016-06-23 15:37:57', '22a527ce-a61f-4b96-aa82-a141bcb59a0a'),
 ('15', '4', '3', '1', 'en', '5', '', '{\"typeId\":\"3\",\"authorId\":null,\"title\":\"About\",\"slug\":\"about\",\"postDate\":1466695949,\"expiryDate\":null,\"enabled\":1,\"parentId\":null,\"fields\":{\"13\":\"\",\"6\":\"\",\"4\":\"About Me\",\"5\":\"\"}}', '2016-06-23 15:39:11', '2016-06-23 15:39:11', 'bf46ef57-ca4b-42d2-aec7-6e100ca564c7'),
 ('16', '4', '3', '1', 'en', '6', '', '{\"typeId\":\"3\",\"authorId\":null,\"title\":\"About\",\"slug\":\"about\",\"postDate\":1466696449,\"expiryDate\":null,\"enabled\":1,\"parentId\":null,\"fields\":{\"13\":\"<p>Bacon ipsum dolor amet jowl swine boudin ground round, adipisicing exercitation picanha drumstick mollit voluptate. Cow non cillum pastrami pariatur laboris proident shoulder consequat, excepteur ut magna pig ullamco dolore. Spare ribs non drumstick, kielbasa sausage jerky hamburger andouille reprehenderit pastrami kevin deserunt irure. Quis meatloaf ut officia. Tenderloin aliqua sint, picanha nostrud aliquip consectetur bacon tail.<\\/p>\\r\\n\\r\\n<p>Sunt fugiat flank, picanha mollit culpa landjaeger frankfurter leberkas kielbasa shank ribeye eu. Mollit veniam laboris nulla adipisicing magna, in nisi. T-bone chicken quis labore minim, andouille venison non pork belly fatback short ribs culpa ball tip ut. Cupidatat eu consectetur brisket prosciutto elit. Sirloin adipisicing aute cow lorem esse culpa doner tempor bacon qui chuck short loin landjaeger tenderloin. Pastrami drumstick laboris reprehenderit quis pig irure shoulder tail tenderloin laborum.<\\/p>\",\"6\":{\"new1\":{\"type\":\"point1\",\"enabled\":\"1\",\"fields\":{\"heading1\":\"Current Employer\",\"content1\":\"<a href=\\\"http:\\/\\/www.inktrap.co.uk\\\">Inktrap<\\/a>\"}},\"new2\":{\"type\":\"point2\",\"enabled\":\"1\",\"fields\":{\"heading2\":\"Education\",\"content2\":\"2nd Year Digital Design BSc @ Brunel University\"}},\"new3\":{\"type\":\"point3\",\"enabled\":\"1\",\"fields\":{\"heading3\":\"Skills\",\"content3\":\"Something here\"}}},\"4\":\"About Me\",\"5\":\"\"}}', '2016-06-23 15:44:42', '2016-06-23 15:44:42', 'f2240b5b-c40e-4fce-8b8c-8723e55693c4'),
 ('17', '4', '3', '1', 'en', '7', '', '{\"typeId\":\"3\",\"authorId\":null,\"title\":\"About\",\"slug\":\"about\",\"postDate\":1466696449,\"expiryDate\":null,\"enabled\":1,\"parentId\":null,\"fields\":{\"13\":\"<p>Bacon ipsum dolor amet jowl swine boudin ground round, adipisicing exercitation picanha drumstick mollit voluptate. Cow non cillum pastrami pariatur laboris proident shoulder consequat, excepteur ut magna pig ullamco dolore. Spare ribs non drumstick, kielbasa sausage jerky hamburger andouille reprehenderit pastrami kevin deserunt irure. Quis meatloaf ut officia. Tenderloin aliqua sint, picanha nostrud aliquip consectetur bacon tail.<\\/p>\\r\\n\\r\\n<p>Sunt fugiat flank, picanha mollit culpa landjaeger frankfurter leberkas kielbasa shank ribeye eu. Mollit veniam laboris nulla adipisicing magna, in nisi. T-bone chicken quis labore minim, andouille venison non pork belly fatback short ribs culpa ball tip ut. Cupidatat eu consectetur brisket prosciutto elit. Sirloin adipisicing aute cow lorem esse culpa doner tempor bacon qui chuck short loin landjaeger tenderloin. Pastrami drumstick laboris reprehenderit quis pig irure shoulder tail tenderloin laborum.<\\/p>\",\"6\":{\"6\":{\"type\":\"point1\",\"enabled\":\"1\",\"fields\":{\"heading1\":\"Current Employer\",\"content1\":\"<a href=\\\"http:\\/\\/www.inktrap.co.uk\\\">Inktrap<\\/a>\"}},\"7\":{\"type\":\"point2\",\"enabled\":\"1\",\"fields\":{\"heading2\":\"Education\",\"content2\":\"2nd Year Digital Design BSc @ Brunel University\"}},\"8\":{\"type\":\"point3\",\"enabled\":\"1\",\"fields\":{\"heading3\":\"Skills\",\"content3\":\"Something here\"}}},\"4\":\"About Me\",\"5\":\"I\'ve done many things - some of them uninteresting - most of them legendary.\"}}', '2016-06-23 16:00:16', '2016-06-23 16:00:16', 'faa4b5e6-0d9d-41f9-84bf-a5e331b7a06b'),
 ('18', '4', '3', '1', 'en', '8', '', '{\"typeId\":\"3\",\"authorId\":null,\"title\":\"About\",\"slug\":\"about\",\"postDate\":1466696449,\"expiryDate\":null,\"enabled\":1,\"parentId\":null,\"fields\":{\"13\":\"<p>Bacon ipsum dolor amet jowl swine boudin ground round, adipisicing exercitation picanha drumstick mollit voluptate. Cow non cillum pastrami pariatur laboris proident shoulder consequat, excepteur ut magna pig ullamco dolore. Spare ribs non drumstick, kielbasa sausage jerky hamburger andouille reprehenderit pastrami kevin deserunt irure. Quis meatloaf ut officia. Tenderloin aliqua sint, picanha nostrud aliquip consectetur bacon tail.<\\/p>\\r\\n\\r\\n<p>Sunt fugiat flank, picanha mollit culpa landjaeger frankfurter leberkas kielbasa shank ribeye eu. Mollit veniam laboris nulla adipisicing magna, in nisi. T-bone chicken quis labore minim, andouille venison non pork belly fatback short ribs culpa ball tip ut. Cupidatat eu consectetur brisket prosciutto elit. Sirloin adipisicing aute cow lorem esse culpa doner tempor bacon qui chuck short loin landjaeger tenderloin. Pastrami drumstick laboris reprehenderit quis pig irure shoulder tail tenderloin laborum.<\\/p>\",\"15\":\"<a href=\\\"http:\\/\\/www.inktrap.co.uk\\\">Inktrap<\\/a>\",\"17\":\"2nd Year Digital Design BSc @ Brunel University\",\"18\":\"Sketch, Invision, UI, UX, Adobe Suite, HTML, CSS, jQuery, PHP SQL, Web Design, Photography\",\"14\":\"Current Employer\",\"16\":\"Education\",\"19\":\"Skills\",\"4\":\"About Me\",\"5\":\"I\'ve done many things - some of them uninteresting - most of them legendary.\"}}', '2016-06-23 16:38:04', '2016-06-23 16:38:04', '61eea042-91d6-4e59-9cd5-2dfd5ab2762a'),
 ('19', '4', '3', '1', 'en', '9', '', '{\"typeId\":\"3\",\"authorId\":null,\"title\":\"About\",\"slug\":\"about\",\"postDate\":1466696449,\"expiryDate\":null,\"enabled\":1,\"parentId\":null,\"fields\":{\"13\":\"<p>Bacon ipsum dolor amet jowl swine boudin ground round, adipisicing exercitation picanha drumstick mollit voluptate. Cow non cillum pastrami pariatur laboris proident shoulder consequat, excepteur ut magna pig ullamco dolore. Spare ribs non drumstick, kielbasa sausage jerky hamburger andouille reprehenderit pastrami kevin deserunt irure. Quis meatloaf ut officia. Tenderloin aliqua sint, picanha nostrud aliquip consectetur bacon tail.<\\/p>\\r\\n\\r\\n<p>Sunt fugiat flank, picanha mollit culpa landjaeger frankfurter leberkas kielbasa shank ribeye eu. Mollit veniam laboris nulla adipisicing magna, in nisi. T-bone chicken quis labore minim, andouille venison non pork belly fatback short ribs culpa ball tip ut. Cupidatat eu consectetur brisket prosciutto elit. Sirloin adipisicing aute cow lorem esse culpa doner tempor bacon qui chuck short loin landjaeger tenderloin. Pastrami drumstick laboris reprehenderit quis pig irure shoulder tail tenderloin laborum.<\\/p>\",\"15\":\"<a href=\\\"http:\\/\\/www.inktrap.co.uk\\\">Inktrap<\\/a>\",\"17\":\"2nd Year Digital Design BSc @ Brunel University\",\"18\":\"Sketch, Invision, UI, UX, Adobe Suite, HTML, CSS, jQuery, PHP SQL, Web Design, Photography\",\"14\":\"Current Employer\",\"16\":\"Education\",\"19\":\"Skills\",\"4\":\"About Me\",\"5\":\"I\'ve done many things - some of them uninteresting - most of them legendary.\"}}', '2016-06-23 16:38:26', '2016-06-23 16:38:26', 'f1bdb4ff-5b6e-4c16-9ace-9f08052a8aed'),
 ('20', '4', '3', '1', 'en', '10', '', '{\"typeId\":\"3\",\"authorId\":null,\"title\":\"About\",\"slug\":\"about\",\"postDate\":1466696449,\"expiryDate\":null,\"enabled\":1,\"parentId\":null,\"fields\":{\"13\":\"<p>This was completed as an assignment for my Design for Mobile module at university. The brief was very open \\u2013 create an app for a smartphone. I have an iPhone so I decided to design for what I knew, and what I could test myself.<\\/p><p>The idea of the app is now something I am pursuing in the real world \\u2013 I am starting to learn to code in Swift, and have acquired the social media accounts. I intend to develop the app, and market it myself over the coming year. What you see here was created and exported entirely from Sketch \\u2013 then entered into InVision to create the working prototype at the bottom of the page.<\\/p><p><span><\\/span>Put simply, the app helps musicians to acquire business, and people who need talented artists to find them. The app allows people to post jobs, and post pay details, or expenses. They also include the skills they require, and what level they need them to be. The musician has a profile which includes all of this information.<\\/p>\",\"15\":\"<a href=\\\"http:\\/\\/www.inktrap.co.uk\\\">Inktrap<\\/a>\",\"17\":\"2nd Year Digital Design BSc @ Brunel University\",\"18\":\"Sketch, Invision, UI, UX, Adobe Suite, HTML, CSS, jQuery, PHP SQL, Web Design, Photography\",\"14\":\"Current Employer\",\"16\":\"Education\",\"19\":\"Skills\",\"4\":\"About Me\",\"5\":\"I\'ve done many things - some of them uninteresting - most of them legendary.\"}}', '2016-06-23 16:39:06', '2016-06-23 16:39:06', 'd8e01938-15e4-4fa4-b546-a4be3acb01d4'),
 ('21', '4', '3', '1', 'en', '11', '', '{\"typeId\":\"3\",\"authorId\":null,\"title\":\"About\",\"slug\":\"about\",\"postDate\":1466696449,\"expiryDate\":null,\"enabled\":1,\"parentId\":null,\"fields\":{\"13\":\"<p>This was completed as an assignment for my Design for Mobile module at university. The brief was very open \\u2013 create an app for a smartphone. I have an iPhone so I decided to design for what I knew, and what I could test myself.<\\/p>\\r\\n\\r\\n<p>The idea of the app is now something I am pursuing in the real world \\u2013 I am starting to learn to code in Swift, and have acquired the social media accounts. I intend to develop the app, and market it myself over the coming year. What you see here was created and exported entirely from Sketch \\u2013 then entered into InVision to create the working prototype at the bottom of the page.<\\/p>\\r\\n\\r\\n<p>Put simply, the app helps musicians to acquire business, and people who need talented artists to find them. The app allows people to post jobs, and post pay details, or expenses. They also include the skills they require, and what level they need them to be. The musician has a profile which includes all of this information.<\\/p>\",\"15\":\"<p><a href=\\\"http:\\/\\/www.inktrap.co.uk\\\">Inktrap<\\/a><\\/p>\",\"17\":\"2nd Year Digital Design BSc @ Brunel University\",\"18\":\"Sketch, Invision, UI, UX, Adobe Suite, HTML, CSS, jQuery, PHP SQL, Web Design, Photography\",\"14\":\"Current Employer\",\"16\":\"Education\",\"19\":\"Skills\",\"4\":\"About Me\",\"5\":\"I\'ve done many things - some of them uninteresting - most of them legendary.\"}}', '2016-06-23 16:42:08', '2016-06-23 16:42:08', '3b48d170-667d-4276-89ed-5750ccdccc95'),
 ('22', '4', '3', '1', 'en', '12', '', '{\"typeId\":\"3\",\"authorId\":null,\"title\":\"About\",\"slug\":\"about\",\"postDate\":1466696449,\"expiryDate\":null,\"enabled\":1,\"parentId\":null,\"fields\":{\"13\":\"<p>This was completed as an assignment for my Design for Mobile module at university. The brief was very open \\u2013 create an app for a smartphone. I have an iPhone so I decided to design for what I knew, and what I could test myself.<\\/p>\\r\\n\\r\\n<p>The idea of the app is now something I am pursuing in the real world \\u2013 I am starting to learn to code in Swift, and have acquired the social media accounts. I intend to develop the app, and market it myself over the coming year. What you see here was created and exported entirely from Sketch \\u2013 then entered into InVision to create the working prototype at the bottom of the page.<\\/p>\\r\\n\\r\\n\\r\\n\\r\\n<p>Put simply, the app helps musicians to acquire business, and people who need talented artists to find them. The app allows people to post jobs, and post pay details, or expenses. They also include the skills they require, and what level they need them to be. The musician has a profile which includes all of this information.<\\/p>\",\"15\":\"<p><a href=\\\"http:\\/\\/www.inktrap.co.uk\\\" target=\\\"_blank\\\">Inktrap<\\/a><\\/p>\",\"17\":\"2nd Year Digital Design BSc @ Brunel University\",\"18\":\"Sketch, Invision, UI, UX, Adobe Suite, HTML, CSS, jQuery, PHP SQL, Web Design, Photography\",\"14\":\"Current Employer\",\"16\":\"Education\",\"19\":\"Skills\",\"4\":\"About Me\",\"5\":\"I\'ve done many things - some of them uninteresting - most of them legendary.\"}}', '2016-06-23 16:42:46', '2016-06-23 16:42:46', '673961dc-0809-4d4f-b37a-1e57a14cb3de'),
 ('23', '4', '3', '1', 'en', '13', '', '{\"typeId\":\"3\",\"authorId\":null,\"title\":\"About\",\"slug\":\"about\",\"postDate\":1466696449,\"expiryDate\":null,\"enabled\":1,\"parentId\":null,\"fields\":{\"13\":\"<p>This was completed as an assignment for my Design for Mobile module at university. The brief was very open \\u2013 create an app for a smartphone. I have an iPhone so I decided to design for what I knew, and what I could test myself.<\\/p>\\r\\n\\r\\n<p>The idea of the app is now something I am pursuing in the real world \\u2013 I am starting to learn to code in Swift, and have acquired the social media accounts. I intend to develop the app, and market it myself over the coming year. What you see here was created and exported entirely from Sketch \\u2013 then entered into InVision to create the working prototype at the bottom of the page.<\\/p>\\r\\n\\r\\n\\r\\n\\r\\n\\r\\n\\r\\n<p>Put simply, the app helps musicians to acquire business, and people who need talented artists to find them. The app allows people to post jobs, and post pay details, or expenses. They also include the skills they require, and what level they need them to be. The musician has a profile which includes all of this information.<\\/p>\",\"15\":\"\",\"17\":\"2nd Year Digital Design BSc @ Brunel University\",\"18\":\"Sketch, Invision, UI, UX, Adobe Suite, HTML, CSS, jQuery, PHP SQL, Web Design, Photography\",\"14\":\"Current Employer\",\"16\":\"Education\",\"19\":\"Skills\",\"4\":\"About Me\",\"5\":\"I\'ve done many things - some of them uninteresting - most of them legendary.\"}}', '2016-06-23 16:44:24', '2016-06-23 16:44:24', 'f73022a8-deb7-4462-b753-8d46e161d690'),
 ('24', '4', '3', '1', 'en', '14', '', '{\"typeId\":\"3\",\"authorId\":null,\"title\":\"About\",\"slug\":\"about\",\"postDate\":1466696449,\"expiryDate\":null,\"enabled\":1,\"parentId\":null,\"fields\":{\"13\":\"<p>This was completed as an assignment for my Design for Mobile module at university. The brief was very open \\u2013 create an app for a smartphone. I have an iPhone so I decided to design for what I knew, and what I could test myself.<\\/p>\\r\\n\\r\\n<p>The idea of the app is now something I am pursuing in the real world \\u2013 I am starting to learn to code in Swift, and have acquired the social media accounts. I intend to develop the app, and market it myself over the coming year. What you see here was created and exported entirely from Sketch \\u2013 then entered into InVision to create the working prototype at the bottom of the page.<\\/p>\\r\\n\\r\\n\\r\\n\\r\\n\\r\\n\\r\\n\\r\\n\\r\\n<p>Put simply, the app helps musicians to acquire business, and people who need talented artists to find them. The app allows people to post jobs, and post pay details, or expenses. They also include the skills they require, and what level they need them to be. The musician has a profile which includes all of this information.<\\/p>\",\"15\":\"<p><a href=\\\"http:\\/\\/www.inktrap.co.uk\\\" target=\\\"_blank\\\">Inktrap<\\/a><\\/p>\",\"17\":\"2nd Year Digital Design BSc @ Brunel University\",\"18\":\"Sketch, Invision, UI, UX, Adobe Suite, HTML, CSS, jQuery, PHP SQL, Web Design, Photography\",\"14\":\"Current Employer\",\"16\":\"Education\",\"19\":\"Skills\",\"4\":\"About Me\",\"5\":\"I\'ve done many things - some of them uninteresting - most of them legendary.\"}}', '2016-06-23 16:45:55', '2016-06-23 16:45:55', 'c0d19ece-d12f-42f3-bd2a-b085d37fa678'),
 ('25', '4', '3', '1', 'en', '15', '', '{\"typeId\":\"3\",\"authorId\":null,\"title\":\"About\",\"slug\":\"about\",\"postDate\":1466696449,\"expiryDate\":null,\"enabled\":1,\"parentId\":null,\"fields\":{\"13\":\"<p>This was completed as an assignment for my Design for Mobile module at university. The brief was very open \\u2013 create an app for a smartphone. I have an iPhone so I decided to design for what I knew, and what I could test myself.<\\/p>\\r\\n\\r\\n<p>The idea of the app is now something I am pursuing in the real world \\u2013 I am starting to learn to code in Swift, and have acquired the social media accounts. I intend to develop the app, and market it myself over the coming year. What you see here was created and exported entirely from Sketch \\u2013 then entered into InVision to create the working prototype at the bottom of the page.<\\/p>\\r\\n\\r\\n\\r\\n\\r\\n\\r\\n\\r\\n\\r\\n\\r\\n\\r\\n\\r\\n<p>Put simply, the app helps musicians to acquire business, and people who need talented artists to find them. The app allows people to post jobs, and post pay details, or expenses. They also include the skills they require, and what level they need them to be. The musician has a profile which includes all of this information.<\\/p>\",\"15\":\"<p><a href=\\\"http:\\/\\/www.inktrap.co.uk\\\" target=\\\"_blank\\\">Inktrap<\\/a><\\/p>\",\"17\":\"2nd Year Digital Design BSc @ Brunel University\",\"18\":\"Sketch, Invision, UI, UX, Adobe Suite, HTML, CSS, jQuery, PHP SQL, Web Design, Photography\",\"14\":\"Current Employer\",\"16\":\"Education\",\"19\":\"Skills\",\"4\":\"About Me\",\"5\":\"I\'ve done many things - some of them uninteresting - most of them legendary.\"}}', '2016-06-23 16:47:30', '2016-06-23 16:47:30', '55e2d977-779e-4ccd-951b-577666ec7f9c'),
 ('26', '5', '4', '1', 'en', '4', '', '{\"typeId\":\"4\",\"authorId\":null,\"title\":\"Contact\",\"slug\":\"contact\",\"postDate\":1466700626,\"expiryDate\":null,\"enabled\":1,\"parentId\":null,\"fields\":{\"22\":\"Aldgate Tower <br>\\r\\nWhitechapel High Street<br>\\r\\nLondon <br>\\r\\nE1 7PU\",\"24\":\"\",\"21\":\"me@matt-gibbs.com\",\"4\":\"Like what you see? Maybe we should talk.\",\"23\":\"{lat: 51.5148623, lng: -0.07222109999997883}\",\"20\":\"07778811215\",\"5\":\"I am currently working as a Digital Product Designer for a fabulous little agency called Inktrap so am not accepting new freelance clients. However - if you have something cool to talk about I\'m always interested...\"}}', '2016-06-23 17:14:16', '2016-06-23 17:14:16', '70b2a43e-c4dc-4d47-a20d-2154d95e7039'),
 ('27', '5', '4', '1', 'en', '5', '', '{\"typeId\":\"4\",\"authorId\":null,\"title\":\"Contact\",\"slug\":\"contact\",\"postDate\":1466700626,\"expiryDate\":null,\"enabled\":1,\"parentId\":null,\"fields\":{\"22\":\"Aldgate Tower <br>\\r\\nWhitechapel High Street<br>\\r\\nLondon <br>\\r\\nE1 7PU\",\"24\":\"\",\"21\":\"me@matt-gibbs.com\",\"4\":\"Like what you see? Maybe we should talk.\",\"23\":\"{lat: 51.5148623, lng: -0.07222109999997883}\",\"20\":\"07778811215\",\"5\":\"I am currently working as a Digital Product Designer for a fabulous little agency called Inktrap so am not accepting new freelance clients. However - if you have something cool to talk about I\'m always interested...\"}}', '2016-06-23 17:19:54', '2016-06-23 17:19:54', '00fa5349-b3d8-401c-8c1d-d96c89b8bbbf'),
 ('28', '9', '5', '1', 'en', '1', '', '{\"typeId\":null,\"authorId\":\"1\",\"title\":\"Cadenza\",\"slug\":\"cadenza\",\"postDate\":1466703288,\"expiryDate\":null,\"enabled\":1,\"parentId\":null,\"fields\":{\"4\":\"Cadenza\",\"5\":\"An application and Invision protoype connecting musicians to their next gigs.\"}}', '2016-06-23 17:34:48', '2016-06-23 17:34:48', '0795e902-0850-4ba8-a225-ff07c348d571'),
 ('29', '9', '5', '1', 'en', '2', '', '{\"typeId\":\"5\",\"authorId\":\"1\",\"title\":\"Cadenza\",\"slug\":\"cadenza\",\"postDate\":1466703240,\"expiryDate\":null,\"enabled\":1,\"parentId\":null,\"fields\":{\"4\":\"Cadenza\",\"26\":\"#e8297d\",\"27\":[\"17\"],\"25\":[\"12\",\"13\",\"14\"],\"5\":\"An application and Invision protoype connecting musicians to their next gigs.\"}}', '2016-06-24 10:00:13', '2016-06-24 10:00:13', 'd5468ea5-8bfb-446d-9143-0ac9eac8b857'),
 ('30', '9', '5', '1', 'en', '3', '', '{\"typeId\":\"5\",\"authorId\":\"1\",\"title\":\"Cadenza\",\"slug\":\"cadenza\",\"postDate\":1466703240,\"expiryDate\":null,\"enabled\":1,\"parentId\":null,\"fields\":{\"4\":\"Test\",\"26\":\"#e8297d\",\"27\":[\"17\"],\"25\":[\"12\",\"13\",\"14\"],\"5\":\"An application and Invision protoype connecting musicians to their next gigs.\"}}', '2016-06-24 10:13:28', '2016-06-24 10:13:28', '6b34a7e4-acb3-4ea8-98bb-b06de789de21'),
 ('31', '9', '5', '1', 'en', '4', '', '{\"typeId\":\"5\",\"authorId\":\"1\",\"title\":\"Cadenza\",\"slug\":\"cadenza\",\"postDate\":1466703240,\"expiryDate\":null,\"enabled\":1,\"parentId\":null,\"fields\":{\"4\":\"Test\",\"26\":\"#e8297d\",\"27\":[\"17\"],\"25\":[\"12\",\"13\",\"14\"],\"5\":\"An application and Invision protoype connecting musicians to their next gigs.\"}}', '2016-06-24 10:22:50', '2016-06-24 10:22:50', '95d1bc30-2636-4925-b6c7-5fcccf28bc3b'),
 ('32', '9', '5', '1', 'en', '5', '', '{\"typeId\":\"5\",\"authorId\":\"1\",\"title\":\"Cadenza\",\"slug\":\"cadenza\",\"postDate\":1466703240,\"expiryDate\":null,\"enabled\":1,\"parentId\":null,\"fields\":{\"4\":\"Test\",\"26\":\"#ec297c\",\"27\":[\"17\"],\"25\":[\"12\",\"13\",\"14\"],\"5\":\"An application and Invision protoype connecting musicians to their next gigs.\"}}', '2016-06-24 10:24:30', '2016-06-24 10:24:30', '3a93508b-277a-435b-88ae-021d56fe16d8'),
 ('33', '9', '5', '1', 'en', '6', '', '{\"typeId\":\"5\",\"authorId\":\"1\",\"title\":\"Cadenza\",\"slug\":\"cadenza\",\"postDate\":1466703240,\"expiryDate\":null,\"enabled\":1,\"parentId\":null,\"fields\":{\"4\":\"Cadenza\",\"26\":\"#ec297c\",\"27\":[\"17\"],\"25\":[\"12\",\"13\",\"14\"],\"5\":\"An application and Invision protoype connecting musicians to their next gigs.\"}}', '2016-06-24 10:25:25', '2016-06-24 10:25:25', 'b69da471-d3f3-4b02-9b87-74ee58b4f491'),
 ('34', '9', '5', '1', 'en', '7', '', '{\"typeId\":\"5\",\"authorId\":\"1\",\"title\":\"Cadenza\",\"slug\":\"cadenza\",\"postDate\":1466703240,\"expiryDate\":null,\"enabled\":1,\"parentId\":null,\"fields\":{\"13\":\"<p>This was completed as an assignment for my Design for Mobile module at university. The brief was very open \\u2013 create an app for a smartphone. I have an iPhone so I decided to design for what I knew, and what I could test myself.<\\/p>\\r\\n\\r\\n<p>The idea of the app is now something I am pursuing in the real world \\u2013 I am starting to learn to code in Swift, and have acquired the social media accounts. I intend to develop the app, and market it myself over the coming year. What you see here was created and exported entirely from Sketch \\u2013 then entered into InVision to create the working prototype at the bottom of the page.<\\/p>\\r\\n\\r\\n<p>Put simply, the app helps musicians to acquire business, and people who need talented artists to find them. The app allows people to post jobs, and post pay details, or expenses. They also include the skills they require, and what level they need them to be. The musician has a profile which includes all of this information.<\\/p>\",\"29\":\"An application and Invision protoype connecting musicians to their next gigs.\",\"30\":[\"18\"],\"15\":\"<p>Mobile Application Design<\\/p>\",\"17\":\"A\",\"18\":\"Sketch, Invision, UI, UX\",\"14\":\"Module\",\"16\":\"Grade Received\",\"19\":\"Skills Required \",\"4\":\"Cadenza\",\"26\":\"#ec297c\",\"27\":[\"17\"],\"31\":[\"19\"],\"32\":[\"20\"],\"33\":[\"21\"],\"25\":[\"12\",\"13\",\"14\"],\"5\":\"An application and Invision protoype connecting musicians to their next gigs.\",\"28\":\"An application and Invision protoype connecting musicians to their next gigs.\"}}', '2016-06-24 11:17:46', '2016-06-24 11:17:46', '56bb42ee-fbf6-4e05-b1de-d11993ad9db8'),
 ('35', '9', '5', '1', 'en', '8', '', '{\"typeId\":\"5\",\"authorId\":\"1\",\"title\":\"Cadenza\",\"slug\":\"cadenza\",\"postDate\":1466703240,\"expiryDate\":null,\"enabled\":1,\"parentId\":null,\"fields\":{\"13\":\"<p>This was completed as an assignment for my Design for Mobile module at university. The brief was very open \\u2013 create an app for a smartphone. I have an iPhone so I decided to design for what I knew, and what I could test myself.<\\/p>\\r\\n\\r\\n<p>The idea of the app is now something I am pursuing in the real world \\u2013 I am starting to learn to code in Swift, and have acquired the social media accounts. I intend to develop the app, and market it myself over the coming year. What you see here was created and exported entirely from Sketch \\u2013 then entered into InVision to create the working prototype at the bottom of the page.<\\/p>\\r\\n\\r\\n\\r\\n\\r\\n<p>Put simply, the app helps musicians to acquire business, and people who need talented artists to find them. The app allows people to post jobs, and post pay details, or expenses. They also include the skills they require, and what level they need them to be. The musician has a profile which includes all of this information.<\\/p>\",\"29\":\"An application and Invision protoype connecting musicians to their next gigs.\",\"30\":[\"22\"],\"15\":\"<p>Mobile Application Design<\\/p>\",\"17\":\"A\",\"18\":\"Sketch, Invision, UI, UX\",\"14\":\"Module\",\"16\":\"Grade Received\",\"19\":\"Skills Required \",\"4\":\"Cadenza\",\"26\":\"#ec297c\",\"27\":[\"17\"],\"31\":[\"19\"],\"32\":[\"20\"],\"33\":[\"21\"],\"25\":[\"12\",\"13\",\"14\"],\"5\":\"An application and Invision protoype connecting musicians to their next gigs.\",\"28\":\"An application and Invision protoype connecting musicians to their next gigs.\"}}', '2016-06-24 11:27:11', '2016-06-24 11:27:11', 'bd07cf54-86c1-45bc-9172-61537ee39a2d'),
 ('36', '9', '5', '1', 'en', '9', '', '{\"typeId\":\"5\",\"authorId\":\"1\",\"title\":\"Cadenza\",\"slug\":\"cadenza\",\"postDate\":1466703240,\"expiryDate\":null,\"enabled\":1,\"parentId\":null,\"fields\":{\"13\":\"<p>This was completed as an assignment for my Design for Mobile module at university. The brief was very open \\u2013 create an app for a smartphone. I have an iPhone so I decided to design for what I knew, and what I could test myself.<\\/p>\\r\\n\\r\\n<p>The idea of the app is now something I am pursuing in the real world \\u2013 I am starting to learn to code in Swift, and have acquired the social media accounts. I intend to develop the app, and market it myself over the coming year. What you see here was created and exported entirely from Sketch \\u2013 then entered into InVision to create the working prototype at the bottom of the page.<\\/p>\\r\\n\\r\\n\\r\\n\\r\\n\\r\\n\\r\\n<p>Put simply, the app helps musicians to acquire business, and people who need talented artists to find them. The app allows people to post jobs, and post pay details, or expenses. They also include the skills they require, and what level they need them to be. The musician has a profile which includes all of this information.<\\/p>\",\"29\":\"An application and Invision protoype connecting musicians to their next gigs.\",\"30\":[\"22\"],\"15\":\"<p>Mobile Application Design<\\/p>\",\"17\":\"A\",\"18\":\"Sketch, Invision, UI, UX\",\"14\":\"Module\",\"16\":\"Grade Received\",\"19\":\"Skills Required \",\"4\":\"Cadenza\",\"26\":\"#df006a\",\"27\":[\"17\"],\"31\":[\"19\"],\"32\":[\"20\"],\"33\":[\"21\"],\"25\":[\"12\",\"13\",\"14\"],\"5\":\"An application and Invision protoype connecting musicians to their next gigs.\",\"28\":\"An application and Invision protoype connecting musicians to their next gigs.\"}}', '2016-06-24 11:44:22', '2016-06-24 11:44:22', '297c3682-c96b-4714-8de0-dd6d2a7d8d04'),
 ('37', '9', '5', '1', 'en', '10', '', '{\"typeId\":\"5\",\"authorId\":\"1\",\"title\":\"Cadenza\",\"slug\":\"cadenza\",\"postDate\":1466703240,\"expiryDate\":null,\"enabled\":1,\"parentId\":null,\"fields\":{\"13\":\"<p>This was completed as an assignment for my Design for Mobile module at university. The brief was very open \\u2013 create an app for a smartphone. I have an iPhone so I decided to design for what I knew, and what I could test myself.<\\/p>\\r\\n\\r\\n<p>The idea of the app is now something I am pursuing in the real world \\u2013 I am starting to learn to code in Swift, and have acquired the social media accounts. I intend to develop the app, and market it myself over the coming year. What you see here was created and exported entirely from Sketch \\u2013 then entered into InVision to create the working prototype at the bottom of the page.<\\/p>\\r\\n\\r\\n\\r\\n\\r\\n\\r\\n\\r\\n\\r\\n\\r\\n<p>Put simply, the app helps musicians to acquire business, and people who need talented artists to find them. The app allows people to post jobs, and post pay details, or expenses. They also include the skills they require, and what level they need them to be. The musician has a profile which includes all of this information.<\\/p>\",\"29\":\"An application and Invision protoype connecting musicians to their next gigs.\",\"30\":[\"22\"],\"15\":\"<p>Mobile Application Design<\\/p>\",\"17\":\"A\",\"18\":\"Sketch, Invision, UI, UX\",\"14\":\"Module\",\"16\":\"Grade Received\",\"19\":\"Skills Required \",\"4\":\"Cadenza\",\"26\":\"#df006a\",\"27\":[\"17\"],\"31\":[\"19\"],\"32\":[\"20\"],\"33\":[\"21\"],\"25\":[\"12\",\"13\",\"14\"],\"5\":\"An application and Invision protoype connecting musicians to their next gigs.\",\"28\":\"An application and Invision protoype connecting musicians to their next gigs.\"}}', '2016-06-24 11:44:34', '2016-06-24 11:44:34', '84064bff-536f-445c-9539-7410a9c3f969'),
 ('38', '2', '1', '1', 'en', '7', '', '{\"typeId\":\"1\",\"authorId\":null,\"title\":\"Portfolio - MG\",\"slug\":\"homepage\",\"postDate\":1466693187,\"expiryDate\":null,\"enabled\":1,\"parentId\":null,\"fields\":{\"3\":\"I\\u2019m a digital product designer & student at brunel university. I make beautiful things that work.\",\"47\":\"#df006a\",\"53\":\"#000000\",\"54\":\"#000000\",\"55\":\"#000000\",\"56\":\"#000000\",\"57\":\"#000000\",\"46\":[\"17\"],\"48\":\"\",\"49\":\"\",\"50\":\"\",\"51\":\"\",\"52\":\"\",\"40\":\"app design\",\"41\":\"\",\"42\":\"\",\"43\":\"\",\"44\":\"\",\"45\":\"\",\"34\":\"Cadenza\",\"35\":\"\",\"36\":\"\",\"37\":\"\",\"38\":\"\",\"39\":\"\"}}', '2016-06-24 12:27:07', '2016-06-24 12:27:07', '3ac0f752-32d5-45a7-ad45-944f2d1f773f'),
 ('39', '2', '1', '1', 'en', '8', '', '{\"typeId\":\"1\",\"authorId\":null,\"title\":\"Portfolio - MG\",\"slug\":\"homepage\",\"postDate\":1466693187,\"expiryDate\":null,\"enabled\":1,\"parentId\":null,\"fields\":{\"3\":\"I\\u2019m a digital product designer & student at brunel university. I make beautiful things that work.\",\"47\":\"#df006a\",\"53\":\"#00c3f2\",\"54\":\"#d5d5d5\",\"55\":\"#76fbf6\",\"56\":\"#00b3ff\",\"57\":\"#000000\",\"46\":[\"17\"],\"48\":[\"23\"],\"49\":[\"24\"],\"50\":[\"25\"],\"51\":[\"26\"],\"52\":[\"27\"],\"40\":\"app design\",\"41\":\"product development\",\"42\":\"branding\",\"43\":\"web app build\",\"44\":\"website build\",\"45\":\"portfolio\",\"34\":\"Cadenza\",\"35\":\"Ambio\",\"36\":\"Cosmos\",\"37\":\"Badnoise\",\"38\":\"Apply Ignorance\",\"39\":\"Photography\"}}', '2016-06-24 12:31:09', '2016-06-24 12:31:09', 'eb015fad-e5b8-4dd4-9e96-549906f01fbb'),
 ('40', '2', '1', '1', 'en', '9', '', '{\"typeId\":\"1\",\"authorId\":null,\"title\":\"Portfolio - MG\",\"slug\":\"homepage\",\"postDate\":1466693187,\"expiryDate\":null,\"enabled\":1,\"parentId\":null,\"fields\":{\"3\":\"I\\u2019m a digital product designer & student at brunel university. I make beautiful hoofers that work.\",\"47\":\"#df006a\",\"53\":\"#00c3f2\",\"54\":\"#d5d5d5\",\"55\":\"#76fbf6\",\"56\":\"#00b3ff\",\"57\":\"#000000\",\"46\":[\"17\"],\"48\":[\"23\"],\"49\":[\"24\"],\"50\":[\"25\"],\"51\":[\"26\"],\"52\":[\"27\"],\"40\":\"app design\",\"41\":\"product development\",\"42\":\"branding\",\"43\":\"web app build\",\"44\":\"website build\",\"45\":\"portfolio\",\"34\":\"Cadenza\",\"35\":\"Ambio\",\"36\":\"Cosmos\",\"37\":\"Badnoise\",\"38\":\"Apply Ignorance\",\"39\":\"Photography\"}}', '2016-06-25 01:13:30', '2016-06-25 01:13:30', '42fe5918-dd51-4896-9def-e345c906303a'),
 ('41', '2', '1', '1', 'en', '10', '', '{\"typeId\":\"1\",\"authorId\":null,\"title\":\"Portfolio - MG\",\"slug\":\"homepage\",\"postDate\":1466693187,\"expiryDate\":null,\"enabled\":1,\"parentId\":null,\"fields\":{\"3\":\"I\\u2019m a digital product designer & student at brunel university. I make beautiful unas that work.\",\"47\":\"#df006a\",\"53\":\"#00c3f2\",\"54\":\"#d5d5d5\",\"55\":\"#76fbf6\",\"56\":\"#00b3ff\",\"57\":\"#000000\",\"46\":[\"17\"],\"48\":[\"23\"],\"49\":[\"24\"],\"50\":[\"25\"],\"51\":[\"26\"],\"52\":[\"27\"],\"40\":\"app design\",\"41\":\"product development\",\"42\":\"branding\",\"43\":\"web app build\",\"44\":\"website build\",\"45\":\"portfolio\",\"34\":\"Cadenza\",\"35\":\"Ambio\",\"36\":\"Cosmos\",\"37\":\"Badnoise\",\"38\":\"Apply Ignorance\",\"39\":\"Photography\"}}', '2016-06-25 01:14:04', '2016-06-25 01:14:04', 'c1ede88e-1530-413c-8f6b-d4dd7f675119'),
 ('42', '2', '1', '1', 'en', '11', '', '{\"typeId\":\"1\",\"authorId\":null,\"title\":\"Portfolio - MG\",\"slug\":\"homepage\",\"postDate\":1466693187,\"expiryDate\":null,\"enabled\":1,\"parentId\":null,\"fields\":{\"3\":\"I\\u2019m a digital product designer & student at brunel university. I make beautiful annas that work.\",\"47\":\"#df006a\",\"53\":\"#00c3f2\",\"54\":\"#d5d5d5\",\"55\":\"#76fbf6\",\"56\":\"#00b3ff\",\"57\":\"#000000\",\"46\":[\"17\"],\"48\":[\"23\"],\"49\":[\"24\"],\"50\":[\"25\"],\"51\":[\"26\"],\"52\":[\"27\"],\"40\":\"app design\",\"41\":\"product development\",\"42\":\"branding\",\"43\":\"web app build\",\"44\":\"website build\",\"45\":\"portfolio\",\"34\":\"Cadenza\",\"35\":\"Ambio\",\"36\":\"Cosmos\",\"37\":\"Badnoise\",\"38\":\"Apply Ignorance\",\"39\":\"Photography\"}}', '2016-06-25 01:14:57', '2016-06-25 01:14:57', 'b61db1e4-df95-4416-8a8d-55d54f30667f'),
 ('43', '30', '5', '1', 'en', '1', '', '{\"typeId\":null,\"authorId\":\"1\",\"title\":\"Ambio\",\"slug\":\"ambio\",\"postDate\":null,\"expiryDate\":null,\"enabled\":0,\"parentId\":null,\"fields\":{\"13\":\"\",\"29\":\"This was completed as an assignment for my Design for Mobile module at university. The brief was very open \\u2013 create an app for a smartphone. I have an iPhone so I decided to design for what I knew, and what I could test myself.\\r\\n\\r\\nThe idea of the app is now something I am pursuing in the real world \\u2013 I am starting to learn to code in Swift, and have acquired the social media accounts. I intend to develop the app, and market it myself over the coming year. What you see here was created and exported entirely from Sketch \\u2013 then entered into InVision to create the working prototype at the bottom of the page.\\r\\n\\r\\nPut simply, the app helps musicians to acquire business, and people who need talented artists to find them. The app allows people to post jobs, and post pay details, or expenses. They also include the skills they require, and what level they need them to be. The musician has a profile which includes all of this information.\",\"30\":[\"29\"],\"15\":\"\",\"17\":\"\",\"18\":\"\",\"14\":\"\",\"16\":\"\",\"19\":\"\",\"4\":\"Ambio\",\"26\":\"#00c3f2\",\"27\":[\"23\"],\"31\":\"\",\"32\":\"\",\"33\":\"\",\"25\":[\"12\",\"14\",\"15\"],\"5\":\"Exploiting a emerging digital technology to create a new digital product.\",\"28\":\"An application and Invision protoype connecting musicians to their next gigs.\"}}', '2016-06-25 17:33:30', '2016-06-25 17:33:30', 'eb84b043-32d8-464d-a621-9aab802a7c7e'),
 ('44', '30', '5', '1', 'en', '2', '', '{\"typeId\":\"5\",\"authorId\":\"1\",\"title\":\"Ambio\",\"slug\":\"ambio\",\"postDate\":1466875980,\"expiryDate\":null,\"enabled\":1,\"parentId\":null,\"fields\":{\"13\":\"<p>This was completed as an assignment for my Design for Mobile module at university. The brief was very open \\u2013 create an app for a smartphone. I have an iPhone so I decided to design for what I knew, and what I could test myself.<\\/p>\\r\\n\\r\\n<p>The idea of the app is now something I am pursuing in the real world \\u2013 I am starting to learn to code in Swift, and have acquired the social media accounts. I intend to develop the app, and market it myself over the coming year. What you see here was created and exported entirely from Sketch \\u2013 then entered into InVision to create the working prototype at the bottom of the page.<\\/p>\\r\\n\\r\\n<p>Put simply, the app helps musicians to acquire business, and people who need talented artists to find them. The app allows people to post jobs, and post pay details, or expenses. They also include the skills they require, and what level they need them to be. The musician has a profile which includes all of this information.<\\/p>\",\"29\":\"Exploiting a emerging digital technology to create a new digital product.\",\"30\":[\"29\"],\"15\":\"\",\"17\":\"\",\"18\":\"\",\"14\":\"\",\"16\":\"\",\"19\":\"\",\"4\":\"Ambio\",\"26\":\"#00c3f2\",\"27\":[\"23\"],\"31\":\"\",\"32\":\"\",\"33\":\"\",\"25\":[\"12\",\"14\",\"15\"],\"5\":\"Exploiting a emerging digital technology to create a new digital product.\",\"28\":\"Exploiting a emerging digital technology to create a new digital product.\"}}', '2016-06-25 17:40:18', '2016-06-25 17:40:18', '805a0bfe-b1bd-45b1-bd42-936c1886e14c'),
 ('45', '30', '5', '1', 'en', '3', '', '{\"typeId\":\"5\",\"authorId\":\"1\",\"title\":\"Ambio\",\"slug\":\"ambio\",\"postDate\":1466875980,\"expiryDate\":null,\"enabled\":1,\"parentId\":null,\"fields\":{\"13\":\"<p>This was completed as an assignment for my Design for Mobile module at university. The brief was very open \\u2013 create an app for a smartphone. I have an iPhone so I decided to design for what I knew, and what I could test myself.<\\/p>\\r\\n\\r\\n<p>The idea of the app is now something I am pursuing in the real world \\u2013 I am starting to learn to code in Swift, and have acquired the social media accounts. I intend to develop the app, and market it myself over the coming year. What you see here was created and exported entirely from Sketch \\u2013 then entered into InVision to create the working prototype at the bottom of the page.<\\/p>\\r\\n\\r\\n\\r\\n\\r\\n<p>Put simply, the app helps musicians to acquire business, and people who need talented artists to find them. The app allows people to post jobs, and post pay details, or expenses. They also include the skills they require, and what level they need them to be. The musician has a profile which includes all of this information.<\\/p>\",\"29\":\"Exploiting a emerging digital technology to create a new digital product.\",\"30\":[\"29\"],\"15\":\"<p>EE2614 - Experimental Digital Futures<\\/p>\",\"17\":\"A-\",\"18\":\"Detailed Research and Citation, Sketch, UI, UX, Branding\",\"14\":\"Module\",\"16\":\"Grade\",\"19\":\"Skills Required\",\"4\":\"Ambio\",\"26\":\"#00c3f2\",\"27\":[\"23\"],\"31\":[\"31\"],\"32\":[\"32\"],\"33\":[\"33\"],\"25\":[\"12\",\"14\",\"15\"],\"5\":\"Exploiting a emerging digital technology to create a new digital product.\",\"28\":\"Exploiting a emerging digital technology to create a new digital product.\"}}', '2016-06-25 18:02:34', '2016-06-25 18:02:34', 'e96f15da-9d45-4f31-9380-2ba48142178e'),
 ('46', '9', '5', '1', 'en', '11', '', '{\"typeId\":\"5\",\"authorId\":\"1\",\"title\":\"Cadenza\",\"slug\":\"cadenza\",\"postDate\":1466703240,\"expiryDate\":null,\"enabled\":1,\"parentId\":null,\"fields\":{\"13\":\"<p>This was completed as an assignment for my Design for Mobile module at university. The brief was very open \\u2013 create an app for a smartphone. I have an iPhone so I decided to design for what I knew, and what I could test myself.<\\/p>\\r\\n\\r\\n<p>The idea of the app is now something I am pursuing in the real world \\u2013 I am starting to learn to code in Swift, and have acquired the social media accounts. I intend to develop the app, and market it myself over the coming year. What you see here was created and exported entirely from Sketch \\u2013 then entered into InVision to create the working prototype at the bottom of the page.<\\/p>\\r\\n\\r\\n\\r\\n\\r\\n\\r\\n\\r\\n\\r\\n\\r\\n\\r\\n\\r\\n<p>Put simply, the app helps musicians to acquire business, and people who need talented artists to find them. The app allows people to post jobs, and post pay details, or expenses. They also include the skills they require, and what level they need them to be. The musician has a profile which includes all of this information.<\\/p>\",\"29\":\"A job listing application for musicians to find work, and employers to find temporary or long term musical partners.\",\"30\":[\"22\"],\"15\":\"<p>Mobile Application Design<\\/p>\",\"17\":\"A\",\"18\":\"Sketch, Invision, UI, UX\",\"14\":\"Module\",\"16\":\"Grade Received\",\"19\":\"Skills Required \",\"4\":\"Cadenza\",\"26\":\"#df006a\",\"27\":[\"17\"],\"31\":[\"19\"],\"32\":[\"20\"],\"33\":[\"21\"],\"25\":[\"12\",\"13\",\"14\"],\"5\":\"An application and Invision protoype connecting musicians to their next gigs.\",\"28\":\"An application and Invision protoype connecting musicians to their next gigs.\"}}', '2016-06-26 12:13:22', '2016-06-26 12:13:22', 'd62fd745-5fb8-4a27-be58-c639f250b7d8'),
 ('47', '30', '5', '1', 'en', '4', '', '{\"typeId\":\"5\",\"authorId\":\"1\",\"title\":\"Ambio\",\"slug\":\"ambio\",\"postDate\":1466875980,\"expiryDate\":null,\"enabled\":1,\"parentId\":null,\"fields\":{\"13\":\"<p>Ambient Intelligence (sometimes referred to as ubiquitous computing) is a technology which does not, currently, exist anywhere it a perfect form.&nbsp;It is not, therefore, a single piece of hardware, or software. It does not come in a box marked \\u2018ambient intelligence\\u2019 with instructions to simply plug in and connect to wifi. It is more esoteric than that. It pertains to an integration between users and technology.<br><\\/p><p>Ambio is a product which couples an implantable chip, consisting of\\r\\na uniquely identifiable RFID tag, and small, transmitting biosensors\\r\\nwhich monitor vital signs of a user. This chip is coupled with the\\r\\nambio app, which uses this data to make the user\\u2019s smarthome\\r\\nenvironment ambiently intelligent.&nbsp;<\\/p><p>The app communicates with&nbsp;the user\\u2019s house, car, and other appliances, including their online\\r\\naccounts proactively, reducing the need for a user constantly\\r\\ninteract with technology. The implantable RFID tag can also be used\\r\\nfor storing vital medical information, unlocking a house and car, and\\r\\ntracking and identifying a user within their smarthome.&nbsp;<\\/p>\",\"29\":\"Selecting Ambient Intelligence as my emerging technology, I had to research the technology, then create a new digital product, design, brand, and justify it in theory.\",\"30\":[\"29\"],\"15\":\"<p>EE2614 - Experimental Digital Futures<\\/p>\",\"17\":\"A-\",\"18\":\"Detailed Research and Citation, Sketch, UI, UX, Branding\",\"14\":\"Module\",\"16\":\"Grade\",\"19\":\"Skills Required\",\"4\":\"Ambio\",\"26\":\"#00c3f2\",\"27\":[\"23\"],\"31\":[\"32\"],\"32\":[\"35\"],\"33\":[\"33\"],\"25\":[\"12\",\"15\",\"34\"],\"5\":\"Exploiting a emerging digital technology to create a new digital product.\",\"28\":\"Exploiting a emerging digital technology to create a new digital product.\"}}', '2016-06-26 12:23:13', '2016-06-26 12:23:13', '1fbecb1b-93c4-453c-90b4-acbf26b2599a'),
 ('48', '38', '5', '1', 'en', '1', '', '{\"typeId\":null,\"authorId\":\"1\",\"title\":\"Cosmos\",\"slug\":\"cosmos\",\"postDate\":null,\"expiryDate\":null,\"enabled\":0,\"parentId\":null,\"fields\":{\"13\":\"\",\"29\":\"\",\"30\":[\"37\"],\"15\":\"\",\"17\":\"\",\"18\":\"\",\"14\":\"\",\"16\":\"\",\"19\":\"\",\"4\":\"Cosmos\",\"26\":\"#d4d4d4\",\"27\":[\"24\"],\"31\":\"\",\"32\":\"\",\"33\":\"\",\"25\":[\"13\",\"15\",\"36\"],\"5\":\"Theoretical branding exercise for a new, premium fuel retailer.\",\"28\":\"Branding exercise for a new, premium fuel retailer, set as a challenge by the agency ELSE.\"}}', '2016-06-26 12:34:51', '2016-06-26 12:34:51', '266e8240-509b-403a-8ba3-4c92e3914bfa'),
 ('49', '38', '5', '1', 'en', '2', '', '{\"typeId\":\"5\",\"authorId\":\"1\",\"title\":\"Cosmos\",\"slug\":\"cosmos\",\"postDate\":null,\"expiryDate\":null,\"enabled\":0,\"parentId\":null,\"fields\":{\"13\":\"\",\"29\":\"\",\"30\":[\"37\"],\"15\":\"\",\"17\":\"\",\"18\":\"\",\"14\":\"\",\"16\":\"\",\"19\":\"\",\"4\":\"Cosmos\",\"26\":\"#d4d4d4\",\"27\":[\"24\"],\"31\":\"\",\"32\":\"\",\"33\":\"\",\"25\":[\"13\",\"15\",\"36\"],\"5\":\"Branding exercise for a new, premium fuel retailer, set as a challenge by the agency ELSE.\",\"28\":\"Branding exercise for a new, premium fuel retailer, set as a challenge by the agency ELSE.\"}}', '2016-06-26 12:35:00', '2016-06-26 12:35:00', '4c71e5be-eb56-4119-8e35-7fb87d70c68e'),
 ('50', '38', '5', '1', 'en', '3', '', '{\"typeId\":\"5\",\"authorId\":\"1\",\"title\":\"Cosmos\",\"slug\":\"cosmos\",\"postDate\":1466944500,\"expiryDate\":null,\"enabled\":1,\"parentId\":null,\"fields\":{\"13\":\"<p>Cosmos brand mission is to provide quality fuel with personality.\\r\\nWhether the fuel is electricity, hydrogen, or good old fashioned\\r\\npetrol, you\\u2019ll be part of the Cosmos experience.<\\/p>\\r\\n\\r\\n<p>Cosmos is bringing the future of fuel delivery, both in what we\\r\\nprovide, and how we do it - we stretch what is possible. We value\\r\\nout of this world service above all else, and people are what make us\\r\\ngreat. We are the only fuel company to o er a personal fuel delivery\\r\\nservice, and to make you feel at home while we do it .<\\/p><p><strong>A&nbsp;Cosmos Experience<\\/strong><span><\\/span><\\/p><p>Bong. Low Fuel. You use handsfree to get Siri to find you the nearest Cosmos, she does this using the app on your phone, and sets the\\r\\nnavigiation accordingly. You pull onto the forecourt - currently all of the manned pumps are taken, with motorists in their car relaxing with a\\r\\nfree coffee whilst their fuel is pumped. You drive to the self service pump. As you drive up, the ANPR cameras recognise your car - \\u2018Welcome\\r\\nChristopher\\u2019 is displayed.&nbsp;<\\/p><p>As you always fill up with Petrol, this option is preselected in the one pump system, but you confirm the choice,\\r\\nand start to&nbsp;fill up. The meter ticks over onto \\u00a325, and you touch Finish and Pay. 3 options are displayed; Card, Cash, and Cosmos Pay. You\\r\\nchoose the latter, and the payment process is confirmed. The pump has communicated with your account with Cosmos to get the payment,\\r\\nand has credited you with the appropriate loyalty coupons. Next time you come you\\u2019ll get a free coffee and 5p o  per litre - Bonus.&nbsp;<\\/p><p>\\r\\nAs you get into your car and drive away, a push notification pops up on your phone \\u201cThank you for refuelling with Cosmos, see you in the\\r\\nfuture...\\u201d.&nbsp;<\\/p>\",\"29\":\"As part of my second year Design Practice module, ELSE set an industry brief to design and brand a new premium fuel retailer.\",\"30\":[\"37\"],\"15\":\"<p>Design Practice<\\/p>\",\"17\":\"B+\",\"18\":\"Branding, Sketch Design, InDesign Documentation, Presentation\",\"14\":\"Module\",\"16\":\"Grade Received \",\"19\":\"Skills Required\",\"4\":\"Cosmos\",\"26\":\"#d4d4d4\",\"27\":[\"24\"],\"31\":[\"39\"],\"32\":[\"40\"],\"33\":[\"41\"],\"25\":[\"13\",\"15\",\"36\"],\"5\":\"Branding exercise for a new, premium fuel retailer, set as a challenge by the agency ELSE.\",\"28\":\"Branding exercise for a new, premium fuel retailer, set as a challenge by the agency ELSE.\"}}', '2016-06-26 12:44:51', '2016-06-26 12:44:51', '8c48d4bb-55df-4c59-99c4-a6ad7051ce5c'),
 ('51', '38', '5', '1', 'en', '4', '', '{\"typeId\":\"5\",\"authorId\":\"1\",\"title\":\"Cosmos\",\"slug\":\"cosmos\",\"postDate\":1466944500,\"expiryDate\":null,\"enabled\":1,\"parentId\":null,\"fields\":{\"13\":\"<p>Cosmos brand mission is to provide quality fuel with personality.\\r\\nWhether the fuel is electricity, hydrogen, or good old fashioned\\r\\npetrol, you\\u2019ll be part of the Cosmos experience.<\\/p>\\r\\n\\r\\n<p>Cosmos is bringing the future of fuel delivery, both in what we\\r\\nprovide, and how we do it - we stretch what is possible. We value\\r\\nout of this world service above all else, and people are what make us\\r\\ngreat. We are the only fuel company to o er a personal fuel delivery\\r\\nservice, and to make you feel at home while we do it .<\\/p>\\r\\n\\r\\n<p><strong>A&nbsp;Cosmos Experience<\\/strong><\\/p>\\r\\n\\r\\n<p>Bong. Low Fuel. You use handsfree to get Siri to find you the nearest Cosmos, she does this using the app on your phone, and sets the\\r\\nnavigiation accordingly. You pull onto the forecourt - currently all of the manned pumps are taken, with motorists in their car relaxing with a\\r\\nfree coffee whilst their fuel is pumped. You drive to the self service pump. As you drive up, the ANPR cameras recognise your car - \\u2018Welcome\\r\\nChristopher\\u2019 is displayed.&nbsp;<\\/p>\\r\\n\\r\\n<p>As you always fill up with Petrol, this option is preselected in the one pump system, but you confirm the choice,\\r\\nand start to&nbsp;fill up. The meter ticks over onto \\u00a325, and you touch Finish and Pay. 3 options are displayed; Card, Cash, and Cosmos Pay. You\\r\\nchoose the latter, and the payment process is confirmed. The pump has communicated with your account with Cosmos to get the payment,\\r\\nand has credited you with the appropriate loyalty coupons. Next time you come you\\u2019ll get a free coffee and 5p o  per litre - Bonus.&nbsp;<\\/p>\\r\\n\\r\\n<p>\\r\\nAs you get into your car and drive away, a push notification pops up on your phone \\u201cThank you for refuelling with Cosmos, see you in the\\r\\nfuture...\\u201d.&nbsp;<\\/p>\",\"29\":\"As part of my second year Design Practice module, ELSE set an industry brief to design and brand a new premium fuel retailer.\",\"30\":[\"37\"],\"15\":\"<p>Design Practice<\\/p>\",\"17\":\"B+\",\"18\":\"Branding, Sketch Design, InDesign Documentation, Presentation\",\"14\":\"Module\",\"16\":\"Grade Received \",\"19\":\"Skills Required\",\"4\":\"Cosmos\",\"26\":\"#d4d4d4\",\"27\":[\"24\"],\"31\":[\"39\"],\"32\":[\"42\"],\"33\":[\"41\"],\"25\":[\"13\",\"15\",\"36\"],\"5\":\"Branding exercise for a new, premium fuel retailer, set as a challenge by the agency ELSE.\",\"28\":\"Branding exercise for a new, premium fuel retailer, set as a challenge by the agency ELSE.\"}}', '2016-06-26 12:47:00', '2016-06-26 12:47:00', '29306d85-b5de-4f42-8ffb-19dd55b3b378'),
 ('52', '38', '5', '1', 'en', '5', '', '{\"typeId\":\"5\",\"authorId\":\"1\",\"title\":\"Cosmos\",\"slug\":\"cosmos\",\"postDate\":1466944500,\"expiryDate\":null,\"enabled\":1,\"parentId\":null,\"fields\":{\"13\":\"<p>Cosmos brand mission is to provide quality fuel with personality.\\r\\nWhether the fuel is electricity, hydrogen, or good old fashioned\\r\\npetrol, you\\u2019ll be part of the Cosmos experience.<\\/p>\\r\\n\\r\\n<p>Cosmos is bringing the future of fuel delivery, both in what we\\r\\nprovide, and how we do it - we stretch what is possible. We value\\r\\nout of this world service above all else, and people are what make us\\r\\ngreat. We are the only fuel company to offer a personal fuel delivery\\r\\nservice, and to make you feel at home while we do it .<\\/p>\\r\\n\\r\\n\\r\\n\\r\\n<p><strong>A&nbsp;Cosmos Experience<\\/strong><\\/p>\\r\\n\\r\\n\\r\\n\\r\\n<p>Bong. Low Fuel. You use handsfree to get Siri to find you the nearest Cosmos, she does this using the app on your phone, and sets the\\r\\nnavigiation accordingly. You pull onto the forecourt - currently all of the manned pumps are taken, with motorists in their car relaxing with a\\r\\nfree coffee whilst their fuel is pumped. You drive to the self service pump. As you drive up, the ANPR cameras recognise your car - \\u2018Welcome\\r\\nChristopher\\u2019 is displayed.&nbsp;<\\/p>\\r\\n\\r\\n\\r\\n\\r\\n<p>As you always fill up with Petrol, this option is preselected in the one pump system, but you confirm the choice,\\r\\nand start to&nbsp;fill up. The meter ticks over onto \\u00a325, and you touch Finish and Pay. 3 options are displayed; Card, Cash, and Cosmos Pay. You\\r\\nchoose the latter, and the payment process is confirmed. The pump has communicated with your account with Cosmos to get the payment,\\r\\nand has credited you with the appropriate loyalty coupons. Next time you come you\\u2019ll get a free coffee and 5p o  per litre - Bonus.&nbsp;<\\/p>\\r\\n\\r\\n\\r\\n\\r\\n<p>\\r\\nAs you get into your car and drive away, a push notification pops up on your phone \\u201cThank you for refuelling with Cosmos, see you in the\\r\\nfuture...\\u201d.&nbsp;<\\/p>\",\"29\":\"As part of my second year Design Practice module, ELSE set an industry brief to design and brand a new premium fuel retailer.\",\"30\":[\"37\"],\"15\":\"<p>Design Practice<\\/p>\",\"17\":\"B+\",\"18\":\"Branding, Sketch Design, InDesign Documentation, Presentation\",\"14\":\"Module\",\"16\":\"Grade Received \",\"19\":\"Skills Required\",\"4\":\"Cosmos\",\"26\":\"#d4d4d4\",\"27\":[\"24\"],\"31\":[\"39\"],\"32\":[\"42\"],\"33\":[\"41\"],\"25\":[\"13\",\"15\",\"36\"],\"5\":\"Branding exercise for a new, premium fuel retailer, set as a challenge by the agency ELSE.\",\"28\":\"Branding exercise for a new, premium fuel retailer, set as a challenge by the agency ELSE.\"}}', '2016-06-26 12:51:36', '2016-06-26 12:51:36', '033fc229-7263-4c7d-b268-2badc7d093ec'),
 ('53', '47', '5', '1', 'en', '1', '', '{\"typeId\":null,\"authorId\":\"1\",\"title\":\"Badnoise\",\"slug\":\"badnoise\",\"postDate\":null,\"expiryDate\":null,\"enabled\":0,\"parentId\":null,\"fields\":{\"13\":\"<p>The brief for this project was to create a music streaming service, which had Login\\/Logout features, two tiers of users, each of whom would have access to different features, a file upload facility, as well as the ability to add and remove artists, and songs.&nbsp;<\\/p><p>The process I&nbsp;went through to create Badnoise was relatively straightforward. Firstly, I&nbsp;created designs in Sketch, which helped me visualise the layout of the application, and all of its various features. After this, I&nbsp;created a responsive HTML and CSS&nbsp;site. I tested this along with all the relevant jQuery interactive features across all screen sizes I&nbsp;could, using the browser viewport, and other devices which had touchscreens.<\\/p><p>F<\\/p>\",\"29\":\"Badnoise is a music streaming platform developed for my Mobile Web Application module at Brunel.\",\"30\":[\"45\"],\"15\":\"<p>Mobile Web Application Project &&nbsp;Server-side Web Development<\\/p>\",\"17\":\"TBC\",\"18\":\"UI, UX, mySQL, HTML, CSS, jQuery, JSON, Ajax, PHP\",\"14\":\"Modules\",\"16\":\"Grade Received\",\"19\":\"Skills Required\",\"4\":\"Badnoise\",\"26\":\"#76fbf6\",\"27\":[\"25\"],\"31\":\"\",\"32\":\"\",\"33\":\"\",\"25\":[\"14\",\"43\",\"44\"],\"5\":\"A music streaming web application based around an SQL database.\",\"28\":\"A music streaming web application based around an SQL database.\"}}', '2016-06-27 10:55:25', '2016-06-27 10:55:25', '89552ffb-a391-4cba-a7a3-755cd66aba6c'),
 ('54', '47', '5', '1', 'en', '2', '', '{\"typeId\":\"5\",\"authorId\":\"1\",\"title\":\"Badnoise\",\"slug\":\"badnoise\",\"postDate\":null,\"expiryDate\":null,\"enabled\":0,\"parentId\":null,\"fields\":{\"13\":\"<p>The brief for this project was to create a music streaming service, which had Login\\/Logout features, two tiers of users, each of whom would have access to different features, a file upload facility, as well as the ability to add and remove artists, and songs.&nbsp;<\\/p>\\r\\n\\r\\n<p>The process I&nbsp;went through to create Badnoise was relatively straightforward. Firstly, I&nbsp;created designs in Sketch, which helped me visualise the layout of the application, and all of its various features. After this, I&nbsp;created a responsive HTML and CSS&nbsp;site. I tested this along with all the relevant jQuery interactive features across all screen sizes I&nbsp;could, using the browser viewport, and other devices which had touchscreens.<\\/p>\\r\\n\\r\\n<p>Finally came time to set up the SQL&nbsp;database and create the interaction between the application and the database. We were provided a database creation script, which only had to run on localhost. Using PHP&nbsp;scripts initiated by jQuery requests, I&nbsp;returned JSON&nbsp;arrays which were received and echoed to the browser.<\\/p>\",\"29\":\"Badnoise is a music streaming platform developed for my Mobile Web Application module at Brunel.\",\"30\":[\"45\"],\"15\":\"<p>Mobile Web Application Project &&nbsp;Server-side Web Development<\\/p>\",\"17\":\"TBC\",\"18\":\"UI, UX, mySQL, HTML, CSS, jQuery, JSON, Ajax, PHP\",\"14\":\"Modules\",\"16\":\"Grade Received\",\"19\":\"Skills Required\",\"4\":\"Badnoise\",\"26\":\"#76fbf6\",\"27\":[\"25\"],\"31\":[\"46\"],\"32\":[\"48\"],\"33\":[\"49\"],\"25\":[\"14\",\"43\",\"44\"],\"5\":\"A music streaming web application based around an SQL database.\",\"28\":\"A music streaming web application based around an SQL database.\"}}', '2016-06-27 11:02:21', '2016-06-27 11:02:21', '1eb9f885-9791-4cd0-a41e-762a1bd291b2'),
 ('55', '55', '5', '1', 'en', '1', '', '{\"typeId\":null,\"authorId\":\"1\",\"title\":\"Apply Ignorance\",\"slug\":\"apply-ignorance\",\"postDate\":null,\"expiryDate\":null,\"enabled\":0,\"parentId\":null,\"fields\":{\"13\":\"\",\"29\":\"\",\"30\":[\"51\"],\"15\":\"\",\"17\":\"\",\"18\":\"\",\"14\":\"\",\"16\":\"\",\"19\":\"\",\"4\":\"Apply Ignorance\",\"26\":\"#00b3ff\",\"27\":[\"26\"],\"31\":\"\",\"32\":\"\",\"33\":\"\",\"25\":[\"16\",\"34\",\"50\"],\"5\":\"Animated scrolling storytelling, based around an esoteric link.\",\"28\":\"Animated scrolling storytelling, based around an esoteric link.\"}}', '2016-06-27 11:25:16', '2016-06-27 11:25:16', 'e5a05231-3444-42da-8d4f-39a06ff802a8'),
 ('56', '55', '5', '1', 'en', '2', '', '{\"typeId\":\"5\",\"authorId\":\"1\",\"title\":\"Apply Ignorance\",\"slug\":\"apply-ignorance\",\"postDate\":null,\"expiryDate\":null,\"enabled\":0,\"parentId\":null,\"fields\":{\"13\":\"<p>This project was rather odd. Essentially we were given two random famous people from history, and asked to find a link between them. From this link, we would make an \'artefact\'. This artefact could be anything we could reasonably create ourselves, so long as it portrayed the link we had decided on.&nbsp;<\\/p><p>My two famous people were Miles Davis, the jazz trumpeter, and Robert Frank, an american photographer. Initially I&nbsp;found it hard to find links between these two men. They were both similar in minor aspects, but also vastly different in nearly every other aspects. Eventually after a lot of research, my links began to look suitably esoteric. I decided on three to present as part of the module, but had already envisioned the end goal, and the end link - titled&nbsp;<strong>Subjectivity of Creativity<\\/strong>.<\\/p><p>The main idea from this was that creativity is, at its heart, extremely dependent on its context and surroundings. If Einstein had been born into Dark Ages England for example, he probably would have been burned at the stake for witchcraft. With this in mind, I&nbsp;decided to use Adobe Muse to create a set of scrollable webpages, which would tell stories through moving elements. The stories themselves would centre around 3 great progressives and creatives; Barack Obama, Steve Jobs, and Einstein.<\\/p><p><a href=\\\"http:\\/\\/brunel.ac.uk\\/~dt14mmg\\/ignorance\\/\\\" target=\\\"_blank\\\">You can view this project and explore for yourself here.<\\/a><\\/p>\",\"29\":\"Scrollable, dynamic storytelling, exploring the possibilities great creatives and visionaries would have had open to them had they been born in another time.\",\"30\":[\"51\"],\"15\":\"<p>People Fusion<\\/p>\",\"17\":\"A\",\"18\":\"Research, Illustration, Adobe Muse\",\"14\":\"Module\",\"16\":\"Grade Achieved\",\"19\":\"Skills Required\",\"4\":\"Apply Ignorance\",\"26\":\"#00b3ff\",\"27\":[\"26\"],\"31\":[\"52\"],\"32\":[\"53\"],\"33\":[\"54\"],\"25\":[\"16\",\"34\",\"50\"],\"5\":\"Animated scrolling storytelling, based around an esoteric link.\",\"28\":\"Animated scrolling storytelling, based around an esoteric link.\"}}', '2016-06-27 11:45:19', '2016-06-27 11:45:19', '5681785f-a083-477f-8a95-8b42f161a261'),
 ('57', '55', '5', '1', 'en', '3', '', '{\"typeId\":\"5\",\"authorId\":\"1\",\"title\":\"Apply Ignorance\",\"slug\":\"apply-ignorance\",\"postDate\":1467027920,\"expiryDate\":null,\"enabled\":1,\"parentId\":null,\"fields\":{\"13\":\"<p>This project was rather odd. Essentially we were given two random famous people from history, and asked to find a link between them. From this link, we would make an \'artefact\'. This artefact could be anything we could reasonably create ourselves, so long as it portrayed the link we had decided on.&nbsp;<\\/p><p>My two famous people were Miles Davis, the jazz trumpeter, and Robert Frank, an american photographer. Initially I&nbsp;found it hard to find links between these two men. They were both similar in minor aspects, but also vastly different in nearly every other aspects. Eventually after a lot of research, my links began to look suitably esoteric. I decided on three to present as part of the module, but had already envisioned the end goal, and the end link - titled&nbsp;<strong>Subjectivity of Creativity<\\/strong>.<\\/p><p>The main idea from this was that creativity is, at its heart, extremely dependent on its context and surroundings. If Einstein had been born into Dark Ages England for example, he probably would have been burned at the stake for witchcraft. With this in mind, I&nbsp;decided to use Adobe Muse to create a set of scrollable webpages, which would tell stories through moving elements. The stories themselves would centre around 3 great progressives and creatives; Barack Obama, Steve Jobs, and Einstein.<\\/p><p><a href=\\\"http:\\/\\/brunel.ac.uk\\/~dt14mmg\\/ignorance\\/\\\" target=\\\"_blank\\\">You can view this project and explore for yourself here.<\\/a><\\/p>\",\"29\":\"Scrollable, dynamic storytelling, exploring the possibilities great creatives and visionaries would have had open to them had they been born in another time.\",\"30\":[\"51\"],\"15\":\"<p>People Fusion<\\/p>\",\"17\":\"A\",\"18\":\"Research, Illustration, Adobe Muse\",\"14\":\"Module\",\"16\":\"Grade Achieved\",\"19\":\"Skills Required\",\"4\":\"Apply Ignorance\",\"26\":\"#00b3ff\",\"27\":[\"26\"],\"31\":[\"52\"],\"32\":[\"53\"],\"33\":[\"54\"],\"25\":[\"16\",\"34\",\"50\"],\"5\":\"Animated scrolling storytelling, based around an esoteric link.\",\"28\":\"Animated scrolling storytelling, based around an esoteric link.\"}}', '2016-06-27 11:45:21', '2016-06-27 11:45:21', '51665a43-ddd0-4311-acb5-32f06c4a0f3d'),
 ('58', '66', '5', '1', 'en', '1', '', '{\"typeId\":null,\"authorId\":\"1\",\"title\":\"Photography\",\"slug\":\"photography\",\"postDate\":1467029760,\"expiryDate\":null,\"enabled\":1,\"parentId\":null,\"fields\":{\"13\":\"<p>This will be short and sweet - all of my photos are not hosted here because I&nbsp;am cheap and don\'t want to pay to host trillions of images, each of which is huge.&nbsp;<\\/p>\\r\\n\\r\\n<p><a href=\\\"https:\\/\\/www.flickr.com\\/photos\\/126928783@N04\\/\\\" target=\\\"_blank\\\">You will find all of my best photographs here, at my flickr account - I&nbsp;hope you like them.<\\/a><\\/p>\\r\\n\\r\\n<p>Also, if you have any questions about any of them, or would like to see more; there is around 13,000 of them sitting in my Lightroom at the moment. Let me know. Below are three good\'uns.<\\/p>\",\"29\":\"Photos are cool to look at, so here are mine.\",\"30\":[\"62\"],\"15\":\"<p>Canon 5D Mk III<\\/p>\",\"17\":\"24-105mm L Zoom\",\"18\":\"Amsterdam\",\"14\":\"Personal Camera\",\"16\":\"Favourite Lens\",\"19\":\"Favourite Place\",\"4\":\"Photography\",\"26\":\"#000000\",\"27\":[\"27\"],\"31\":[\"63\"],\"32\":[\"64\"],\"33\":[\"65\"],\"25\":[\"58\",\"59\",\"60\"],\"5\":\"In my spare time I like to take photos - here are some.\",\"28\":\"In my spare time I like to take photos - here are some.\"}}', '2016-06-27 12:17:13', '2016-06-27 12:17:13', '689ec91f-b250-46c7-b60b-727cf3f0b39d'),
 ('59', '2', '1', '1', 'en', '12', '', '{\"typeId\":\"1\",\"authorId\":null,\"title\":\"Portfolio - MG\",\"slug\":\"homepage\",\"postDate\":1466693187,\"expiryDate\":null,\"enabled\":1,\"parentId\":null,\"fields\":{\"3\":\"I\\u2019m a digital product designer & student at brunel university. I make beautiful things that work.\",\"47\":\"#df006a\",\"53\":\"#00c3f2\",\"54\":\"#d5d5d5\",\"55\":\"#76fbf6\",\"56\":\"#00b3ff\",\"57\":\"#000000\",\"46\":[\"17\"],\"48\":[\"23\"],\"49\":[\"24\"],\"50\":[\"25\"],\"51\":[\"26\"],\"52\":[\"27\"],\"40\":\"app design\",\"41\":\"product development\",\"42\":\"branding\",\"43\":\"web app build\",\"44\":\"website build\",\"45\":\"portfolio\",\"34\":\"Cadenza\",\"35\":\"Ambio\",\"36\":\"Cosmos\",\"37\":\"Badnoise\",\"38\":\"Apply Ignorance\",\"39\":\"Photography\"}}', '2016-06-27 15:44:11', '2016-06-27 15:44:11', '2062a440-c9a5-4aa6-933e-75865e31d13b'),
 ('60', '47', '5', '1', 'en', '3', '', '{\"typeId\":\"5\",\"authorId\":\"1\",\"title\":\"Badnoise\",\"slug\":\"badnoise\",\"postDate\":1467025320,\"expiryDate\":null,\"enabled\":1,\"parentId\":null,\"fields\":{\"13\":\"<p>The brief for this project was to create a music streaming service, which had Login\\/Logout features, two tiers of users, each of whom would have access to different features, a file upload facility, as well as the ability to add and remove artists, and songs.&nbsp;<\\/p>\\r\\n\\r\\n<p>The process I&nbsp;went through to create Badnoise was relatively straightforward. Firstly, I&nbsp;created designs in Sketch, which helped me visualise the layout of the application, and all of its various features. After this, I&nbsp;created a responsive HTML and CSS&nbsp;site. I tested this along with all the relevant jQuery interactive features across all screen sizes I&nbsp;could, using the browser viewport, and other devices which had touchscreens.<\\/p>\\r\\n\\r\\n\\r\\n\\r\\n<p>Finally came time to set up the SQL&nbsp;database and create the interaction between the application and the database. We were provided a database creation script, which only had to run on localhost. Using PHP&nbsp;scripts initiated by jQuery requests, I&nbsp;returned JSON&nbsp;arrays which were received and echoed to the browser.<\\/p>\",\"29\":\"Badnoise is a music streaming platform developed for my Mobile Web Application module at Brunel.\",\"30\":[\"45\"],\"15\":\"<p>Mobile Web Application Project &&nbsp;Server-side Web Development<\\/p>\",\"17\":\"TBC\",\"18\":\"UI, UX, mySQL, HTML, CSS, jQuery, JSON, Ajax, PHP\",\"14\":\"Modules\",\"16\":\"Grade Received\",\"19\":\"Skills Required\",\"4\":\"Badnoise\",\"26\":\"#76fbf6\",\"27\":[\"25\"],\"31\":[\"46\"],\"32\":[\"48\"],\"33\":[\"49\"],\"25\":[\"14\",\"43\",\"44\"],\"5\":\"A music streaming web application based around an SQL database.\",\"28\":\"A music streaming web application based around an SQL database.\"}}', '2016-06-27 17:08:04', '2016-06-27 17:08:04', 'a3b73cdb-c551-43dd-a7f9-fcc70a0a7e1f'),
 ('61', '9', '5', '1', 'en', '12', '', '{\"typeId\":\"5\",\"authorId\":\"1\",\"title\":\"Cadenza\",\"slug\":\"cadenza\",\"postDate\":1466703240,\"expiryDate\":null,\"enabled\":1,\"parentId\":null,\"fields\":{\"13\":\"<p>This was completed as an assignment for my Design for Mobile module at university. The brief was very open \\u2013 create an app for a smartphone. I have an iPhone so I decided to design for what I knew, and what I could test myself.<\\/p>\\r\\n\\r\\n<p>The idea of the app is now something I am pursuing in the real world \\u2013 I am starting to learn to code in Swift, and have acquired the social media accounts. I intend to develop the app, and market it myself over the coming year. What you see here was created and exported entirely from Sketch \\u2013 then entered into InVision to create the working prototype at the bottom of the page.<\\/p>\\r\\n\\r\\n\\r\\n\\r\\n\\r\\n\\r\\n\\r\\n\\r\\n\\r\\n\\r\\n\\r\\n\\r\\n<p>Put simply, the app helps musicians to acquire business, and people who need talented artists to find them. The app allows people to post jobs, and post pay details, or expenses. They also include the skills they require, and what level they need them to be. The musician has a profile which includes all of this information.<\\/p>\",\"29\":\"A job listing application for musicians to find work, and employers to find temporary or long term musical partners.\",\"30\":[\"71\"],\"15\":\"<p>Mobile Application Design<\\/p>\",\"17\":\"A\",\"18\":\"Sketch, Invision, UI, UX\",\"14\":\"Module\",\"16\":\"Grade Received\",\"19\":\"Skills Required \",\"4\":\"Cadenza\",\"26\":\"#df006a\",\"27\":[\"17\"],\"31\":[\"156\"],\"32\":[\"154\"],\"33\":[\"155\"],\"25\":[\"12\",\"13\",\"14\"],\"5\":\"An application and Invision protoype connecting musicians to their next gigs.\",\"28\":\"An application and Invision protoype connecting musicians to their next gigs.\"}}', '2016-06-28 09:31:58', '2016-06-28 09:31:58', 'e40b4937-8479-4975-a674-a43c8355d46d'),
 ('62', '9', '5', '1', 'en', '13', '', '{\"typeId\":\"5\",\"authorId\":\"1\",\"title\":\"Cadenza\",\"slug\":\"cadenza\",\"postDate\":1466703240,\"expiryDate\":null,\"enabled\":1,\"parentId\":null,\"fields\":{\"13\":\"<p>This was completed as an assignment for my Design for Mobile module at university. The brief was very open \\u2013 create an app for a smartphone. I have an iPhone so I decided to design for what I knew, and what I could test myself.<\\/p>\\r\\n\\r\\n<p>The idea of the app is now something I am pursuing in the real world \\u2013 I am starting to learn to code in Swift, and have acquired the social media accounts. I intend to develop the app, and market it myself over the coming year. What you see here was created and exported entirely from Sketch \\u2013 then entered into InVision to create the working prototype at the bottom of the page.<\\/p>\\r\\n\\r\\n\\r\\n\\r\\n\\r\\n\\r\\n\\r\\n\\r\\n\\r\\n\\r\\n\\r\\n\\r\\n\\r\\n\\r\\n<p>Put simply, the app helps musicians to acquire business, and people who need talented artists to find them. The app allows people to post jobs, and post pay details, or expenses. They also include the skills they require, and what level they need them to be. The musician has a profile which includes all of this information.<\\/p>\",\"29\":\"A job listing application for musicians to find work, and employers to find temporary or long term musical partners.\",\"30\":[\"71\"],\"15\":\"<p>Mobile Application Design<\\/p>\",\"17\":\"A\",\"18\":\"Sketch, Invision, UI, UX\",\"14\":\"Module\",\"16\":\"Grade Received\",\"19\":\"Skills Required \",\"4\":\"Cadenza\",\"26\":\"#df006a\",\"27\":[\"17\"],\"31\":[\"156\"],\"32\":[\"154\"],\"33\":[\"155\"],\"25\":[\"12\",\"13\",\"14\"],\"5\":\"An application and Invision protoype connecting musicians to their next gigs.\",\"28\":\"An application and Invision protoype connecting musicians to their next gigs.\"}}', '2016-06-28 09:32:27', '2016-06-28 09:32:27', '50d7d3f7-3d20-4068-9fa7-ddc2c7ca6665'),
 ('63', '30', '5', '1', 'en', '5', '', '{\"typeId\":\"5\",\"authorId\":\"1\",\"title\":\"Ambio\",\"slug\":\"ambio\",\"postDate\":1466875980,\"expiryDate\":null,\"enabled\":1,\"parentId\":null,\"fields\":{\"13\":\"<p>Ambient Intelligence (sometimes referred to as ubiquitous computing) is a technology which does not, currently, exist anywhere it a perfect form.&nbsp;It is not, therefore, a single piece of hardware, or software. It does not come in a box marked \\u2018ambient intelligence\\u2019 with instructions to simply plug in and connect to wifi. It is more esoteric than that. It pertains to an integration between users and technology.<br><\\/p>\\r\\n\\r\\n<p>Ambio is a product which couples an implantable chip, consisting of\\r\\na uniquely identifiable RFID tag, and small, transmitting biosensors\\r\\nwhich monitor vital signs of a user. This chip is coupled with the\\r\\nambio app, which uses this data to make the user\\u2019s smarthome\\r\\nenvironment ambiently intelligent.&nbsp;<\\/p>\\r\\n\\r\\n<p>The app communicates with&nbsp;the user\\u2019s house, car, and other appliances, including their online\\r\\naccounts proactively, reducing the need for a user constantly\\r\\ninteract with technology. The implantable RFID tag can also be used\\r\\nfor storing vital medical information, unlocking a house and car, and\\r\\ntracking and identifying a user within their smarthome.&nbsp;<\\/p>\",\"29\":\"Selecting Ambient Intelligence as my emerging technology, I had to research the technology, then create a new digital product, design, brand, and justify it in theory.\",\"30\":[\"29\"],\"15\":\"<p>EE2614 - Experimental Digital Futures<\\/p>\",\"17\":\"A-\",\"18\":\"Detailed Research and Citation, Sketch, UI, UX, Branding\",\"14\":\"Module\",\"16\":\"Grade\",\"19\":\"Skills Required\",\"4\":\"Ambio\",\"26\":\"#00c3f2\",\"27\":[\"23\"],\"31\":[\"153\"],\"32\":[\"35\"],\"33\":[\"33\"],\"25\":[\"12\",\"15\",\"34\"],\"5\":\"Exploiting a emerging digital technology to create a new digital product.\",\"28\":\"Exploiting a emerging digital technology to create a new digital product.\"}}', '2016-06-28 09:35:24', '2016-06-28 09:35:24', '49dbe1eb-52fe-4bff-8e2a-a901d2f5c955'),
 ('64', '30', '5', '1', 'en', '6', '', '{\"typeId\":\"5\",\"authorId\":\"1\",\"title\":\"Ambio\",\"slug\":\"ambio\",\"postDate\":1466875980,\"expiryDate\":null,\"enabled\":1,\"parentId\":null,\"fields\":{\"13\":\"<p>Ambient Intelligence (sometimes referred to as ubiquitous computing) is a technology which does not, currently, exist anywhere it a perfect form.&nbsp;It is not, therefore, a single piece of hardware, or software. It does not come in a box marked \\u2018ambient intelligence\\u2019 with instructions to simply plug in and connect to wifi. It is more esoteric than that. It pertains to an integration between users and technology.<br><\\/p>\\r\\n\\r\\n<p>Ambio is a product which couples an implantable chip, consisting of\\r\\na uniquely identifiable RFID tag, and small, transmitting biosensors\\r\\nwhich monitor vital signs of a user. This chip is coupled with the\\r\\nambio app, which uses this data to make the user\\u2019s smarthome\\r\\nenvironment ambiently intelligent.&nbsp;<\\/p>\\r\\n\\r\\n\\r\\n\\r\\n<p>The app communicates with&nbsp;the user\\u2019s house, car, and other appliances, including their online\\r\\naccounts proactively, reducing the need for a user constantly\\r\\ninteract with technology. The implantable RFID tag can also be used\\r\\nfor storing vital medical information, unlocking a house and car, and\\r\\ntracking and identifying a user within their smarthome.&nbsp;<\\/p>\",\"29\":\"Selecting Ambient Intelligence as my emerging technology, I had to research the technology, then create a new digital product, design, brand, and justify it in theory.\",\"30\":[\"29\"],\"15\":\"<p>EE2614 - Experimental Digital Futures<\\/p>\",\"17\":\"A-\",\"18\":\"Detailed Research and Citation, Sketch, UI, UX, Branding\",\"14\":\"Module\",\"16\":\"Grade\",\"19\":\"Skills Required\",\"4\":\"Ambio\",\"26\":\"#00c3f2\",\"27\":[\"23\"],\"31\":[\"153\"],\"32\":[\"35\"],\"33\":[\"33\"],\"25\":[\"12\",\"15\",\"34\"],\"5\":\"Exploiting a emerging digital technology to create a new digital product.\",\"28\":\"Exploiting a emerging digital technology to create a new digital product.\"}}', '2016-06-28 09:36:40', '2016-06-28 09:36:40', '0ac094ff-3d9f-4198-b2e4-95e86d6924ae'),
 ('65', '30', '5', '1', 'en', '7', '', '{\"typeId\":\"5\",\"authorId\":\"1\",\"title\":\"Ambio\",\"slug\":\"ambio\",\"postDate\":1466875980,\"expiryDate\":null,\"enabled\":1,\"parentId\":null,\"fields\":{\"13\":\"<p>Ambient Intelligence (sometimes referred to as ubiquitous computing) is a technology which does not, currently, exist anywhere it a perfect form.&nbsp;It is not, therefore, a single piece of hardware, or software. It does not come in a box marked \\u2018ambient intelligence\\u2019 with instructions to simply plug in and connect to wifi. It is more esoteric than that. It pertains to an integration between users and technology.<br><\\/p>\\r\\n\\r\\n<p>Ambio is a product which couples an implantable chip, consisting of\\r\\na uniquely identifiable RFID tag, and small, transmitting biosensors\\r\\nwhich monitor vital signs of a user. This chip is coupled with the\\r\\nambio app, which uses this data to make the user\\u2019s smarthome\\r\\nenvironment ambiently intelligent.&nbsp;<\\/p>\\r\\n\\r\\n\\r\\n\\r\\n\\r\\n\\r\\n<p>The app communicates with&nbsp;the user\\u2019s house, car, and other appliances, including their online\\r\\naccounts proactively, reducing the need for a user constantly\\r\\ninteract with technology. The implantable RFID tag can also be used\\r\\nfor storing vital medical information, unlocking a house and car, and\\r\\ntracking and identifying a user within their smarthome.&nbsp;<\\/p>\",\"29\":\"Selecting Ambient Intelligence as my emerging technology, I had to research the technology, then create a new digital product, design, brand, and justify it in theory.\",\"30\":[\"29\"],\"15\":\"<p>EE2614 - Experimental Digital Futures<\\/p>\",\"17\":\"A-\",\"18\":\"Detailed Research and Citation, Sketch, UI, UX, Branding\",\"14\":\"Module\",\"16\":\"Grade\",\"19\":\"Skills Required\",\"4\":\"Ambio\",\"26\":\"#00c3f2\",\"27\":[\"23\"],\"31\":[\"153\"],\"32\":[\"35\"],\"33\":[\"33\"],\"25\":[\"12\",\"15\",\"34\"],\"5\":\"Exploiting a emerging digital technology to create a new digital product.\",\"28\":\"Exploiting a emerging digital technology to create a new digital product.\"}}', '2016-06-28 09:37:44', '2016-06-28 09:37:44', 'd67cd269-e8ef-4197-9afb-7a21cffce7cc'),
 ('66', '30', '5', '1', 'en', '8', '', '{\"typeId\":\"5\",\"authorId\":\"1\",\"title\":\"Ambio\",\"slug\":\"ambio\",\"postDate\":1466875980,\"expiryDate\":null,\"enabled\":1,\"parentId\":null,\"fields\":{\"13\":\"<p>Ambient Intelligence (sometimes referred to as ubiquitous computing) is a technology which does not, currently, exist anywhere it a perfect form.&nbsp;It is not, therefore, a single piece of hardware, or software. It does not come in a box marked \\u2018ambient intelligence\\u2019 with instructions to simply plug in and connect to wifi. It is more esoteric than that. It pertains to an integration between users and technology.<br><\\/p>\\r\\n\\r\\n<p>Ambio is a product which couples an implantable chip, consisting of\\r\\na uniquely identifiable RFID tag, and small, transmitting biosensors\\r\\nwhich monitor vital signs of a user. This chip is coupled with the\\r\\nambio app, which uses this data to make the user\\u2019s smarthome\\r\\nenvironment ambiently intelligent.&nbsp;<\\/p>\\r\\n\\r\\n\\r\\n\\r\\n\\r\\n\\r\\n\\r\\n\\r\\n<p>The app communicates with&nbsp;the user\\u2019s house, car, and other appliances, including their online\\r\\naccounts proactively, reducing the need for a user constantly\\r\\ninteract with technology. The implantable RFID tag can also be used\\r\\nfor storing vital medical information, unlocking a house and car, and\\r\\ntracking and identifying a user within their smarthome.&nbsp;<\\/p>\",\"29\":\"Selecting Ambient Intelligence as my emerging technology, I had to research the technology, then create a new digital product, design, brand, and justify it in theory.\",\"30\":[\"29\"],\"15\":\"<p>EE2614 - Experimental Digital Futures<\\/p>\",\"17\":\"A-\",\"18\":\"Detailed Research and Citation, Sketch, UI, UX, Branding\",\"14\":\"Module\",\"16\":\"Grade\",\"19\":\"Skills Required\",\"4\":\"Ambio\",\"26\":\"#00c3f2\",\"27\":[\"23\"],\"31\":[\"153\"],\"32\":[\"35\"],\"33\":[\"33\"],\"25\":[\"12\",\"15\",\"34\"],\"5\":\"Exploiting a emerging digital technology to create a new digital product.\",\"28\":\"Exploiting a emerging digital technology to create a new digital product.\"}}', '2016-06-28 09:38:15', '2016-06-28 09:38:15', '54525b47-8f13-4442-879a-5a70d1fb313a'),
 ('67', '9', '5', '1', 'en', '14', '', '{\"typeId\":\"5\",\"authorId\":\"1\",\"title\":\"Cadenza\",\"slug\":\"cadenza\",\"postDate\":1466703240,\"expiryDate\":null,\"enabled\":1,\"parentId\":null,\"fields\":{\"13\":\"<p>This was completed as an assignment for my Design for Mobile module at university. The brief was very open \\u2013 create an app for a smartphone. I have an iPhone so I decided to design for what I knew, and what I could test myself.<\\/p>\\r\\n\\r\\n<p>The idea of the app is now something I am pursuing in the real world \\u2013 I am starting to learn to code in Swift, and have acquired the social media accounts. I intend to develop the app, and market it myself over the coming year. What you see here was created and exported entirely from Sketch \\u2013 then entered into InVision to create the working prototype at the bottom of the page.<\\/p>\\r\\n\\r\\n\\r\\n\\r\\n\\r\\n\\r\\n\\r\\n\\r\\n\\r\\n\\r\\n\\r\\n\\r\\n\\r\\n\\r\\n\\r\\n\\r\\n<p>Put simply, the app helps musicians to acquire business, and people who need talented artists to find them. The app allows people to post jobs, and post pay details, or expenses. They also include the skills they require, and what level they need them to be. The musician has a profile which includes all of this information.<\\/p>\",\"29\":\"A job listing application for musicians to find work, and employers to find temporary or long term musical partners.\",\"30\":\"\",\"15\":\"<p>Mobile Application Design<\\/p>\",\"17\":\"A\",\"18\":\"Sketch, Invision, UI, UX\",\"14\":\"Module\",\"16\":\"Grade Received\",\"19\":\"Skills Required \",\"4\":\"Cadenza\",\"26\":\"#df006a\",\"27\":\"\",\"31\":\"\",\"32\":\"\",\"33\":\"\",\"25\":[\"12\",\"13\",\"14\"],\"5\":\"An application and Invision protoype connecting musicians to their next gigs.\",\"28\":\"An application and Invision protoype connecting musicians to their next gigs.\"}}', '2016-06-28 09:45:30', '2016-06-28 09:45:30', 'eab266df-9ea0-480e-9f7d-e2132bf83317'),
 ('68', '9', '5', '1', 'en', '15', '', '{\"typeId\":\"5\",\"authorId\":\"1\",\"title\":\"Cadenza\",\"slug\":\"cadenza\",\"postDate\":1466703240,\"expiryDate\":null,\"enabled\":1,\"parentId\":null,\"fields\":{\"13\":\"<p>This was completed as an assignment for my Design for Mobile module at university. The brief was very open \\u2013 create an app for a smartphone. I have an iPhone so I decided to design for what I knew, and what I could test myself.<\\/p>\\r\\n\\r\\n<p>The idea of the app is now something I am pursuing in the real world \\u2013 I am starting to learn to code in Swift, and have acquired the social media accounts. I intend to develop the app, and market it myself over the coming year. What you see here was created and exported entirely from Sketch \\u2013 then entered into InVision to create the working prototype at the bottom of the page.<\\/p>\\r\\n\\r\\n\\r\\n\\r\\n\\r\\n\\r\\n\\r\\n\\r\\n\\r\\n\\r\\n\\r\\n\\r\\n\\r\\n\\r\\n\\r\\n\\r\\n\\r\\n\\r\\n<p>Put simply, the app helps musicians to acquire business, and people who need talented artists to find them. The app allows people to post jobs, and post pay details, or expenses. They also include the skills they require, and what level they need them to be. The musician has a profile which includes all of this information.<\\/p>\",\"29\":\"A job listing application for musicians to find work, and employers to find temporary or long term musical partners.\",\"30\":[\"71\"],\"15\":\"<p>Mobile Application Design<\\/p>\",\"17\":\"A\",\"18\":\"Sketch, Invision, UI, UX\",\"14\":\"Module\",\"16\":\"Grade Received\",\"19\":\"Skills Required \",\"4\":\"Cadenza\",\"26\":\"#df006a\",\"27\":[\"104\"],\"31\":[\"156\"],\"32\":[\"154\"],\"33\":[\"155\"],\"25\":[\"12\",\"13\",\"14\"],\"5\":\"An application and Invision protoype connecting musicians to their next gigs.\",\"28\":\"An application and Invision protoype connecting musicians to their next gigs.\"}}', '2016-06-28 09:46:57', '2016-06-28 09:46:57', '82f18157-8b70-4323-bea0-2c8f9d27be90'),
 ('69', '9', '5', '1', 'en', '16', '', '{\"typeId\":\"5\",\"authorId\":\"1\",\"title\":\"Cadenza\",\"slug\":\"cadenza\",\"postDate\":1466703240,\"expiryDate\":null,\"enabled\":1,\"parentId\":null,\"fields\":{\"13\":\"<p>This was completed as an assignment for my Design for Mobile module at university. The brief was very open \\u2013 create an app for a smartphone. I have an iPhone so I decided to design for what I knew, and what I could test myself.<\\/p>\\r\\n\\r\\n<p>The idea of the app is now something I am pursuing in the real world \\u2013 I am starting to learn to code in Swift, and have acquired the social media accounts. I intend to develop the app, and market it myself over the coming year. What you see here was created and exported entirely from Sketch \\u2013 then entered into InVision to create the working prototype at the bottom of the page.<\\/p>\\r\\n\\r\\n\\r\\n\\r\\n\\r\\n\\r\\n\\r\\n\\r\\n\\r\\n\\r\\n\\r\\n\\r\\n\\r\\n\\r\\n\\r\\n\\r\\n\\r\\n\\r\\n\\r\\n\\r\\n\\r\\n\\r\\n<p>Put simply, the app helps musicians to acquire business, and people who need talented artists to find them. The app allows people to post jobs, and post pay details, or expenses. They also include the skills they require, and what level they need them to be. The musician has a profile which includes all of this information.<\\/p>\",\"29\":\"A job listing application for musicians to find work, and employers to find temporary or long term musical partners.\",\"30\":[\"71\"],\"15\":\"<p>Mobile Application Design<\\/p>\",\"17\":\"A\",\"18\":\"Sketch, Invision, UI, UX\",\"14\":\"Module\",\"16\":\"Grade Received\",\"19\":\"Skills Required \",\"4\":\"Cadenza\",\"26\":\"#df006a\",\"27\":[\"104\"],\"31\":[\"156\"],\"32\":[\"154\"],\"33\":[\"155\"],\"25\":[\"12\",\"13\",\"14\"],\"5\":\"An application and Invision protoype connecting musicians to their next gigs.\",\"28\":\"An application and Invision protoype connecting musicians to their next gigs.\"}}', '2016-06-28 09:49:37', '2016-06-28 09:49:37', '1a886dda-deff-4a44-b3af-338aae458c39'),
 ('70', '9', '5', '1', 'en', '17', '', '{\"typeId\":\"5\",\"authorId\":\"1\",\"title\":\"Cadenza\",\"slug\":\"cadenza\",\"postDate\":1466703240,\"expiryDate\":null,\"enabled\":1,\"parentId\":null,\"fields\":{\"13\":\"<p>This was completed as an assignment for my Design for Mobile module at university. The brief was very open \\u2013 create an app for a smartphone. I have an iPhone so I decided to design for what I knew, and what I could test myself.<\\/p>\\r\\n\\r\\n<p>The idea of the app is now something I am pursuing in the real world \\u2013 I am starting to learn to code in Swift, and have acquired the social media accounts. I intend to develop the app, and market it myself over the coming year. What you see here was created and exported entirely from Sketch \\u2013 then entered into InVision to create the working prototype at the bottom of the page.<\\/p>\\r\\n\\r\\n\\r\\n\\r\\n\\r\\n\\r\\n\\r\\n\\r\\n\\r\\n\\r\\n\\r\\n\\r\\n\\r\\n\\r\\n\\r\\n\\r\\n\\r\\n\\r\\n\\r\\n\\r\\n\\r\\n\\r\\n\\r\\n\\r\\n<p>Put simply, the app helps musicians to acquire business, and people who need talented artists to find them. The app allows people to post jobs, and post pay details, or expenses. They also include the skills they require, and what level they need them to be. The musician has a profile which includes all of this information.<\\/p>\",\"29\":\"A job listing application for musicians to find work, and employers to find temporary or long term musical partners.\",\"30\":[\"167\"],\"15\":\"<p>Mobile Application Design<\\/p>\",\"17\":\"A\",\"18\":\"Sketch, Invision, UI, UX\",\"14\":\"Module\",\"16\":\"Grade Received\",\"19\":\"Skills Required \",\"4\":\"Cadenza\",\"26\":\"#df006a\",\"27\":[\"166\"],\"31\":[\"170\"],\"32\":[\"169\"],\"33\":[\"168\"],\"25\":[\"12\",\"13\",\"14\"],\"5\":\"An application and Invision protoype connecting musicians to their next gigs.\",\"28\":\"An application and Invision protoype connecting musicians to their next gigs.\"}}', '2016-06-28 10:29:30', '2016-06-28 10:29:30', '6244a22b-36e0-4625-9a7e-474d5d23b544'),
 ('71', '9', '5', '1', 'en', '18', '', '{\"typeId\":\"5\",\"authorId\":\"1\",\"title\":\"Cadenza\",\"slug\":\"cadenza\",\"postDate\":1466703240,\"expiryDate\":null,\"enabled\":1,\"parentId\":null,\"fields\":{\"13\":\"<p>This was completed as an assignment for my Design for Mobile module at university. The brief was very open \\u2013 create an app for a smartphone. I have an iPhone so I decided to design for what I knew, and what I could test myself.<\\/p>\\r\\n\\r\\n<p>The idea of the app is now something I am pursuing in the real world \\u2013 I am starting to learn to code in Swift, and have acquired the social media accounts. I intend to develop the app, and market it myself over the coming year. What you see here was created and exported entirely from Sketch \\u2013 then entered into InVision to create the working prototype at the bottom of the page.<\\/p>\\r\\n\\r\\n\\r\\n\\r\\n\\r\\n\\r\\n\\r\\n\\r\\n\\r\\n\\r\\n\\r\\n\\r\\n\\r\\n\\r\\n\\r\\n\\r\\n\\r\\n\\r\\n\\r\\n\\r\\n\\r\\n\\r\\n\\r\\n\\r\\n\\r\\n\\r\\n<p>Put simply, the app helps musicians to acquire business, and people who need talented artists to find them. The app allows people to post jobs, and post pay details, or expenses. They also include the skills they require, and what level they need them to be. The musician has a profile which includes all of this information.<\\/p>\",\"29\":\"A job listing application for musicians to find work, and employers to find temporary or long term musical partners.\",\"30\":[\"167\"],\"15\":\"<p>Mobile Application Design<\\/p>\",\"17\":\"A\",\"18\":\"Sketch, Invision, UI, UX\",\"14\":\"Module\",\"16\":\"Grade Received\",\"19\":\"Skills Required \",\"4\":\"Cadenza\",\"26\":\"#df006a\",\"27\":[\"166\"],\"31\":[\"170\"],\"32\":[\"169\"],\"33\":[\"168\"],\"25\":[\"12\",\"13\",\"14\"],\"5\":\"An application and Invision protoype connecting musicians to their next gigs.\",\"28\":\"An application and Invision protoype connecting musicians to their next gigs.\"}}', '2016-06-28 10:40:47', '2016-06-28 10:40:47', '755d4d21-f74f-4094-9fc0-12828e29ac83'),
 ('72', '2', '1', '1', 'en', '13', '', '{\"typeId\":\"1\",\"authorId\":null,\"title\":\"Portfolio - MG\",\"slug\":\"homepage\",\"postDate\":1466693187,\"expiryDate\":null,\"enabled\":1,\"parentId\":null,\"fields\":{\"3\":\"I\\u2019m a digital product designer & student at brunel university. I make beautiful things that work.\",\"47\":\"#df006a\",\"53\":\"#00c3f2\",\"54\":\"#d5d5d5\",\"55\":\"#76fbf6\",\"56\":\"#00b3ff\",\"57\":\"#000000\",\"46\":[\"166\"],\"48\":[\"23\"],\"49\":[\"24\"],\"50\":[\"25\"],\"51\":[\"26\"],\"52\":[\"27\"],\"40\":\"app design\",\"41\":\"product development\",\"42\":\"branding\",\"43\":\"web app build\",\"44\":\"website build\",\"45\":\"portfolio\",\"34\":\"Cadenza\",\"35\":\"Ambio\",\"36\":\"Cosmos\",\"37\":\"Badnoise\",\"38\":\"Apply Ignorance\",\"39\":\"Photography\"}}', '2016-06-28 10:47:01', '2016-06-28 10:47:01', '60e14684-24d7-4f64-9d8e-53f071a798f2'),
 ('73', '2', '1', '1', 'en', '14', '', '{\"typeId\":\"1\",\"authorId\":null,\"title\":\"Portfolio - MG\",\"slug\":\"homepage\",\"postDate\":1466693187,\"expiryDate\":null,\"enabled\":1,\"parentId\":null,\"fields\":{\"3\":\"I\\u2019m a digital product designer & student at brunel university. I make beautiful things that work.\",\"47\":\"#df006a\",\"53\":\"#00c3f2\",\"54\":\"#d5d5d5\",\"55\":\"#76fbf6\",\"56\":\"#00b3ff\",\"57\":\"#000000\",\"46\":[\"166\"],\"48\":[\"105\"],\"49\":[\"106\"],\"50\":[\"25\"],\"51\":[\"26\"],\"52\":[\"27\"],\"40\":\"app design\",\"41\":\"product development\",\"42\":\"branding\",\"43\":\"web app build\",\"44\":\"website build\",\"45\":\"portfolio\",\"34\":\"Cadenza\",\"35\":\"Ambio\",\"36\":\"Cosmos\",\"37\":\"Badnoise\",\"38\":\"Apply Ignorance\",\"39\":\"Photography\"}}', '2016-06-28 11:07:05', '2016-06-28 11:07:05', '216cded4-ef73-432f-9a1a-313e6991ca2c'),
 ('74', '30', '5', '1', 'en', '9', '', '{\"typeId\":\"5\",\"authorId\":\"1\",\"title\":\"Ambio\",\"slug\":\"ambio\",\"postDate\":1466875980,\"expiryDate\":null,\"enabled\":1,\"parentId\":null,\"fields\":{\"13\":\"<p>Ambient Intelligence (sometimes referred to as ubiquitous computing) is a technology which does not, currently, exist anywhere it a perfect form.&nbsp;It is not, therefore, a single piece of hardware, or software. It does not come in a box marked \\u2018ambient intelligence\\u2019 with instructions to simply plug in and connect to wifi. It is more esoteric than that. It pertains to an integration between users and technology.<br><\\/p>\\r\\n\\r\\n<p>Ambio is a product which couples an implantable chip, consisting of\\r\\na uniquely identifiable RFID tag, and small, transmitting biosensors\\r\\nwhich monitor vital signs of a user. This chip is coupled with the\\r\\nambio app, which uses this data to make the user\\u2019s smarthome\\r\\nenvironment ambiently intelligent.&nbsp;<\\/p>\\r\\n\\r\\n\\r\\n\\r\\n\\r\\n\\r\\n\\r\\n\\r\\n\\r\\n\\r\\n<p>The app communicates with&nbsp;the user\\u2019s house, car, and other appliances, including their online\\r\\naccounts proactively, reducing the need for a user constantly\\r\\ninteract with technology. The implantable RFID tag can also be used\\r\\nfor storing vital medical information, unlocking a house and car, and\\r\\ntracking and identifying a user within their smarthome.&nbsp;<\\/p>\",\"29\":\"Selecting Ambient Intelligence as my emerging technology, I had to research the technology, then create a new digital product, design, brand, and justify it in theory.\",\"30\":[\"171\"],\"15\":\"<p>EE2614 - Experimental Digital Futures<\\/p>\",\"17\":\"A-\",\"18\":\"Detailed Research and Citation, Sketch, UI, UX, Branding\",\"14\":\"Module\",\"16\":\"Grade\",\"19\":\"Skills Required\",\"4\":\"Ambio\",\"26\":\"#00c3f2\",\"27\":[\"23\"],\"31\":[\"172\"],\"32\":[\"35\"],\"33\":[\"173\"],\"25\":[\"12\",\"15\",\"34\"],\"5\":\"Exploiting a emerging digital technology to create a new digital product.\",\"28\":\"Exploiting a emerging digital technology to create a new digital product.\"}}', '2016-06-28 11:39:02', '2016-06-28 11:39:02', '05f522f0-2a89-447f-836e-4635987f86dc'),
 ('75', '38', '5', '1', 'en', '6', '', '{\"typeId\":\"5\",\"authorId\":\"1\",\"title\":\"Cosmos\",\"slug\":\"cosmos\",\"postDate\":1466944500,\"expiryDate\":null,\"enabled\":1,\"parentId\":null,\"fields\":{\"13\":\"<p>Cosmos brand mission is to provide quality fuel with personality.\\r\\nWhether the fuel is electricity, hydrogen, or good old fashioned\\r\\npetrol, you\\u2019ll be part of the Cosmos experience.<\\/p>\\r\\n\\r\\n<p>Cosmos is bringing the future of fuel delivery, both in what we\\r\\nprovide, and how we do it - we stretch what is possible. We value\\r\\nout of this world service above all else, and people are what make us\\r\\ngreat. We are the only fuel company to offer a personal fuel delivery\\r\\nservice, and to make you feel at home while we do it .<\\/p>\\r\\n\\r\\n\\r\\n\\r\\n\\r\\n\\r\\n<p><strong>A&nbsp;Cosmos Experience<\\/strong><\\/p>\\r\\n\\r\\n\\r\\n\\r\\n\\r\\n\\r\\n<p>Bong. Low Fuel. You use handsfree to get Siri to find you the nearest Cosmos, she does this using the app on your phone, and sets the\\r\\nnavigiation accordingly. You pull onto the forecourt - currently all of the manned pumps are taken, with motorists in their car relaxing with a\\r\\nfree coffee whilst their fuel is pumped. You drive to the self service pump. As you drive up, the ANPR cameras recognise your car - \\u2018Welcome\\r\\nChristopher\\u2019 is displayed.&nbsp;<\\/p>\\r\\n\\r\\n\\r\\n\\r\\n\\r\\n\\r\\n<p>As you always fill up with Petrol, this option is preselected in the one pump system, but you confirm the choice,\\r\\nand start to&nbsp;fill up. The meter ticks over onto \\u00a325, and you touch Finish and Pay. 3 options are displayed; Card, Cash, and Cosmos Pay. You\\r\\nchoose the latter, and the payment process is confirmed. The pump has communicated with your account with Cosmos to get the payment,\\r\\nand has credited you with the appropriate loyalty coupons. Next time you come you\\u2019ll get a free coffee and 5p o  per litre - Bonus.&nbsp;<\\/p>\\r\\n\\r\\n\\r\\n\\r\\n\\r\\n\\r\\n<p>\\r\\nAs you get into your car and drive away, a push notification pops up on your phone \\u201cThank you for refuelling with Cosmos, see you in the\\r\\nfuture...\\u201d.&nbsp;<\\/p>\",\"29\":\"As part of my second year Design Practice module, ELSE set an industry brief to design and brand a new premium fuel retailer.\",\"30\":\"\",\"15\":\"<p>Design Practice<\\/p>\",\"17\":\"B+\",\"18\":\"Branding, Sketch Design, InDesign Documentation, Presentation\",\"14\":\"Module\",\"16\":\"Grade Received \",\"19\":\"Skills Required\",\"4\":\"Cosmos\",\"26\":\"#d4d4d4\",\"27\":[\"24\"],\"31\":\"\",\"32\":\"\",\"33\":\"\",\"25\":[\"13\",\"15\",\"36\"],\"5\":\"Branding exercise for a new, premium fuel retailer, set as a challenge by the agency ELSE.\",\"28\":\"Branding exercise for a new, premium fuel retailer, set as a challenge by the agency ELSE.\"}}', '2016-06-28 11:42:08', '2016-06-28 11:42:08', '3d682e4e-e0e3-40c5-aafa-425629a6acbc'),
 ('76', '38', '5', '1', 'en', '7', '', '{\"typeId\":\"5\",\"authorId\":\"1\",\"title\":\"Cosmos\",\"slug\":\"cosmos\",\"postDate\":1466944500,\"expiryDate\":null,\"enabled\":1,\"parentId\":null,\"fields\":{\"13\":\"<p>Cosmos brand mission is to provide quality fuel with personality.\\r\\nWhether the fuel is electricity, hydrogen, or good old fashioned\\r\\npetrol, you\\u2019ll be part of the Cosmos experience.<\\/p>\\r\\n\\r\\n<p>Cosmos is bringing the future of fuel delivery, both in what we\\r\\nprovide, and how we do it - we stretch what is possible. We value\\r\\nout of this world service above all else, and people are what make us\\r\\ngreat. We are the only fuel company to offer a personal fuel delivery\\r\\nservice, and to make you feel at home while we do it .<\\/p>\\r\\n\\r\\n\\r\\n\\r\\n\\r\\n\\r\\n\\r\\n\\r\\n<p><strong>A&nbsp;Cosmos Experience<\\/strong><\\/p>\\r\\n\\r\\n\\r\\n\\r\\n\\r\\n\\r\\n\\r\\n\\r\\n<p>Bong. Low Fuel. You use handsfree to get Siri to find you the nearest Cosmos, she does this using the app on your phone, and sets the\\r\\nnavigiation accordingly. You pull onto the forecourt - currently all of the manned pumps are taken, with motorists in their car relaxing with a\\r\\nfree coffee whilst their fuel is pumped. You drive to the self service pump. As you drive up, the ANPR cameras recognise your car - \\u2018Welcome\\r\\nChristopher\\u2019 is displayed.&nbsp;<\\/p>\\r\\n\\r\\n\\r\\n\\r\\n\\r\\n\\r\\n\\r\\n\\r\\n<p>As you always fill up with Petrol, this option is preselected in the one pump system, but you confirm the choice,\\r\\nand start to&nbsp;fill up. The meter ticks over onto \\u00a325, and you touch Finish and Pay. 3 options are displayed; Card, Cash, and Cosmos Pay. You\\r\\nchoose the latter, and the payment process is confirmed. The pump has communicated with your account with Cosmos to get the payment,\\r\\nand has credited you with the appropriate loyalty coupons. Next time you come you\\u2019ll get a free coffee and 5p o  per litre - Bonus.&nbsp;<\\/p>\\r\\n\\r\\n\\r\\n\\r\\n\\r\\n\\r\\n\\r\\n\\r\\n<p>\\r\\nAs you get into your car and drive away, a push notification pops up on your phone \\u201cThank you for refuelling with Cosmos, see you in the\\r\\nfuture...\\u201d.&nbsp;<\\/p>\",\"29\":\"As part of my second year Design Practice module, ELSE set an industry brief to design and brand a new premium fuel retailer.\",\"30\":[\"174\"],\"15\":\"<p>Design Practice<\\/p>\",\"17\":\"B+\",\"18\":\"Branding, Sketch Design, InDesign Documentation, Presentation\",\"14\":\"Module\",\"16\":\"Grade Received \",\"19\":\"Skills Required\",\"4\":\"Cosmos\",\"26\":\"#d4d4d4\",\"27\":[\"24\"],\"31\":[\"176\"],\"32\":[\"177\"],\"33\":[\"175\"],\"25\":[\"13\",\"15\",\"36\"],\"5\":\"Branding exercise for a new, premium fuel retailer, set as a challenge by the agency ELSE.\",\"28\":\"Branding exercise for a new, premium fuel retailer, set as a challenge by the agency ELSE.\"}}', '2016-06-28 11:45:33', '2016-06-28 11:45:33', '83c7405c-864f-4cca-aea3-96f31dae75fb'),
 ('77', '47', '5', '1', 'en', '4', '', '{\"typeId\":\"5\",\"authorId\":\"1\",\"title\":\"Badnoise\",\"slug\":\"badnoise\",\"postDate\":1467025320,\"expiryDate\":null,\"enabled\":1,\"parentId\":null,\"fields\":{\"13\":\"<p>The brief for this project was to create a music streaming service, which had Login\\/Logout features, two tiers of users, each of whom would have access to different features, a file upload facility, as well as the ability to add and remove artists, and songs.&nbsp;<\\/p>\\r\\n\\r\\n<p>The process I&nbsp;went through to create Badnoise was relatively straightforward. Firstly, I&nbsp;created designs in Sketch, which helped me visualise the layout of the application, and all of its various features. After this, I&nbsp;created a responsive HTML and CSS&nbsp;site. I tested this along with all the relevant jQuery interactive features across all screen sizes I&nbsp;could, using the browser viewport, and other devices which had touchscreens.<\\/p>\\r\\n\\r\\n\\r\\n\\r\\n\\r\\n\\r\\n<p>Finally came time to set up the SQL&nbsp;database and create the interaction between the application and the database. We were provided a database creation script, which only had to run on localhost. Using PHP&nbsp;scripts initiated by jQuery requests, I&nbsp;returned JSON&nbsp;arrays which were received and echoed to the browser.<\\/p>\",\"29\":\"Badnoise is a music streaming platform developed for my Mobile Web Application module at Brunel.\",\"30\":[\"179\"],\"15\":\"<p>Mobile Web Application Project &&nbsp;Server-side Web Development<\\/p>\",\"17\":\"TBC\",\"18\":\"UI, UX, mySQL, HTML, CSS, jQuery, JSON, Ajax, PHP\",\"14\":\"Modules\",\"16\":\"Grade Received\",\"19\":\"Skills Required\",\"4\":\"Badnoise\",\"26\":\"#76fbf6\",\"27\":[\"25\"],\"31\":\"\",\"32\":\"\",\"33\":\"\",\"25\":[\"14\",\"43\",\"44\"],\"5\":\"A music streaming web application based around an SQL database.\",\"28\":\"A music streaming web application based around an SQL database.\"}}', '2016-06-28 11:50:11', '2016-06-28 11:50:11', '205e55f6-9e2b-4814-9bd0-0dde502fc1d6'),
 ('78', '47', '5', '1', 'en', '5', '', '{\"typeId\":\"5\",\"authorId\":\"1\",\"title\":\"Badnoise\",\"slug\":\"badnoise\",\"postDate\":1467025320,\"expiryDate\":null,\"enabled\":1,\"parentId\":null,\"fields\":{\"13\":\"<p>The brief for this project was to create a music streaming service, which had Login\\/Logout features, two tiers of users, each of whom would have access to different features, a file upload facility, as well as the ability to add and remove artists, and songs.&nbsp;<\\/p>\\r\\n\\r\\n<p>The process I&nbsp;went through to create Badnoise was relatively straightforward. Firstly, I&nbsp;created designs in Sketch, which helped me visualise the layout of the application, and all of its various features. After this, I&nbsp;created a responsive HTML and CSS&nbsp;site. I tested this along with all the relevant jQuery interactive features across all screen sizes I&nbsp;could, using the browser viewport, and other devices which had touchscreens.<\\/p>\\r\\n\\r\\n\\r\\n\\r\\n\\r\\n\\r\\n\\r\\n\\r\\n<p>Finally came time to set up the SQL&nbsp;database and create the interaction between the application and the database. We were provided a database creation script, which only had to run on localhost. Using PHP&nbsp;scripts initiated by jQuery requests, I&nbsp;returned JSON&nbsp;arrays which were received and echoed to the browser.<\\/p>\",\"29\":\"Badnoise is a music streaming platform developed for my Mobile Web Application module at Brunel.\",\"30\":[\"180\"],\"15\":\"<p>Mobile Web Application Project &&nbsp;Server-side Web Development<\\/p>\",\"17\":\"TBC\",\"18\":\"UI, UX, mySQL, HTML, CSS, jQuery, JSON, Ajax, PHP\",\"14\":\"Modules\",\"16\":\"Grade Received\",\"19\":\"Skills Required\",\"4\":\"Badnoise\",\"26\":\"#76fbf6\",\"27\":[\"25\"],\"31\":[\"181\"],\"32\":[\"183\"],\"33\":[\"182\"],\"25\":[\"14\",\"43\",\"44\"],\"5\":\"A music streaming web application based around an SQL database.\",\"28\":\"A music streaming web application based around an SQL database.\"}}', '2016-06-28 11:53:22', '2016-06-28 11:53:22', '30c9ed7e-3eef-49e4-afcd-3da7f6fbb59d'),
 ('79', '47', '5', '1', 'en', '6', '', '{\"typeId\":\"5\",\"authorId\":\"1\",\"title\":\"Badnoise\",\"slug\":\"badnoise\",\"postDate\":1467025320,\"expiryDate\":null,\"enabled\":1,\"parentId\":null,\"fields\":{\"13\":\"<p>The brief for this project was to create a music streaming service, which had Login\\/Logout features, two tiers of users, each of whom would have access to different features, a file upload facility, as well as the ability to add and remove artists, and songs.&nbsp;<\\/p>\\r\\n\\r\\n<p>The process I&nbsp;went through to create Badnoise was relatively straightforward. Firstly, I&nbsp;created designs in Sketch, which helped me visualise the layout of the application, and all of its various features. After this, I&nbsp;created a responsive HTML and CSS&nbsp;site. I tested this along with all the relevant jQuery interactive features across all screen sizes I&nbsp;could, using the browser viewport, and other devices which had touchscreens.<\\/p>\\r\\n\\r\\n\\r\\n\\r\\n\\r\\n\\r\\n\\r\\n\\r\\n\\r\\n\\r\\n<p>Finally came time to set up the SQL&nbsp;database and create the interaction between the application and the database. We were provided a database creation script, which only had to run on localhost. Using PHP&nbsp;scripts initiated by jQuery requests, I&nbsp;returned JSON&nbsp;arrays which were received and echoed to the browser.<\\/p>\",\"29\":\"Badnoise is a music streaming platform developed for my Mobile Web Application module at Brunel.\",\"30\":[\"184\"],\"15\":\"<p>Mobile Web Application Project &&nbsp;Server-side Web Development<\\/p>\",\"17\":\"TBC\",\"18\":\"UI, UX, mySQL, HTML, CSS, jQuery, JSON, Ajax, PHP\",\"14\":\"Modules\",\"16\":\"Grade Received\",\"19\":\"Skills Required\",\"4\":\"Badnoise\",\"26\":\"#76fbf6\",\"27\":[\"25\"],\"31\":[\"181\"],\"32\":[\"183\"],\"33\":[\"182\"],\"25\":[\"14\",\"43\",\"44\"],\"5\":\"A music streaming web application based around an SQL database.\",\"28\":\"A music streaming web application based around an SQL database.\"}}', '2016-06-28 11:56:44', '2016-06-28 11:56:44', 'bf4f50fe-7d39-41c9-afd0-cf9422468e9d'),
 ('80', '55', '5', '1', 'en', '4', '', '{\"typeId\":\"5\",\"authorId\":\"1\",\"title\":\"Apply Ignorance\",\"slug\":\"apply-ignorance\",\"postDate\":1467027900,\"expiryDate\":null,\"enabled\":1,\"parentId\":null,\"fields\":{\"13\":\"<p>This project was rather odd. Essentially we were given two random famous people from history, and asked to find a link between them. From this link, we would make an \'artefact\'. This artefact could be anything we could reasonably create ourselves, so long as it portrayed the link we had decided on.&nbsp;<\\/p>\\r\\n\\r\\n<p>My two famous people were Miles Davis, the jazz trumpeter, and Robert Frank, an american photographer. Initially I&nbsp;found it hard to find links between these two men. They were both similar in minor aspects, but also vastly different in nearly every other aspects. Eventually after a lot of research, my links began to look suitably esoteric. I decided on three to present as part of the module, but had already envisioned the end goal, and the end link - titled&nbsp;<strong>Subjectivity of Creativity<\\/strong>.<\\/p>\\r\\n\\r\\n<p>The main idea from this was that creativity is, at its heart, extremely dependent on its context and surroundings. If Einstein had been born into Dark Ages England for example, he probably would have been burned at the stake for witchcraft. With this in mind, I&nbsp;decided to use Adobe Muse to create a set of scrollable webpages, which would tell stories through moving elements. The stories themselves would centre around 3 great progressives and creatives; Barack Obama, Steve Jobs, and Einstein.<\\/p>\\r\\n\\r\\n<p><a href=\\\"http:\\/\\/brunel.ac.uk\\/~dt14mmg\\/ignorance\\/\\\" target=\\\"_blank\\\">You can view this project and explore for yourself here.<\\/a><\\/p>\",\"29\":\"Scrollable, dynamic storytelling, exploring the possibilities great creatives and visionaries would have had open to them had they been born in another time.\",\"30\":[\"185\"],\"15\":\"<p>People Fusion<\\/p>\",\"17\":\"A\",\"18\":\"Research, Illustration, Adobe Muse\",\"14\":\"Module\",\"16\":\"Grade Achieved\",\"19\":\"Skills Required\",\"4\":\"Apply Ignorance\",\"26\":\"#00b3ff\",\"27\":[\"26\"],\"31\":[\"186\"],\"32\":[\"187\"],\"33\":[\"188\"],\"25\":[\"16\",\"34\",\"50\"],\"5\":\"Animated scrolling storytelling, based around an esoteric link.\",\"28\":\"Animated scrolling storytelling, based around an esoteric link.\"}}', '2016-06-28 12:05:54', '2016-06-28 12:05:54', '4f973283-3de8-4bdb-80dc-aa0493d25583'),
 ('81', '47', '5', '1', 'en', '7', '', '{\"typeId\":\"5\",\"authorId\":\"1\",\"title\":\"Badnoise\",\"slug\":\"badnoise\",\"postDate\":1467025320,\"expiryDate\":null,\"enabled\":1,\"parentId\":null,\"fields\":{\"13\":\"<p>The brief for this project was to create a music streaming service, which had Login\\/Logout features, two tiers of users, each of whom would have access to different features, a file upload facility, as well as the ability to add and remove artists, and songs.&nbsp;<\\/p>\\r\\n\\r\\n<p>The process I&nbsp;went through to create Badnoise was relatively straightforward. Firstly, I&nbsp;created designs in Sketch, which helped me visualise the layout of the application, and all of its various features. After this, I&nbsp;created a responsive HTML and CSS&nbsp;site. I tested this along with all the relevant jQuery interactive features across all screen sizes I&nbsp;could, using the browser viewport, and other devices which had touchscreens.<\\/p>\\r\\n\\r\\n\\r\\n\\r\\n\\r\\n\\r\\n\\r\\n\\r\\n\\r\\n\\r\\n\\r\\n\\r\\n<p>Finally came time to set up the SQL&nbsp;database and create the interaction between the application and the database. We were provided a database creation script, which only had to run on localhost. Using PHP&nbsp;scripts initiated by jQuery requests, I&nbsp;returned JSON&nbsp;arrays which were received and echoed to the browser.<\\/p>\",\"29\":\"Badnoise is a music streaming platform developed for my Mobile Web Application module at Brunel.\",\"30\":[\"190\"],\"15\":\"<p>Mobile Web Application Project &&nbsp;Server-side Web Development<\\/p>\",\"17\":\"TBC\",\"18\":\"UI, UX, mySQL, HTML, CSS, jQuery, JSON, Ajax, PHP\",\"14\":\"Modules\",\"16\":\"Grade Received\",\"19\":\"Skills Required\",\"4\":\"Badnoise\",\"26\":\"#76fbf6\",\"27\":[\"25\"],\"31\":[\"181\"],\"32\":[\"183\"],\"33\":[\"182\"],\"25\":[\"14\",\"43\",\"44\"],\"5\":\"A music streaming web application based around an SQL database.\",\"28\":\"A music streaming web application based around an SQL database.\"}}', '2016-06-28 12:09:47', '2016-06-28 12:09:47', 'f4849ed4-ece2-4717-8071-b566b08eab4d'),
 ('82', '55', '5', '1', 'en', '5', '', '{\"typeId\":\"5\",\"authorId\":\"1\",\"title\":\"Apply Ignorance\",\"slug\":\"apply-ignorance\",\"postDate\":1467027900,\"expiryDate\":null,\"enabled\":1,\"parentId\":null,\"fields\":{\"13\":\"<p>This project was rather odd. Essentially we were given two random famous people from history, and asked to find a link between them. From this link, we would make an \'artefact\'. This artefact could be anything we could reasonably create ourselves, so long as it portrayed the link we had decided on.&nbsp;<\\/p>\\r\\n\\r\\n<p>My two famous people were Miles Davis, the jazz trumpeter, and Robert Frank, an american photographer. Initially I&nbsp;found it hard to find links between these two men. They were both similar in minor aspects, but also vastly different in nearly every other aspects. Eventually after a lot of research, my links began to look suitably esoteric. I decided on three to present as part of the module, but had already envisioned the end goal, and the end link - titled&nbsp;<strong>Subjectivity of Creativity<\\/strong>.<\\/p>\\r\\n\\r\\n\\r\\n\\r\\n<p>The main idea from this was that creativity is, at its heart, extremely dependent on its context and surroundings. If Einstein had been born into Dark Ages England for example, he probably would have been burned at the stake for witchcraft. With this in mind, I&nbsp;decided to use Adobe Muse to create a set of scrollable webpages, which would tell stories through moving elements. The stories themselves would centre around 3 great progressives and creatives; Barack Obama, Steve Jobs, and Einstein.<\\/p>\\r\\n\\r\\n\\r\\n\\r\\n<p><a href=\\\"http:\\/\\/brunel.ac.uk\\/~dt14mmg\\/ignorance\\/\\\" target=\\\"_blank\\\">You can view this project and explore for yourself here.<\\/a><\\/p>\",\"29\":\"Scrollable, dynamic storytelling, exploring the possibilities great creatives and visionaries would have had open to them had they been born in another time.\",\"30\":[\"189\"],\"15\":\"<p>People Fusion<\\/p>\",\"17\":\"A\",\"18\":\"Research, Illustration, Adobe Muse\",\"14\":\"Module\",\"16\":\"Grade Achieved\",\"19\":\"Skills Required\",\"4\":\"Apply Ignorance\",\"26\":\"#00b3ff\",\"27\":[\"26\"],\"31\":[\"186\"],\"32\":[\"187\"],\"33\":[\"188\"],\"25\":[\"16\",\"34\",\"50\"],\"5\":\"Animated scrolling storytelling, based around an esoteric link.\",\"28\":\"Animated scrolling storytelling, based around an esoteric link.\"}}', '2016-06-28 12:10:15', '2016-06-28 12:10:15', '5c572de8-6c45-43b8-875e-bbf8266eec2a'),
 ('83', '66', '5', '1', 'en', '2', '', '{\"typeId\":\"5\",\"authorId\":\"1\",\"title\":\"Photography\",\"slug\":\"photography\",\"postDate\":1467029760,\"expiryDate\":null,\"enabled\":1,\"parentId\":null,\"fields\":{\"13\":\"<p>This will be short and sweet - all of my photos are not hosted here because I&nbsp;am cheap and don\'t want to pay to host trillions of images, each of which is huge.&nbsp;<\\/p>\\r\\n\\r\\n<p><a href=\\\"https:\\/\\/www.flickr.com\\/photos\\/126928783@N04\\/\\\" target=\\\"_blank\\\">You will find all of my best photographs here, at my flickr account - I&nbsp;hope you like them.<\\/a><\\/p>\\r\\n\\r\\n\\r\\n\\r\\n<p>Also, if you have any questions about any of them, or would like to see more; there is around 13,000 of them sitting in my Lightroom at the moment. Let me know. Below are three good\'uns.<\\/p>\",\"29\":\"Photos are cool to look at, so here are mine.\",\"30\":\"\",\"15\":\"<p>Canon 5D Mk III<\\/p>\",\"17\":\"24-105mm L Zoom\",\"18\":\"Amsterdam\",\"14\":\"Personal Camera\",\"16\":\"Favourite Lens\",\"19\":\"Favourite Place\",\"4\":\"Photography\",\"26\":\"#000000\",\"27\":[\"109\"],\"31\":\"\",\"32\":\"\",\"33\":\"\",\"25\":[\"58\",\"59\",\"60\"],\"5\":\"In my spare time I like to take photos - here are some.\",\"28\":\"In my spare time I like to take photos - here are some.\"}}', '2016-06-28 12:11:51', '2016-06-28 12:11:51', '6c58103b-3acf-4841-b5f1-67f46305b52d'),
 ('84', '66', '5', '1', 'en', '3', '', '{\"typeId\":\"5\",\"authorId\":\"1\",\"title\":\"Photography\",\"slug\":\"photography\",\"postDate\":1467029760,\"expiryDate\":null,\"enabled\":1,\"parentId\":null,\"fields\":{\"13\":\"<p>This will be short and sweet - all of my photos are not hosted here because I&nbsp;am cheap and don\'t want to pay to host trillions of images, each of which is huge.&nbsp;<\\/p>\\r\\n\\r\\n<p><a href=\\\"https:\\/\\/www.flickr.com\\/photos\\/126928783@N04\\/\\\" target=\\\"_blank\\\">You will find all of my best photographs here, at my flickr account - I&nbsp;hope you like them.<\\/a><\\/p>\\r\\n\\r\\n\\r\\n\\r\\n\\r\\n\\r\\n<p>Also, if you have any questions about any of them, or would like to see more; there is around 13,000 of them sitting in my Lightroom at the moment. Let me know. Below are three good\'uns.<\\/p>\",\"29\":\"Photos are cool to look at, so here are mine.\",\"30\":[\"194\"],\"15\":\"<p>Canon 5D Mk III<\\/p>\",\"17\":\"24-105mm L Zoom\",\"18\":\"Amsterdam\",\"14\":\"Personal Camera\",\"16\":\"Favourite Lens\",\"19\":\"Favourite Place\",\"4\":\"Photography\",\"26\":\"#000000\",\"27\":[\"109\"],\"31\":[\"191\"],\"32\":[\"192\"],\"33\":[\"193\"],\"25\":[\"58\",\"59\",\"60\"],\"5\":\"In my spare time I like to take photos - here are some.\",\"28\":\"In my spare time I like to take photos - here are some.\"}}', '2016-06-28 12:15:30', '2016-06-28 12:15:30', 'ab2e454a-3e2b-4199-80dd-ac632477b74a'),
 ('85', '66', '5', '1', 'en', '4', '', '{\"typeId\":\"5\",\"authorId\":\"1\",\"title\":\"Photography\",\"slug\":\"photography\",\"postDate\":1467029760,\"expiryDate\":null,\"enabled\":1,\"parentId\":null,\"fields\":{\"13\":\"<p>This will be short and sweet - all of my photos are not hosted here because I&nbsp;am cheap and don\'t want to pay to host trillions of images, each of which is huge.&nbsp;<\\/p>\\r\\n\\r\\n<p><a href=\\\"https:\\/\\/www.flickr.com\\/photos\\/126928783@N04\\/\\\" target=\\\"_blank\\\">You will find all of my best photographs here, at my flickr account - I&nbsp;hope you like them.<\\/a><\\/p>\\r\\n\\r\\n\\r\\n\\r\\n\\r\\n\\r\\n\\r\\n\\r\\n<p>Also, if you have any questions about any of them, or would like to see more; there is around 13,000 of them sitting in my Lightroom at the moment. Let me know. Below are three good\'uns.<\\/p>\",\"29\":\"Photos are cool to look at, so here are mine.\",\"30\":[\"195\"],\"15\":\"<p>Canon 5D Mk III<\\/p>\",\"17\":\"24-105mm L Zoom\",\"18\":\"Amsterdam\",\"14\":\"Personal Camera\",\"16\":\"Favourite Lens\",\"19\":\"Favourite Place\",\"4\":\"Photography\",\"26\":\"#000000\",\"27\":[\"109\"],\"31\":[\"191\"],\"32\":[\"192\"],\"33\":[\"193\"],\"25\":[\"58\",\"59\",\"60\"],\"5\":\"In my spare time I like to take photos - here are some.\",\"28\":\"In my spare time I like to take photos - here are some.\"}}', '2016-06-28 12:17:31', '2016-06-28 12:17:31', 'deb5800f-e103-444b-a861-e617645e11a0'),
 ('86', '9', '5', '1', 'en', '19', '', '{\"typeId\":\"5\",\"authorId\":\"1\",\"title\":\"Cadenza\",\"slug\":\"cadenza\",\"postDate\":1466703240,\"expiryDate\":null,\"enabled\":1,\"parentId\":null,\"fields\":{\"13\":\"<p>This was completed as an assignment for my Design for Mobile module at university. The brief was very open \\u2013 create an app for a smartphone. I have an iPhone so I decided to design for what I knew, and what I could test myself.<\\/p>\\r\\n\\r\\n<p>The idea of the app is now something I am pursuing in the real world \\u2013 I am starting to learn to code in Swift, and have acquired the social media accounts. I intend to develop the app, and market it myself over the coming year. What you see here was created and exported entirely from Sketch \\u2013 then entered into InVision to create the working prototype at the bottom of the page.<\\/p>\\r\\n\\r\\n\\r\\n\\r\\n\\r\\n\\r\\n\\r\\n\\r\\n\\r\\n\\r\\n\\r\\n\\r\\n\\r\\n\\r\\n\\r\\n\\r\\n\\r\\n\\r\\n\\r\\n\\r\\n\\r\\n\\r\\n\\r\\n\\r\\n\\r\\n\\r\\n\\r\\n\\r\\n<p>Put simply, the app helps musicians to acquire business, and people who need talented artists to find them. The app allows people to post jobs, and post pay details, or expenses. They also include the skills they require, and what level they need them to be. The musician has a profile which includes all of this information.<\\/p><p><a href=\\\"https:\\/\\/invis.io\\/UY4UBYP32\\\" target=\\\"_blank\\\">To play with the prototype of the app, go here.<\\/a><\\/p>\",\"29\":\"A job listing application for musicians to find work, and employers to find temporary or long term musical partners.\",\"30\":[\"167\"],\"15\":\"<p>Mobile Application Design<\\/p>\",\"17\":\"A\",\"18\":\"Sketch, Invision, UI, UX\",\"14\":\"Module\",\"16\":\"Grade Received\",\"19\":\"Skills Required \",\"4\":\"Cadenza\",\"26\":\"#df006a\",\"27\":[\"166\"],\"31\":[\"170\"],\"32\":[\"169\"],\"33\":[\"168\"],\"25\":[\"12\",\"13\",\"14\"],\"5\":\"An application and Invision protoype connecting musicians to their next gigs.\",\"28\":\"An application and Invision protoype connecting musicians to their next gigs.\"}}', '2016-06-29 11:13:54', '2016-06-29 11:13:54', 'eae43828-5400-4775-9084-378b6cf37c99'),
 ('87', '2', '1', '1', 'en', '15', '', '{\"typeId\":\"1\",\"authorId\":null,\"title\":\"Portfolio - MG\",\"slug\":\"homepage\",\"postDate\":1466693187,\"expiryDate\":null,\"enabled\":1,\"parentId\":null,\"fields\":{\"3\":\"I\\u2019m a digital product designer & student at brunel university. I make beautiful things that work.\",\"47\":\"#df006a\",\"53\":\"#00c3f2\",\"54\":\"#d5d5d5\",\"55\":\"#76fbf6\",\"56\":\"#000000\",\"57\":\"#00b3ff\",\"46\":[\"166\"],\"48\":[\"105\"],\"49\":[\"106\"],\"50\":[\"25\"],\"51\":[\"109\"],\"52\":[\"108\"],\"40\":\"app design\",\"41\":\"product development\",\"42\":\"branding\",\"43\":\"web app build\",\"44\":\"my portfolio\",\"45\":\"website build\",\"34\":\"Cadenza\",\"35\":\"Ambio\",\"36\":\"Cosmos\",\"37\":\"Badnoise\",\"38\":\"Photography\",\"39\":\"Apply Ignorance\"}}', '2016-06-29 11:21:47', '2016-06-29 11:21:47', '5d2f4b2c-df9a-4e8d-a818-59b38c7a25f7');



DROP TABLE IF EXISTS `craft_fieldgroups`;


--
-- Schema for table `craft_fieldgroups`
--
CREATE TABLE `craft_fieldgroups` (
  `id` int(11) NOT NULL AUTO_INCREMENT,
  `name` varchar(255) COLLATE utf8_unicode_ci NOT NULL,
  `dateCreated` datetime NOT NULL,
  `dateUpdated` datetime NOT NULL,
  `uid` char(36) COLLATE utf8_unicode_ci NOT NULL DEFAULT '0',
  PRIMARY KEY (`id`),
  UNIQUE KEY `craft_fieldgroups_name_unq_idx` (`name`)
) ENGINE=InnoDB AUTO_INCREMENT=6 DEFAULT CHARSET=utf8 COLLATE=utf8_unicode_ci;

--
-- Data for table `craft_fieldgroups`
--

INSERT INTO `craft_fieldgroups` (`id`, `name`, `dateCreated`, `dateUpdated`, `uid`) VALUES
 ('2', 'Home', '2016-06-23 14:48:00', '2016-06-23 14:48:00', 'ca4e4a34-3aae-40f9-a730-36a54b93d2fd'),
 ('3', 'About', '2016-06-23 15:19:16', '2016-06-23 15:19:16', '6f0e0b54-14c4-4f00-a4e2-406da58ee45c'),
 ('4', 'Contact', '2016-06-23 16:52:36', '2016-06-23 16:52:36', 'fc50398e-2018-4834-8b37-c2ccc97f068a'),
 ('5', 'Work', '2016-06-24 09:46:37', '2016-06-24 09:46:37', '8450f483-a246-4589-8781-2d930d37a23c');



DROP TABLE IF EXISTS `craft_fieldlayoutfields`;


--
-- Schema for table `craft_fieldlayoutfields`
--
CREATE TABLE `craft_fieldlayoutfields` (
  `id` int(11) NOT NULL AUTO_INCREMENT,
  `layoutId` int(11) NOT NULL,
  `tabId` int(11) NOT NULL,
  `fieldId` int(11) NOT NULL,
  `required` tinyint(1) unsigned NOT NULL DEFAULT '0',
  `sortOrder` smallint(6) unsigned DEFAULT NULL,
  `dateCreated` datetime NOT NULL,
  `dateUpdated` datetime NOT NULL,
  `uid` char(36) COLLATE utf8_unicode_ci NOT NULL DEFAULT '0',
  PRIMARY KEY (`id`),
  UNIQUE KEY `craft_fieldlayoutfields_layoutId_fieldId_unq_idx` (`layoutId`,`fieldId`),
  KEY `craft_fieldlayoutfields_sortOrder_idx` (`sortOrder`),
  KEY `craft_fieldlayoutfields_tabId_fk` (`tabId`),
  KEY `craft_fieldlayoutfields_fieldId_fk` (`fieldId`)
) ENGINE=InnoDB AUTO_INCREMENT=150 DEFAULT CHARSET=utf8 COLLATE=utf8_unicode_ci;

--
-- Data for table `craft_fieldlayoutfields`
--

INSERT INTO `craft_fieldlayoutfields` (`id`, `layoutId`, `tabId`, `fieldId`, `required`, `sortOrder`, `dateCreated`, `dateUpdated`, `uid`) VALUES
 ('37', '25', '17', '4', '0', '1', '2016-06-23 16:36:18', '2016-06-23 16:36:18', 'b6ca394a-2f1e-4624-8dbd-e9ab25744e52'),
 ('38', '25', '17', '5', '0', '2', '2016-06-23 16:36:18', '2016-06-23 16:36:18', '647cf257-9808-495f-8a2e-41571552daf7'),
 ('39', '25', '17', '14', '0', '3', '2016-06-23 16:36:18', '2016-06-23 16:36:18', 'b89f5704-e032-4432-a8ac-e48bdd75814c'),
 ('40', '25', '17', '15', '0', '4', '2016-06-23 16:36:18', '2016-06-23 16:36:18', '8b365ce4-cab6-49bb-af0e-7c9ae330e44e'),
 ('41', '25', '17', '16', '0', '5', '2016-06-23 16:36:18', '2016-06-23 16:36:18', 'e39fc9fa-2afa-43ea-8848-b30e4005c1da'),
 ('42', '25', '17', '17', '0', '6', '2016-06-23 16:36:18', '2016-06-23 16:36:18', '019f6014-095f-46d4-91c7-9640aa15b27c'),
 ('43', '25', '17', '19', '0', '7', '2016-06-23 16:36:18', '2016-06-23 16:36:18', 'dc0061a6-2e76-4647-ba01-17275de43d83'),
 ('44', '25', '17', '18', '0', '8', '2016-06-23 16:36:18', '2016-06-23 16:36:18', '9ea9bfa5-e5b3-4b2f-b871-35f63f30f100'),
 ('45', '25', '17', '13', '0', '9', '2016-06-23 16:36:18', '2016-06-23 16:36:18', 'ba375683-b10e-45e9-886f-8309b781eae7'),
 ('46', '26', '18', '4', '1', '1', '2016-06-23 17:05:54', '2016-06-23 17:05:54', '23bd496e-be75-4b86-9d48-f88147dcb0b8'),
 ('47', '26', '18', '5', '1', '2', '2016-06-23 17:05:54', '2016-06-23 17:05:54', '45453df2-6160-46c9-8d1b-8ee49b993271'),
 ('48', '26', '18', '22', '1', '3', '2016-06-23 17:05:54', '2016-06-23 17:05:54', '9f041c02-04b3-46c6-9780-4e40bec640b7'),
 ('49', '26', '18', '21', '1', '4', '2016-06-23 17:05:54', '2016-06-23 17:05:54', 'cec56225-57ba-4bd7-a803-3376285c1339'),
 ('50', '26', '18', '23', '1', '5', '2016-06-23 17:05:54', '2016-06-23 17:05:54', '216e4b6c-05db-41e1-bcb7-176731fdaa7c'),
 ('51', '26', '18', '20', '1', '6', '2016-06-23 17:05:54', '2016-06-23 17:05:54', '6cf51fde-d341-4f26-a090-8d1e8670a2c1'),
 ('52', '26', '18', '24', '0', '7', '2016-06-23 17:05:54', '2016-06-23 17:05:54', '28ea4a24-e127-4ba9-b104-303f9f7bf8ce'),
 ('107', '33', '27', '3', '1', '1', '2016-06-24 12:12:27', '2016-06-24 12:12:27', '7a5180d8-d02a-4e37-b51e-6775cf7530d3'),
 ('108', '33', '28', '34', '0', '1', '2016-06-24 12:12:27', '2016-06-24 12:12:27', '65dab9f6-eff1-47c7-a0ee-4a7bfb434347'),
 ('109', '33', '28', '40', '0', '2', '2016-06-24 12:12:27', '2016-06-24 12:12:27', '4e55ce38-7b95-4254-97b3-2872a65761ad'),
 ('110', '33', '28', '47', '0', '3', '2016-06-24 12:12:27', '2016-06-24 12:12:27', 'd911d748-c49e-400b-a625-784d4d55c4d9'),
 ('111', '33', '28', '46', '0', '4', '2016-06-24 12:12:27', '2016-06-24 12:12:27', '2ddf9d94-9311-46f1-88bc-2776802d8ef5'),
 ('112', '33', '29', '35', '0', '1', '2016-06-24 12:12:27', '2016-06-24 12:12:27', '1de8ec9f-6f85-4b84-bc6f-6806a9688036'),
 ('113', '33', '29', '41', '0', '2', '2016-06-24 12:12:27', '2016-06-24 12:12:27', 'b1b2015e-0a7e-4b88-b8eb-950d9a61b8b1'),
 ('114', '33', '29', '53', '0', '3', '2016-06-24 12:12:27', '2016-06-24 12:12:27', '2f81e40a-26db-4cb5-9291-67f46b157d69'),
 ('115', '33', '29', '48', '0', '4', '2016-06-24 12:12:27', '2016-06-24 12:12:27', '048e59f4-932d-4792-bce7-f705e963f506'),
 ('116', '33', '30', '36', '0', '1', '2016-06-24 12:12:27', '2016-06-24 12:12:27', '4fa8d7b8-9075-40e2-985e-8a76f737ea3f'),
 ('117', '33', '30', '42', '0', '2', '2016-06-24 12:12:27', '2016-06-24 12:12:27', 'd64840af-b75b-487c-af45-c4ff8a4e8ded'),
 ('118', '33', '30', '54', '0', '3', '2016-06-24 12:12:27', '2016-06-24 12:12:27', '49f3cec7-beb9-4b93-a1c9-6824e99af05f'),
 ('119', '33', '30', '49', '0', '4', '2016-06-24 12:12:27', '2016-06-24 12:12:27', 'cba81d9f-186a-4674-aa97-55dd482e9e05'),
 ('120', '33', '31', '37', '0', '1', '2016-06-24 12:12:27', '2016-06-24 12:12:27', '77b71a9f-92c0-4813-893e-aec29491535c'),
 ('121', '33', '31', '43', '0', '2', '2016-06-24 12:12:27', '2016-06-24 12:12:27', 'd03bef60-ace0-403e-95a8-9a55ff624fcd'),
 ('122', '33', '31', '55', '0', '3', '2016-06-24 12:12:27', '2016-06-24 12:12:27', 'e2f83f0a-bbff-4132-9dab-2ed3de75f4b5'),
 ('123', '33', '31', '50', '0', '4', '2016-06-24 12:12:27', '2016-06-24 12:12:27', 'eb9e7dde-fb81-40a3-8936-289b1da79f7d'),
 ('124', '33', '32', '38', '0', '1', '2016-06-24 12:12:27', '2016-06-24 12:12:27', 'df8efa0d-29c2-41dd-9c38-8ec7a7616fe3'),
 ('125', '33', '32', '44', '0', '2', '2016-06-24 12:12:27', '2016-06-24 12:12:27', 'c602fe97-8d9b-4511-81d7-e5696fc036fd'),
 ('126', '33', '32', '56', '0', '3', '2016-06-24 12:12:27', '2016-06-24 12:12:27', 'd09b15a8-a258-4939-b67c-2fe2f57566f7'),
 ('127', '33', '32', '51', '0', '4', '2016-06-24 12:12:27', '2016-06-24 12:12:27', 'd48d51e2-00e7-4daf-9005-76d002ea20d5'),
 ('128', '33', '33', '39', '0', '1', '2016-06-24 12:12:27', '2016-06-24 12:12:27', '1b085cb1-c7ba-492f-87e6-2602507c1752'),
 ('129', '33', '33', '45', '0', '2', '2016-06-24 12:12:27', '2016-06-24 12:12:27', 'cd626fe9-229e-4d4f-a599-94e595c28093'),
 ('130', '33', '33', '57', '0', '3', '2016-06-24 12:12:27', '2016-06-24 12:12:27', 'fc8f9738-41b2-45dd-9342-ba26c777f48d'),
 ('131', '33', '33', '52', '0', '4', '2016-06-24 12:12:27', '2016-06-24 12:12:27', '551e269b-c337-4e79-a06a-9b59ba0b0853'),
 ('132', '34', '34', '4', '0', '1', '2016-06-25 17:34:48', '2016-06-25 17:34:48', '992f3585-8a4e-4820-a98b-40bf08af5d22'),
 ('133', '34', '34', '5', '0', '2', '2016-06-25 17:34:48', '2016-06-25 17:34:48', '5f45cb15-e070-46fe-96bd-c6c2142ccc04'),
 ('134', '34', '34', '26', '0', '3', '2016-06-25 17:34:48', '2016-06-25 17:34:48', '95dd2f14-dc27-475d-ba03-0ea6d7d3cd8d'),
 ('135', '34', '34', '27', '0', '4', '2016-06-25 17:34:48', '2016-06-25 17:34:48', '956cd7a1-2529-4030-a259-43f5293e70ff'),
 ('136', '34', '34', '25', '0', '5', '2016-06-25 17:34:48', '2016-06-25 17:34:48', '43f5abf2-3e9a-4c0f-bda5-94e3c370e6ff'),
 ('137', '34', '35', '30', '0', '1', '2016-06-25 17:34:48', '2016-06-25 17:34:48', 'caabe0e5-a557-4c85-a710-74c3ef773bb8'),
 ('138', '34', '35', '28', '0', '2', '2016-06-25 17:34:48', '2016-06-25 17:34:48', 'b8b9c1db-362b-473a-abed-6cb2caa71952'),
 ('139', '34', '35', '29', '0', '3', '2016-06-25 17:34:48', '2016-06-25 17:34:48', 'b582540c-c752-4541-9e16-317b700bd831'),
 ('140', '34', '35', '14', '0', '4', '2016-06-25 17:34:48', '2016-06-25 17:34:48', '8024eabd-b5ae-4e75-9c30-57b03ef21066'),
 ('141', '34', '35', '15', '0', '5', '2016-06-25 17:34:48', '2016-06-25 17:34:48', '5dd5fee8-394d-4163-bbea-1297be0b030a'),
 ('142', '34', '35', '16', '0', '6', '2016-06-25 17:34:48', '2016-06-25 17:34:48', '0e0f4d21-1562-475e-a346-e3618f89d671'),
 ('143', '34', '35', '17', '0', '7', '2016-06-25 17:34:48', '2016-06-25 17:34:48', '2eeafd09-c7de-4acb-8738-dc1b9bb03802'),
 ('144', '34', '35', '19', '0', '8', '2016-06-25 17:34:48', '2016-06-25 17:34:48', '444245cb-2ad5-4657-b50d-1d59e18d1101'),
 ('145', '34', '35', '18', '0', '9', '2016-06-25 17:34:48', '2016-06-25 17:34:48', '44e34019-e770-4949-9685-5510949b7561'),
 ('146', '34', '35', '13', '0', '10', '2016-06-25 17:34:48', '2016-06-25 17:34:48', 'fef81a74-ad4f-401d-8281-2a261b961258'),
 ('147', '34', '35', '31', '0', '11', '2016-06-25 17:34:48', '2016-06-25 17:34:48', '88f85555-6c2e-40bf-8b64-f151b57a9a5d'),
 ('148', '34', '35', '32', '0', '12', '2016-06-25 17:34:48', '2016-06-25 17:34:48', '5426227f-7453-4e09-8a95-b2d24d4c74f3'),
 ('149', '34', '35', '33', '0', '13', '2016-06-25 17:34:48', '2016-06-25 17:34:48', '49d5b55f-22f2-4d75-a482-c8c35cc86b2b');



DROP TABLE IF EXISTS `craft_fieldlayouts`;


--
-- Schema for table `craft_fieldlayouts`
--
CREATE TABLE `craft_fieldlayouts` (
  `id` int(11) NOT NULL AUTO_INCREMENT,
  `type` varchar(150) COLLATE utf8_unicode_ci NOT NULL,
  `dateCreated` datetime NOT NULL,
  `dateUpdated` datetime NOT NULL,
  `uid` char(36) COLLATE utf8_unicode_ci NOT NULL DEFAULT '0',
  PRIMARY KEY (`id`),
  KEY `craft_fieldlayouts_type_idx` (`type`)
) ENGINE=InnoDB AUTO_INCREMENT=42 DEFAULT CHARSET=utf8 COLLATE=utf8_unicode_ci;

--
-- Data for table `craft_fieldlayouts`
--

INSERT INTO `craft_fieldlayouts` (`id`, `type`, `dateCreated`, `dateUpdated`, `uid`) VALUES
 ('1', 'Tag', '2016-06-16 12:25:31', '2016-06-16 12:25:31', '92edb59f-2cd1-4b5a-a6be-4355df791987'),
 ('25', 'Entry', '2016-06-23 16:36:18', '2016-06-23 16:36:18', '964ec0e8-f7be-4ee0-a64a-27763a80f8df'),
 ('26', 'Entry', '2016-06-23 17:05:54', '2016-06-23 17:05:54', 'a5d91023-cc27-411e-b31b-1926dfac476c'),
 ('28', 'Category', '2016-06-24 09:48:49', '2016-06-24 09:48:49', '22b87766-cdfe-4a7d-8934-fc0af0e36c18'),
 ('33', 'Entry', '2016-06-24 12:12:27', '2016-06-24 12:12:27', '44c29446-9f18-47a0-ad62-664ba44f9ff5'),
 ('34', 'Entry', '2016-06-25 17:34:48', '2016-06-25 17:34:48', 'c7da8ace-cc34-4129-87d8-47d60a18d9e0'),
 ('35', 'Asset', '2016-06-27 11:26:19', '2016-06-27 11:26:19', 'd87237f2-ff40-4cd5-ba29-12211983ca4f'),
 ('40', 'Asset', '2016-06-27 14:36:55', '2016-06-27 14:36:55', '202f7c6e-511a-41ac-ad11-e9f2c5ebad7d'),
 ('41', 'Asset', '2016-06-28 09:52:02', '2016-06-28 09:52:02', '2183a582-2a81-477b-9d7a-09c4a461a256');



DROP TABLE IF EXISTS `craft_fieldlayouttabs`;


--
-- Schema for table `craft_fieldlayouttabs`
--
CREATE TABLE `craft_fieldlayouttabs` (
  `id` int(11) NOT NULL AUTO_INCREMENT,
  `layoutId` int(11) NOT NULL,
  `name` varchar(255) COLLATE utf8_unicode_ci NOT NULL,
  `sortOrder` smallint(6) unsigned DEFAULT NULL,
  `dateCreated` datetime NOT NULL,
  `dateUpdated` datetime NOT NULL,
  `uid` char(36) COLLATE utf8_unicode_ci NOT NULL DEFAULT '0',
  PRIMARY KEY (`id`),
  KEY `craft_fieldlayouttabs_sortOrder_idx` (`sortOrder`),
  KEY `craft_fieldlayouttabs_layoutId_fk` (`layoutId`)
) ENGINE=InnoDB AUTO_INCREMENT=36 DEFAULT CHARSET=utf8 COLLATE=utf8_unicode_ci;

--
-- Data for table `craft_fieldlayouttabs`
--

INSERT INTO `craft_fieldlayouttabs` (`id`, `layoutId`, `name`, `sortOrder`, `dateCreated`, `dateUpdated`, `uid`) VALUES
 ('17', '25', 'About', '1', '2016-06-23 16:36:18', '2016-06-23 16:36:18', 'e80da3cc-b72a-489e-a37a-fc5950d35cca'),
 ('18', '26', 'Contact', '1', '2016-06-23 17:05:54', '2016-06-23 17:05:54', '2b66beee-57a9-479c-a133-5171d4de1481'),
 ('27', '33', 'Home', '1', '2016-06-24 12:12:27', '2016-06-24 12:12:27', '9f96d996-6be4-4836-a9ba-a50d4b5ca308'),
 ('28', '33', 'Featured Project 1', '2', '2016-06-24 12:12:27', '2016-06-24 12:12:27', 'a1683c4d-5e2e-46ad-bc7e-1a32064583b6'),
 ('29', '33', 'Featured Project 2', '3', '2016-06-24 12:12:27', '2016-06-24 12:12:27', 'f43c49c2-8a9d-430c-99f6-e0f0bfefe14d'),
 ('30', '33', 'Featured Project 3', '4', '2016-06-24 12:12:27', '2016-06-24 12:12:27', '091b622c-55db-4c7b-92a5-068230dac771'),
 ('31', '33', 'Featured Project 4', '5', '2016-06-24 12:12:27', '2016-06-24 12:12:27', 'ddf4d5b4-2cd2-46b0-a309-327b0d614054'),
 ('32', '33', 'Featured Project 5', '6', '2016-06-24 12:12:27', '2016-06-24 12:12:27', '20f5b922-03eb-485b-813b-f6c3246d1a8c'),
 ('33', '33', 'Featured Project 6', '7', '2016-06-24 12:12:27', '2016-06-24 12:12:27', '5dc4ec60-808c-47c7-90b0-8a923ed185e8'),
 ('34', '34', 'Main Listing', '1', '2016-06-25 17:34:48', '2016-06-25 17:34:48', '03a963c9-5bc5-42ce-ad8c-363523668b39'),
 ('35', '34', 'Project Page', '2', '2016-06-25 17:34:48', '2016-06-25 17:34:48', '7f242e01-5bf3-4d2a-baf7-1d8daddc41b9');



DROP TABLE IF EXISTS `craft_fields`;


--
-- Schema for table `craft_fields`
--
CREATE TABLE `craft_fields` (
  `id` int(11) NOT NULL AUTO_INCREMENT,
  `groupId` int(11) DEFAULT NULL,
  `name` varchar(255) COLLATE utf8_unicode_ci NOT NULL,
  `handle` varchar(58) COLLATE utf8_unicode_ci NOT NULL,
  `context` varchar(255) COLLATE utf8_unicode_ci NOT NULL DEFAULT 'global',
  `instructions` text COLLATE utf8_unicode_ci,
  `translatable` tinyint(1) unsigned NOT NULL DEFAULT '0',
  `type` varchar(150) COLLATE utf8_unicode_ci NOT NULL,
  `settings` text COLLATE utf8_unicode_ci,
  `dateCreated` datetime NOT NULL,
  `dateUpdated` datetime NOT NULL,
  `uid` char(36) COLLATE utf8_unicode_ci NOT NULL DEFAULT '0',
  PRIMARY KEY (`id`),
  UNIQUE KEY `craft_fields_handle_context_unq_idx` (`handle`,`context`),
  KEY `craft_fields_context_idx` (`context`),
  KEY `craft_fields_groupId_fk` (`groupId`)
) ENGINE=InnoDB AUTO_INCREMENT=58 DEFAULT CHARSET=utf8 COLLATE=utf8_unicode_ci;

--
-- Data for table `craft_fields`
--

INSERT INTO `craft_fields` (`id`, `groupId`, `name`, `handle`, `context`, `instructions`, `translatable`, `type`, `settings`, `dateCreated`, `dateUpdated`, `uid`) VALUES
 ('3', '2', 'Home Headline', 'homeHeadline', 'global', 'The main strapline on the front of the site.', '0', 'PlainText', '{\"placeholder\":\"I\\u2019m a digital product designer &amp; student at  brunel university. I make beautiful things that work. \",\"maxLength\":\"105\",\"multiline\":\"\",\"initialRows\":\"4\"}', '2016-06-23 14:53:44', '2016-06-23 15:03:59', 'b2663c4a-c694-4c9c-9615-b66f71c75726'),
 ('4', '3', 'Main Heading', 'mainHeading', 'global', 'Main Headline on the page - i.e. \'About Me\'', '0', 'PlainText', '{\"placeholder\":\"About Me\",\"maxLength\":\"40\",\"multiline\":\"\",\"initialRows\":\"4\"}', '2016-06-23 15:23:01', '2016-06-23 17:10:16', 'bcf103d7-93e1-4f46-960d-5a6f2ad17945'),
 ('5', '3', 'Sub Heading', 'subHeading', 'global', 'Just underneath - stick something witty and cool in here.', '0', 'PlainText', '{\"placeholder\":\"I\'ve done many things - some of them uninteresting - most of them legendary.\",\"maxLength\":\"\",\"multiline\":\"\",\"initialRows\":\"4\"}', '2016-06-23 15:24:15', '2016-06-23 17:12:14', '8e603988-c334-4fb7-9a02-e26171987afd'),
 ('13', '3', 'Body', 'body', 'global', 'The main bulk of the about you section', '0', 'RichText', '{\"configFile\":\"\",\"availableAssetSources\":\"*\",\"availableTransforms\":\"*\",\"cleanupHtml\":\"\",\"purifyHtml\":\"1\",\"columnType\":\"text\"}', '2016-06-23 15:31:14', '2016-06-23 15:31:14', '85a2ebf2-a47e-4e39-9cd6-ba57eef8588d'),
 ('14', '3', 'Left Heading 1', 'leftHeading1', 'global', 'On left side headings.', '0', 'PlainText', '{\"placeholder\":\"\",\"maxLength\":\"20\",\"multiline\":\"\",\"initialRows\":\"4\"}', '2016-06-23 16:31:36', '2016-06-23 16:31:36', 'bffd224b-f7aa-4f78-a1e3-d3fff16581a9'),
 ('15', '3', 'Left Content 1', 'leftContent1', 'global', '', '0', 'RichText', '{\"configFile\":\"\",\"availableAssetSources\":\"*\",\"availableTransforms\":\"*\",\"cleanupHtml\":\"1\",\"purifyHtml\":\"1\",\"columnType\":\"text\"}', '2016-06-23 16:32:10', '2016-06-25 17:40:43', '0e50bb46-1fa4-499a-852f-13f12e307221'),
 ('16', '3', 'Left Heading 2', 'leftHeading2', 'global', '', '0', 'PlainText', '{\"placeholder\":\"\",\"maxLength\":\"20\",\"multiline\":\"\",\"initialRows\":\"4\"}', '2016-06-23 16:32:23', '2016-06-23 16:32:39', '8916324b-d611-4277-9d8d-a5f0d0365a72'),
 ('17', '3', 'Left Content 2', 'leftContent2', 'global', '', '0', 'PlainText', '{\"placeholder\":\"\",\"maxLength\":\"\",\"multiline\":\"\",\"initialRows\":\"4\"}', '2016-06-23 16:32:54', '2016-06-23 16:32:54', '6cbbad1d-d6f9-4432-81e3-ed0c8b0b66cd'),
 ('18', '3', 'Left Content 3', 'leftContent3', 'global', '', '0', 'PlainText', '{\"placeholder\":\"\",\"maxLength\":\"\",\"multiline\":\"\",\"initialRows\":\"4\"}', '2016-06-23 16:33:10', '2016-06-23 16:33:38', '787b6be1-8014-4121-ace6-838d8df28f5d'),
 ('19', '3', 'Left Heading 3', 'leftHeading3', 'global', '', '0', 'PlainText', '{\"placeholder\":\"\",\"maxLength\":\"20\",\"multiline\":\"\",\"initialRows\":\"4\"}', '2016-06-23 16:33:29', '2016-06-23 16:33:29', '461aed10-859e-4b36-b673-e8377920fcd8'),
 ('20', '4', 'Phone Number', 'phoneNumber', 'global', 'Main contact number for clients.', '0', 'PlainText', '{\"placeholder\":\"0000-000-0000\",\"maxLength\":\"11\",\"multiline\":\"\",\"initialRows\":\"4\"}', '2016-06-23 16:55:11', '2016-06-23 16:55:11', '498f4849-cec7-48c0-a705-04f7758e62a2'),
 ('21', '4', 'Email', 'email', 'global', 'Main contact email for clients.', '0', 'PlainText', '{\"placeholder\":\"something@something.com\",\"maxLength\":\"\",\"multiline\":\"\",\"initialRows\":\"4\"}', '2016-06-23 16:56:12', '2016-06-23 16:56:12', 'f410c758-6ae6-472f-a94e-4b3363eaa577'),
 ('22', '4', 'Address', 'address', 'global', '', '0', 'PlainText', '{\"placeholder\":\"\",\"maxLength\":\"\",\"multiline\":\"1\",\"initialRows\":\"4\"}', '2016-06-23 16:57:31', '2016-06-23 16:57:31', '3d2343a9-525b-4a04-b77c-51db325ee912'),
 ('23', '4', 'Map Location', 'mapLocation', 'global', 'Enter a latitude and a longitude into the box in the format shown below.', '0', 'PlainText', '{\"placeholder\":\"{lat: 51.5148623, lng: -0.07222109999997883}\",\"maxLength\":\"\",\"multiline\":\"\",\"initialRows\":\"4\"}', '2016-06-23 16:59:56', '2016-06-23 16:59:56', 'fc52102d-0b7e-47f8-ad54-fd83066d1e4c'),
 ('24', '4', 'Custom Pin', 'customPin', 'global', 'Upload a new pin if you want a custom pin image', '0', 'Assets', '{\"useSingleFolder\":\"1\",\"sources\":\"*\",\"defaultUploadLocationSource\":\"2\",\"defaultUploadLocationSubpath\":\"\",\"singleUploadLocationSource\":\"2\",\"singleUploadLocationSubpath\":\"\",\"restrictFiles\":\"1\",\"allowedKinds\":[\"image\"],\"limit\":\"1\",\"viewMode\":\"list\",\"selectionLabel\":\"\"}', '2016-06-23 17:02:01', '2016-06-28 10:22:51', '6d06e03e-fc48-49ad-8c7a-4fae7fd24295'),
 ('25', '5', 'Services', 'workList', 'global', '3 top level services shown in this project', '0', 'Categories', '{\"source\":\"group:1\",\"limit\":\"3\",\"selectionLabel\":\"Add a service\"}', '2016-06-24 09:47:26', '2016-06-24 09:56:03', '183cb150-ba64-471b-a56d-2ad1015d97c1'),
 ('26', '5', 'Primary Color', 'primaryColor', 'global', 'Brand colour of the project.', '0', 'Color', NULL, '2016-06-24 09:52:45', '2016-06-24 09:52:45', 'ce0a5106-784b-471c-8311-b4c005ecfcd0'),
 ('27', '5', 'Primary Image', 'primaryImage', 'global', 'Image to appear on the work listing page (620x466 ideal)', '0', 'Assets', '{\"useSingleFolder\":\"1\",\"sources\":\"*\",\"defaultUploadLocationSource\":\"2\",\"defaultUploadLocationSubpath\":\"\",\"singleUploadLocationSource\":\"2\",\"singleUploadLocationSubpath\":\"\",\"restrictFiles\":\"1\",\"allowedKinds\":[\"image\"],\"limit\":\"1\",\"viewMode\":\"large\",\"selectionLabel\":\"Add the listing image\"}', '2016-06-24 09:55:08', '2016-06-28 10:20:55', 'f36dfe99-e5b7-4239-8202-1d4c483e1828'),
 ('28', '5', 'Top Summary', 'topSummary', 'global', 'Top line, under the heading, not very long', '0', 'PlainText', '{\"placeholder\":\"\",\"maxLength\":\"\",\"multiline\":\"1\",\"initialRows\":\"4\"}', '2016-06-24 10:28:20', '2016-06-24 10:28:20', '69f92297-c336-4ab6-9132-921fbace7c1b'),
 ('29', '5', 'Body Header', 'bodyHeader', 'global', 'Centered, short heading to the body of the project', '0', 'PlainText', '{\"placeholder\":\"\",\"maxLength\":\"\",\"multiline\":\"1\",\"initialRows\":\"4\"}', '2016-06-24 10:30:07', '2016-06-24 10:30:07', 'f557b942-7b2e-4d26-8146-e5663e48ef61'),
 ('30', '5', 'Header Image', 'headerImage', 'global', 'Main top big image (2000 x 1200)', '0', 'Assets', '{\"useSingleFolder\":\"1\",\"sources\":\"*\",\"defaultUploadLocationSource\":\"2\",\"defaultUploadLocationSubpath\":\"\",\"singleUploadLocationSource\":\"2\",\"singleUploadLocationSubpath\":\"\",\"restrictFiles\":\"1\",\"allowedKinds\":[\"image\"],\"limit\":\"1\",\"viewMode\":\"large\",\"selectionLabel\":\"Add the header image\"}', '2016-06-24 10:39:33', '2016-06-28 10:21:03', '1561b64c-3ce4-4d87-a512-72cb6b4776cf'),
 ('31', '5', 'Project Image 1', 'projectImage1', 'global', 'Large images at the bottom of the project.', '0', 'Assets', '{\"useSingleFolder\":\"1\",\"sources\":\"*\",\"defaultUploadLocationSource\":\"2\",\"defaultUploadLocationSubpath\":\"assets\\/images\",\"singleUploadLocationSource\":\"2\",\"singleUploadLocationSubpath\":\"\",\"restrictFiles\":\"1\",\"allowedKinds\":[\"image\"],\"limit\":\"1\",\"viewMode\":\"list\",\"selectionLabel\":\"\"}', '2016-06-24 10:56:15', '2016-06-28 10:44:28', '05298de5-663e-45de-9d05-d61665c3ec2c'),
 ('32', '5', 'Project Image 2', 'projectImage2', 'global', '', '0', 'Assets', '{\"useSingleFolder\":\"1\",\"sources\":\"*\",\"defaultUploadLocationSource\":\"2\",\"defaultUploadLocationSubpath\":\"\",\"singleUploadLocationSource\":\"2\",\"singleUploadLocationSubpath\":\"\",\"restrictFiles\":\"1\",\"allowedKinds\":[\"image\"],\"limit\":\"1\",\"viewMode\":\"list\",\"selectionLabel\":\"\"}', '2016-06-24 10:56:55', '2016-06-28 10:20:19', '9168c435-e017-4a55-9a1c-477eb6da5ce2'),
 ('33', '5', 'Project Image 3', 'projectImage3', 'global', '', '0', 'Assets', '{\"useSingleFolder\":\"1\",\"sources\":\"*\",\"defaultUploadLocationSource\":\"2\",\"defaultUploadLocationSubpath\":\"\",\"singleUploadLocationSource\":\"2\",\"singleUploadLocationSubpath\":\"\",\"restrictFiles\":\"1\",\"allowedKinds\":[\"image\"],\"limit\":\"1\",\"viewMode\":\"list\",\"selectionLabel\":\"\"}', '2016-06-24 10:57:23', '2016-06-28 10:20:41', '0a8d1e99-ace3-4306-a178-2056e92f5e14'),
 ('34', '2', 'Project Heading 1', 'projectHeading1', 'global', '', '0', 'PlainText', '{\"placeholder\":\"\",\"maxLength\":\"20\",\"multiline\":\"\",\"initialRows\":\"4\"}', '2016-06-24 11:58:27', '2016-06-24 11:58:27', 'cbc44a90-0c19-40fd-8772-cf01fdf81f4d'),
 ('35', '2', 'Project Heading 2', 'projectHeading2', 'global', '', '0', 'PlainText', '{\"placeholder\":\"\",\"maxLength\":\"20\",\"multiline\":\"\",\"initialRows\":\"4\"}', '2016-06-24 11:58:40', '2016-06-24 11:58:40', 'e8a4e6e4-8a7d-4f47-9713-ebb4148bb227'),
 ('36', '2', 'Project Heading 3', 'projectHeading3', 'global', '', '0', 'PlainText', '{\"placeholder\":\"\",\"maxLength\":\"20\",\"multiline\":\"\",\"initialRows\":\"4\"}', '2016-06-24 11:58:52', '2016-06-24 11:58:52', '15373aa6-2516-46df-b27f-22c7f825dc5e'),
 ('37', '2', 'Project Heading 4', 'projectHeading4', 'global', '', '0', 'PlainText', '{\"placeholder\":\"\",\"maxLength\":\"20\",\"multiline\":\"\",\"initialRows\":\"4\"}', '2016-06-24 11:59:03', '2016-06-24 11:59:03', 'a044fc29-5c35-4b76-b3a5-9f0c115b28af'),
 ('38', '2', 'Project Heading 5', 'projectHeading5', 'global', '', '0', 'PlainText', '{\"placeholder\":\"\",\"maxLength\":\"20\",\"multiline\":\"\",\"initialRows\":\"4\"}', '2016-06-24 11:59:12', '2016-06-24 11:59:12', 'f982c8ec-9078-44b6-960e-92ac0840c592'),
 ('39', '2', 'Project Heading 6', 'projectHeading6', 'global', '', '0', 'PlainText', '{\"placeholder\":\"\",\"maxLength\":\"20\",\"multiline\":\"\",\"initialRows\":\"4\"}', '2016-06-24 11:59:23', '2016-06-24 11:59:23', 'eb04404f-10cd-4bfa-9c3b-98253ab2e2b3'),
 ('40', '2', 'Project Desc 1', 'projectDesc1', 'global', '', '0', 'PlainText', '{\"placeholder\":\"\",\"maxLength\":\"\",\"multiline\":\"\",\"initialRows\":\"4\"}', '2016-06-24 11:59:49', '2016-06-24 11:59:49', '838205aa-6f4f-44b8-b180-5c528141143f'),
 ('41', '2', 'Project Desc 2', 'projectDesc2', 'global', '', '0', 'PlainText', '{\"placeholder\":\"\",\"maxLength\":\"\",\"multiline\":\"\",\"initialRows\":\"4\"}', '2016-06-24 11:59:56', '2016-06-24 11:59:56', 'b119dafb-2a42-4f62-be66-8539a1da8124'),
 ('42', '2', 'Project Desc 3', 'projectDesc3', 'global', '', '0', 'PlainText', '{\"placeholder\":\"\",\"maxLength\":\"\",\"multiline\":\"\",\"initialRows\":\"4\"}', '2016-06-24 12:00:03', '2016-06-24 12:00:03', '29c8ba90-6b5d-4595-bd2b-a10ccca04065'),
 ('43', '2', 'Project Desc 4', 'projectDesc4', 'global', '', '0', 'PlainText', '{\"placeholder\":\"\",\"maxLength\":\"\",\"multiline\":\"\",\"initialRows\":\"4\"}', '2016-06-24 12:00:10', '2016-06-24 12:00:10', '1a835640-3216-4ced-bbd6-f8ce1fe79e74'),
 ('44', '2', 'Project Desc 5', 'projectDesc5', 'global', '', '0', 'PlainText', '{\"placeholder\":\"\",\"maxLength\":\"\",\"multiline\":\"\",\"initialRows\":\"4\"}', '2016-06-24 12:00:16', '2016-06-24 12:00:16', 'cb5b2438-fb12-4fb1-b8de-a0b6253e6614'),
 ('45', '2', 'Project Desc 6', 'projectDesc6', 'global', '', '0', 'PlainText', '{\"placeholder\":\"\",\"maxLength\":\"\",\"multiline\":\"\",\"initialRows\":\"4\"}', '2016-06-24 12:00:23', '2016-06-24 12:00:23', '1e73a6ca-0e54-46d4-98ba-a051a353b2a8'),
 ('46', '2', 'Primary Image 1', 'primaryImage1', 'global', '', '0', 'Assets', '{\"useSingleFolder\":\"1\",\"sources\":\"*\",\"defaultUploadLocationSource\":\"2\",\"defaultUploadLocationSubpath\":\"\",\"singleUploadLocationSource\":\"2\",\"singleUploadLocationSubpath\":\"\",\"restrictFiles\":\"1\",\"allowedKinds\":[\"image\"],\"limit\":\"1\",\"viewMode\":\"list\",\"selectionLabel\":\"\"}', '2016-06-24 12:05:21', '2016-06-28 10:48:13', '30f2f400-b911-48c8-94f9-843bc1b15373'),
 ('47', '2', 'Primary Color 1', 'primaryColor1', 'global', '', '0', 'Color', NULL, '2016-06-24 12:05:41', '2016-06-24 12:05:41', 'c7793360-c251-4038-a71f-e47be77a6f8a'),
 ('48', '2', 'Primary Image 2', 'primaryImage2', 'global', '', '0', 'Assets', '{\"useSingleFolder\":\"1\",\"sources\":\"*\",\"defaultUploadLocationSource\":\"2\",\"defaultUploadLocationSubpath\":\"\",\"singleUploadLocationSource\":\"2\",\"singleUploadLocationSubpath\":\"\",\"restrictFiles\":\"1\",\"allowedKinds\":[\"image\"],\"limit\":\"1\",\"viewMode\":\"list\",\"selectionLabel\":\"\"}', '2016-06-24 12:06:22', '2016-06-28 10:21:53', 'c4fe0a67-fc5b-4c8b-ab97-e1b400dba8f4'),
 ('49', '2', 'Primary Image 3', 'primaryImage3', 'global', '', '0', 'Assets', '{\"useSingleFolder\":\"1\",\"sources\":\"*\",\"defaultUploadLocationSource\":\"2\",\"defaultUploadLocationSubpath\":\"\",\"singleUploadLocationSource\":\"2\",\"singleUploadLocationSubpath\":\"\",\"restrictFiles\":\"1\",\"allowedKinds\":[\"image\"],\"limit\":\"1\",\"viewMode\":\"list\",\"selectionLabel\":\"\"}', '2016-06-24 12:06:46', '2016-06-28 10:22:02', '076cdcb1-ddb8-4ff0-86fe-621b1ed2fb22'),
 ('50', '2', 'Primary Image 4', 'primaryImage4', 'global', '', '0', 'Assets', '{\"useSingleFolder\":\"1\",\"sources\":\"*\",\"defaultUploadLocationSource\":\"2\",\"defaultUploadLocationSubpath\":\"\",\"singleUploadLocationSource\":\"2\",\"singleUploadLocationSubpath\":\"\",\"restrictFiles\":\"1\",\"allowedKinds\":[\"image\"],\"limit\":\"1\",\"viewMode\":\"list\",\"selectionLabel\":\"\"}', '2016-06-24 12:07:12', '2016-06-28 10:22:10', '79c8d6a7-7835-4812-bdfe-5f424d35ac56'),
 ('51', '2', 'Primary Image 5', 'primaryImage5', 'global', '', '0', 'Assets', '{\"useSingleFolder\":\"1\",\"sources\":\"*\",\"defaultUploadLocationSource\":\"2\",\"defaultUploadLocationSubpath\":\"\",\"singleUploadLocationSource\":\"2\",\"singleUploadLocationSubpath\":\"\",\"restrictFiles\":\"1\",\"allowedKinds\":[\"image\"],\"limit\":\"1\",\"viewMode\":\"list\",\"selectionLabel\":\"\"}', '2016-06-24 12:07:33', '2016-06-28 10:22:25', 'c495dd10-80ff-45c3-8beb-dce963959930'),
 ('52', '2', 'Primary Image 6', 'primaryImage6', 'global', '', '0', 'Assets', '{\"useSingleFolder\":\"1\",\"sources\":\"*\",\"defaultUploadLocationSource\":\"2\",\"defaultUploadLocationSubpath\":\"\",\"singleUploadLocationSource\":\"2\",\"singleUploadLocationSubpath\":\"\",\"restrictFiles\":\"1\",\"allowedKinds\":[\"image\"],\"limit\":\"1\",\"viewMode\":\"list\",\"selectionLabel\":\"\"}', '2016-06-24 12:07:55', '2016-06-28 10:22:32', '4f70c9a2-0231-41a5-a129-746e291f5515'),
 ('53', '2', 'Primary Color 2', 'primaryColor2', 'global', '', '0', 'Color', NULL, '2016-06-24 12:08:07', '2016-06-24 12:08:07', '4b1471bb-011b-4f75-acb4-95f7f237d8c9'),
 ('54', '2', 'Primary Color 3', 'primaryColor3', 'global', '', '0', 'Color', NULL, '2016-06-24 12:08:16', '2016-06-24 12:08:16', '3c8c0f0f-34b1-41a9-8817-dd03fd509203'),
 ('55', '2', 'Primary Color 4', 'primaryColor4', 'global', '', '0', 'Color', NULL, '2016-06-24 12:08:26', '2016-06-24 12:08:26', 'ff3aa852-aac7-4c61-878e-fc4e47ddf392'),
 ('56', '2', 'Primary Color 5', 'primaryColor5', 'global', '', '0', 'Color', NULL, '2016-06-24 12:08:38', '2016-06-24 12:08:38', '2b2cca15-af58-4938-b539-17f6d8b0ee9e'),
 ('57', '2', 'Primary Color 6', 'primaryColor6', 'global', '', '0', 'Color', NULL, '2016-06-24 12:09:09', '2016-06-24 12:09:09', '899cf458-d768-4737-b786-d075d1f457cd');



DROP TABLE IF EXISTS `craft_globalsets`;


--
-- Schema for table `craft_globalsets`
--
CREATE TABLE `craft_globalsets` (
  `id` int(11) NOT NULL,
  `name` varchar(255) COLLATE utf8_unicode_ci NOT NULL,
  `handle` varchar(255) COLLATE utf8_unicode_ci NOT NULL,
  `fieldLayoutId` int(10) DEFAULT NULL,
  `dateCreated` datetime NOT NULL,
  `dateUpdated` datetime NOT NULL,
  `uid` char(36) COLLATE utf8_unicode_ci NOT NULL DEFAULT '0',
  PRIMARY KEY (`id`),
  UNIQUE KEY `craft_globalsets_name_unq_idx` (`name`),
  UNIQUE KEY `craft_globalsets_handle_unq_idx` (`handle`),
  KEY `craft_globalsets_fieldLayoutId_fk` (`fieldLayoutId`)
) ENGINE=InnoDB DEFAULT CHARSET=utf8 COLLATE=utf8_unicode_ci;

DROP TABLE IF EXISTS `craft_info`;


--
-- Schema for table `craft_info`
--
CREATE TABLE `craft_info` (
  `id` int(11) NOT NULL AUTO_INCREMENT,
  `version` varchar(15) COLLATE utf8_unicode_ci NOT NULL,
  `build` int(11) unsigned NOT NULL,
  `schemaVersion` varchar(15) COLLATE utf8_unicode_ci NOT NULL,
  `releaseDate` datetime NOT NULL,
  `edition` tinyint(1) unsigned NOT NULL DEFAULT '0',
  `siteName` varchar(100) COLLATE utf8_unicode_ci NOT NULL,
  `siteUrl` varchar(255) COLLATE utf8_unicode_ci NOT NULL,
  `timezone` varchar(30) COLLATE utf8_unicode_ci DEFAULT NULL,
  `on` tinyint(1) unsigned NOT NULL DEFAULT '0',
  `maintenance` tinyint(1) unsigned NOT NULL DEFAULT '0',
  `track` varchar(40) COLLATE utf8_unicode_ci NOT NULL,
  `dateCreated` datetime NOT NULL,
  `dateUpdated` datetime NOT NULL,
  `uid` char(36) COLLATE utf8_unicode_ci NOT NULL DEFAULT '0',
  PRIMARY KEY (`id`)
) ENGINE=InnoDB AUTO_INCREMENT=2 DEFAULT CHARSET=utf8 COLLATE=utf8_unicode_ci;

--
-- Data for table `craft_info`
--

INSERT INTO `craft_info` (`id`, `version`, `build`, `schemaVersion`, `releaseDate`, `edition`, `siteName`, `siteUrl`, `timezone`, `on`, `maintenance`, `track`, `dateCreated`, `dateUpdated`, `uid`) VALUES
 ('1', '2.6', '2793', '2.6.5', '2016-06-28 20:43:53', '0', 'Portfolio', '{baseUrl}', 'Europe/London', '1', '1', 'stable', '2016-06-16 12:25:26', '2016-06-30 16:32:52', 'b97817eb-5a35-4c7d-a523-48aef9b8d577');



DROP TABLE IF EXISTS `craft_locales`;


--
-- Schema for table `craft_locales`
--
CREATE TABLE `craft_locales` (
  `locale` char(12) COLLATE utf8_unicode_ci NOT NULL,
  `sortOrder` smallint(6) unsigned DEFAULT NULL,
  `dateCreated` datetime NOT NULL,
  `dateUpdated` datetime NOT NULL,
  `uid` char(36) COLLATE utf8_unicode_ci NOT NULL DEFAULT '0',
  PRIMARY KEY (`locale`),
  KEY `craft_locales_sortOrder_idx` (`sortOrder`)
) ENGINE=InnoDB DEFAULT CHARSET=utf8 COLLATE=utf8_unicode_ci;

--
-- Data for table `craft_locales`
--

INSERT INTO `craft_locales` (`locale`, `sortOrder`, `dateCreated`, `dateUpdated`, `uid`) VALUES
 ('en', '1', '2016-06-16 12:25:27', '2016-06-16 12:25:27', '42a12af2-2be8-49fb-9689-934812d05816');



DROP TABLE IF EXISTS `craft_matrixblocks`;


--
-- Schema for table `craft_matrixblocks`
--
CREATE TABLE `craft_matrixblocks` (
  `id` int(11) NOT NULL,
  `ownerId` int(11) NOT NULL,
  `fieldId` int(11) NOT NULL,
  `typeId` int(11) DEFAULT NULL,
  `sortOrder` smallint(6) unsigned DEFAULT NULL,
  `ownerLocale` char(12) COLLATE utf8_unicode_ci DEFAULT NULL,
  `dateCreated` datetime NOT NULL,
  `dateUpdated` datetime NOT NULL,
  `uid` char(36) COLLATE utf8_unicode_ci NOT NULL DEFAULT '0',
  PRIMARY KEY (`id`),
  KEY `craft_matrixblocks_ownerId_idx` (`ownerId`),
  KEY `craft_matrixblocks_fieldId_idx` (`fieldId`),
  KEY `craft_matrixblocks_typeId_idx` (`typeId`),
  KEY `craft_matrixblocks_sortOrder_idx` (`sortOrder`),
  KEY `craft_matrixblocks_ownerLocale_fk` (`ownerLocale`)
) ENGINE=InnoDB DEFAULT CHARSET=utf8 COLLATE=utf8_unicode_ci;

DROP TABLE IF EXISTS `craft_matrixblocktypes`;


--
-- Schema for table `craft_matrixblocktypes`
--
CREATE TABLE `craft_matrixblocktypes` (
  `id` int(11) NOT NULL AUTO_INCREMENT,
  `fieldId` int(11) NOT NULL,
  `fieldLayoutId` int(11) DEFAULT NULL,
  `name` varchar(255) COLLATE utf8_unicode_ci NOT NULL,
  `handle` varchar(255) COLLATE utf8_unicode_ci NOT NULL,
  `sortOrder` smallint(6) unsigned DEFAULT NULL,
  `dateCreated` datetime NOT NULL,
  `dateUpdated` datetime NOT NULL,
  `uid` char(36) COLLATE utf8_unicode_ci NOT NULL DEFAULT '0',
  PRIMARY KEY (`id`),
  UNIQUE KEY `craft_matrixblocktypes_name_fieldId_unq_idx` (`name`,`fieldId`),
  UNIQUE KEY `craft_matrixblocktypes_handle_fieldId_unq_idx` (`handle`,`fieldId`),
  KEY `craft_matrixblocktypes_fieldId_fk` (`fieldId`),
  KEY `craft_matrixblocktypes_fieldLayoutId_fk` (`fieldLayoutId`)
) ENGINE=InnoDB AUTO_INCREMENT=4 DEFAULT CHARSET=utf8 COLLATE=utf8_unicode_ci;

DROP TABLE IF EXISTS `craft_migrations`;


--
-- Schema for table `craft_migrations`
--
CREATE TABLE `craft_migrations` (
  `id` int(11) NOT NULL AUTO_INCREMENT,
  `pluginId` int(11) DEFAULT NULL,
  `version` varchar(255) COLLATE utf8_unicode_ci NOT NULL,
  `applyTime` datetime NOT NULL,
  `dateCreated` datetime NOT NULL,
  `dateUpdated` datetime NOT NULL,
  `uid` char(36) COLLATE utf8_unicode_ci NOT NULL DEFAULT '0',
  PRIMARY KEY (`id`),
  UNIQUE KEY `craft_migrations_version_unq_idx` (`version`),
  KEY `craft_migrations_pluginId_fk` (`pluginId`)
) ENGINE=InnoDB AUTO_INCREMENT=34 DEFAULT CHARSET=utf8 COLLATE=utf8_unicode_ci;

--
-- Data for table `craft_migrations`
--

INSERT INTO `craft_migrations` (`id`, `pluginId`, `version`, `applyTime`, `dateCreated`, `dateUpdated`, `uid`) VALUES
 ('1', NULL, 'm000000_000000_base', '2016-06-16 12:25:27', '2016-06-16 12:25:27', '2016-06-16 12:25:27', 'cac0eb37-3e40-4d37-a7bc-bd04a5717863'),
 ('2', NULL, 'm140730_000001_add_filename_and_format_to_transformindex', '2016-06-16 12:25:27', '2016-06-16 12:25:27', '2016-06-16 12:25:27', '35c0fc1a-87bf-4e89-8da1-0fcde4a49678'),
 ('3', NULL, 'm140815_000001_add_format_to_transforms', '2016-06-16 12:25:27', '2016-06-16 12:25:27', '2016-06-16 12:25:27', 'ea4adc80-55b4-40a8-bc44-5454c14e88ec'),
 ('4', NULL, 'm140822_000001_allow_more_than_128_items_per_field', '2016-06-16 12:25:27', '2016-06-16 12:25:27', '2016-06-16 12:25:27', '65cddcbe-85ad-4fe8-801e-288271d57e0a'),
 ('5', NULL, 'm140829_000001_single_title_formats', '2016-06-16 12:25:27', '2016-06-16 12:25:27', '2016-06-16 12:25:27', 'd8b00928-fa0b-4fa1-96ed-3344254e8aac'),
 ('6', NULL, 'm140831_000001_extended_cache_keys', '2016-06-16 12:25:27', '2016-06-16 12:25:27', '2016-06-16 12:25:27', '5c396543-ffa1-432f-93ae-5a5f3caacd4e'),
 ('7', NULL, 'm140922_000001_delete_orphaned_matrix_blocks', '2016-06-16 12:25:27', '2016-06-16 12:25:27', '2016-06-16 12:25:27', '2d350738-8889-4330-a146-fcbc8ebd9659'),
 ('8', NULL, 'm141008_000001_elements_index_tune', '2016-06-16 12:25:27', '2016-06-16 12:25:27', '2016-06-16 12:25:27', '22e562e4-ddc8-4d13-9882-292ae87b9572'),
 ('9', NULL, 'm141009_000001_assets_source_handle', '2016-06-16 12:25:27', '2016-06-16 12:25:27', '2016-06-16 12:25:27', '59b4a081-66ed-4b6f-a73f-2d700098a073'),
 ('10', NULL, 'm141024_000001_field_layout_tabs', '2016-06-16 12:25:27', '2016-06-16 12:25:27', '2016-06-16 12:25:27', '98043d41-c8e3-4a8d-a126-fde12a5da3ce'),
 ('11', NULL, 'm141030_000000_plugin_schema_versions', '2016-06-16 12:25:27', '2016-06-16 12:25:27', '2016-06-16 12:25:27', '1981ac3b-6d60-4e58-974a-9a755bc019dd'),
 ('12', NULL, 'm141030_000001_drop_structure_move_permission', '2016-06-16 12:25:27', '2016-06-16 12:25:27', '2016-06-16 12:25:27', '949a11bb-8858-4d5d-b4b6-a973641bcb46'),
 ('13', NULL, 'm141103_000001_tag_titles', '2016-06-16 12:25:27', '2016-06-16 12:25:27', '2016-06-16 12:25:27', 'f3bc528e-819b-4d10-985d-ad4d7f602615'),
 ('14', NULL, 'm141109_000001_user_status_shuffle', '2016-06-16 12:25:27', '2016-06-16 12:25:27', '2016-06-16 12:25:27', '7e8a94ac-bde6-4fd9-b147-0700d7545190'),
 ('15', NULL, 'm141126_000001_user_week_start_day', '2016-06-16 12:25:27', '2016-06-16 12:25:27', '2016-06-16 12:25:27', '0997b0b5-ee42-405e-a0a1-ca333b48e79b'),
 ('16', NULL, 'm150210_000001_adjust_user_photo_size', '2016-06-16 12:25:27', '2016-06-16 12:25:27', '2016-06-16 12:25:27', 'f0477427-2f4f-419e-abe5-4e9014be2938'),
 ('17', NULL, 'm150724_000001_adjust_quality_settings', '2016-06-16 12:25:27', '2016-06-16 12:25:27', '2016-06-16 12:25:27', 'e9322b81-6951-4c8d-85f8-9351b6604102'),
 ('18', NULL, 'm150827_000000_element_index_settings', '2016-06-16 12:25:27', '2016-06-16 12:25:27', '2016-06-16 12:25:27', 'b15a7c05-3659-42bd-b88a-44559f7075fe'),
 ('19', NULL, 'm150918_000001_add_colspan_to_widgets', '2016-06-16 12:25:27', '2016-06-16 12:25:27', '2016-06-16 12:25:27', '8dd8bede-9f56-47e1-824f-93ae07ebfe73'),
 ('20', NULL, 'm151007_000000_clear_asset_caches', '2016-06-16 12:25:27', '2016-06-16 12:25:27', '2016-06-16 12:25:27', '207d4c75-894d-460a-a278-998b09fbb79e'),
 ('21', NULL, 'm151109_000000_text_url_formats', '2016-06-16 12:25:27', '2016-06-16 12:25:27', '2016-06-16 12:25:27', '57919ce1-307c-4485-b72e-3fbfb37f891f'),
 ('22', NULL, 'm151110_000000_move_logo', '2016-06-16 12:25:27', '2016-06-16 12:25:27', '2016-06-16 12:25:27', '23fd0368-6312-46b7-8d5e-c73d387eada3'),
 ('23', NULL, 'm151117_000000_adjust_image_widthheight', '2016-06-16 12:25:27', '2016-06-16 12:25:27', '2016-06-16 12:25:27', '8e9980a7-37a0-44c4-9494-e2fcc9dcecad'),
 ('24', NULL, 'm151127_000000_clear_license_key_status', '2016-06-16 12:25:27', '2016-06-16 12:25:27', '2016-06-16 12:25:27', 'd8ecc972-a354-4456-812b-172701a790b6'),
 ('25', NULL, 'm151127_000000_plugin_license_keys', '2016-06-16 12:25:27', '2016-06-16 12:25:27', '2016-06-16 12:25:27', '2e121dd8-7f62-49d7-90fa-0e66721d9097'),
 ('26', NULL, 'm151130_000000_update_pt_widget_feeds', '2016-06-16 12:25:27', '2016-06-16 12:25:27', '2016-06-16 12:25:27', '3a4d4133-0360-48d8-8f9d-de7ec312a08c'),
 ('27', NULL, 'm160114_000000_asset_sources_public_url_default_true', '2016-06-16 12:25:27', '2016-06-16 12:25:27', '2016-06-16 12:25:27', '9a47bfff-09e5-494f-80cf-a7941f5c00f8'),
 ('28', NULL, 'm160223_000000_sortorder_to_smallint', '2016-06-16 12:25:27', '2016-06-16 12:25:27', '2016-06-16 12:25:27', '39b7b483-7868-43dd-901f-a12fc2f56a1b'),
 ('29', NULL, 'm160229_000000_set_default_entry_statuses', '2016-06-16 12:25:27', '2016-06-16 12:25:27', '2016-06-16 12:25:27', '8f3d3ec9-561f-4566-baec-f847d0793d1f'),
 ('30', NULL, 'm160304_000000_client_permissions', '2016-06-16 12:25:27', '2016-06-16 12:25:27', '2016-06-16 12:25:27', '64bfd31f-e9d9-4325-b07a-c698a0857117'),
 ('31', NULL, 'm160322_000000_asset_filesize', '2016-06-16 12:25:27', '2016-06-16 12:25:27', '2016-06-16 12:25:27', '400962a2-cf7f-4364-9353-4296a0116300'),
 ('32', NULL, 'm160503_000000_orphaned_fieldlayouts', '2016-06-16 12:25:27', '2016-06-16 12:25:27', '2016-06-16 12:25:27', 'bedb0e33-bda9-412c-b0d4-de5ef72b2b97'),
 ('33', NULL, 'm160510_000000_tasksettings', '2016-06-16 12:25:27', '2016-06-16 12:25:27', '2016-06-16 12:25:27', '01ec90ec-67dc-44be-a9ea-875758cf45a3');



DROP TABLE IF EXISTS `craft_plugins`;


--
-- Schema for table `craft_plugins`
--
CREATE TABLE `craft_plugins` (
  `id` int(11) NOT NULL AUTO_INCREMENT,
  `class` varchar(150) COLLATE utf8_unicode_ci NOT NULL,
  `version` varchar(15) COLLATE utf8_unicode_ci NOT NULL,
  `schemaVersion` varchar(15) COLLATE utf8_unicode_ci DEFAULT NULL,
  `licenseKey` char(24) COLLATE utf8_unicode_ci DEFAULT NULL,
  `licenseKeyStatus` enum('valid','invalid','mismatched','unknown') COLLATE utf8_unicode_ci NOT NULL DEFAULT 'unknown',
  `enabled` tinyint(1) unsigned NOT NULL DEFAULT '0',
  `settings` text COLLATE utf8_unicode_ci,
  `installDate` datetime NOT NULL,
  `dateCreated` datetime NOT NULL,
  `dateUpdated` datetime NOT NULL,
  `uid` char(36) COLLATE utf8_unicode_ci NOT NULL DEFAULT '0',
  PRIMARY KEY (`id`)
) ENGINE=InnoDB DEFAULT CHARSET=utf8 COLLATE=utf8_unicode_ci;

DROP TABLE IF EXISTS `craft_rackspaceaccess`;


--
-- Schema for table `craft_rackspaceaccess`
--
CREATE TABLE `craft_rackspaceaccess` (
  `id` int(11) NOT NULL AUTO_INCREMENT,
  `connectionKey` varchar(255) COLLATE utf8_unicode_ci NOT NULL,
  `token` varchar(255) COLLATE utf8_unicode_ci NOT NULL,
  `storageUrl` varchar(255) COLLATE utf8_unicode_ci NOT NULL,
  `cdnUrl` varchar(255) COLLATE utf8_unicode_ci NOT NULL,
  `dateCreated` datetime NOT NULL,
  `dateUpdated` datetime NOT NULL,
  `uid` char(36) COLLATE utf8_unicode_ci NOT NULL DEFAULT '0',
  PRIMARY KEY (`id`),
  UNIQUE KEY `craft_rackspaceaccess_connectionKey_unq_idx` (`connectionKey`)
) ENGINE=InnoDB DEFAULT CHARSET=utf8 COLLATE=utf8_unicode_ci;

DROP TABLE IF EXISTS `craft_relations`;


--
-- Schema for table `craft_relations`
--
CREATE TABLE `craft_relations` (
  `id` int(11) NOT NULL AUTO_INCREMENT,
  `fieldId` int(11) NOT NULL,
  `sourceId` int(11) NOT NULL,
  `sourceLocale` char(12) COLLATE utf8_unicode_ci DEFAULT NULL,
  `targetId` int(11) NOT NULL,
  `sortOrder` smallint(6) DEFAULT NULL,
  `dateCreated` datetime NOT NULL,
  `dateUpdated` datetime NOT NULL,
  `uid` char(36) COLLATE utf8_unicode_ci NOT NULL DEFAULT '0',
  PRIMARY KEY (`id`),
  UNIQUE KEY `craft_relations_fieldId_sourceId_sourceLocale_targetId_unq_idx` (`fieldId`,`sourceId`,`sourceLocale`,`targetId`),
  KEY `craft_relations_sourceId_fk` (`sourceId`),
  KEY `craft_relations_sourceLocale_fk` (`sourceLocale`),
  KEY `craft_relations_targetId_fk` (`targetId`)
) ENGINE=InnoDB AUTO_INCREMENT=416 DEFAULT CHARSET=utf8 COLLATE=utf8_unicode_ci;

--
-- Data for table `craft_relations`
--

INSERT INTO `craft_relations` (`id`, `fieldId`, `sourceId`, `sourceLocale`, `targetId`, `sortOrder`, `dateCreated`, `dateUpdated`, `uid`) VALUES
 ('317', '27', '30', NULL, '23', '1', '2016-06-28 11:39:02', '2016-06-28 11:39:02', '35a134f0-af22-4364-8b62-4491891aac30'),
 ('318', '25', '30', NULL, '12', '1', '2016-06-28 11:39:02', '2016-06-28 11:39:02', 'e64259ed-2335-4064-adcb-34b6fbebf56f'),
 ('319', '25', '30', NULL, '15', '2', '2016-06-28 11:39:02', '2016-06-28 11:39:02', '1b515461-5f66-4dfb-b598-daad021b6317'),
 ('320', '25', '30', NULL, '34', '3', '2016-06-28 11:39:02', '2016-06-28 11:39:02', 'd6789222-39b8-4eb3-a76a-4790b524ca5c'),
 ('321', '30', '30', NULL, '171', '1', '2016-06-28 11:39:02', '2016-06-28 11:39:02', 'caf3b066-8b70-4316-b807-2dcd156e81b0'),
 ('322', '31', '30', NULL, '172', '1', '2016-06-28 11:39:02', '2016-06-28 11:39:02', 'd982d49f-d6c7-4665-b5c9-85ab59e548cd'),
 ('323', '32', '30', NULL, '35', '1', '2016-06-28 11:39:02', '2016-06-28 11:39:02', 'b6990ee2-8c7b-47d8-96f8-8026f97a4965'),
 ('324', '33', '30', NULL, '173', '1', '2016-06-28 11:39:02', '2016-06-28 11:39:02', '11118aed-186e-48a7-83ae-30759a6ea20e'),
 ('329', '27', '38', NULL, '24', '1', '2016-06-28 11:45:32', '2016-06-28 11:45:32', '6cac28e9-1054-4591-8fa2-cce6cc5eeb85'),
 ('330', '25', '38', NULL, '13', '1', '2016-06-28 11:45:33', '2016-06-28 11:45:33', '30a84b02-0855-47dd-aa55-83a3bc958d11'),
 ('331', '25', '38', NULL, '15', '2', '2016-06-28 11:45:33', '2016-06-28 11:45:33', '814347c8-1f20-475f-8919-51d53bec42a2'),
 ('332', '25', '38', NULL, '36', '3', '2016-06-28 11:45:33', '2016-06-28 11:45:33', '2cbf60cf-4277-46f4-85eb-185a384276b4'),
 ('333', '30', '38', NULL, '174', '1', '2016-06-28 11:45:33', '2016-06-28 11:45:33', 'e0d27a5a-d101-4313-8441-3be5f4f7c41a'),
 ('334', '31', '38', NULL, '176', '1', '2016-06-28 11:45:33', '2016-06-28 11:45:33', '33320252-5b6e-4e24-9319-e6efeea4e5e8'),
 ('335', '32', '38', NULL, '177', '1', '2016-06-28 11:45:33', '2016-06-28 11:45:33', '0f002595-fed9-4b43-94fd-014128c5734b'),
 ('336', '33', '38', NULL, '175', '1', '2016-06-28 11:45:33', '2016-06-28 11:45:33', '8f3dce9e-2de0-4c5f-a93c-11072d3dea4d'),
 ('366', '27', '47', NULL, '25', '1', '2016-06-28 12:09:47', '2016-06-28 12:09:47', 'dd4f01b3-40ec-4ded-95ed-2b0742690ce9'),
 ('367', '25', '47', NULL, '14', '1', '2016-06-28 12:09:47', '2016-06-28 12:09:47', '761ffbef-441d-42d3-b4bb-3659ebfe8bac'),
 ('368', '25', '47', NULL, '43', '2', '2016-06-28 12:09:47', '2016-06-28 12:09:47', 'fed98f34-26cc-4944-974c-9b8875ea8029'),
 ('369', '25', '47', NULL, '44', '3', '2016-06-28 12:09:47', '2016-06-28 12:09:47', 'a94419d1-0420-4fde-96cd-d2adc2d060ae'),
 ('370', '30', '47', NULL, '190', '1', '2016-06-28 12:09:47', '2016-06-28 12:09:47', '2fe7ae36-d349-48fc-b3a6-fbb13196050a'),
 ('371', '31', '47', NULL, '181', '1', '2016-06-28 12:09:47', '2016-06-28 12:09:47', 'f777d479-7146-4cfd-9330-00bca90cd6eb'),
 ('372', '32', '47', NULL, '183', '1', '2016-06-28 12:09:47', '2016-06-28 12:09:47', '189b946d-010f-4a99-acc0-ed870273a2b9'),
 ('373', '33', '47', NULL, '182', '1', '2016-06-28 12:09:47', '2016-06-28 12:09:47', 'e7782cbf-7150-4059-84eb-20bd286fb705'),
 ('374', '27', '55', NULL, '26', '1', '2016-06-28 12:10:15', '2016-06-28 12:10:15', 'e23ba59c-f369-42e8-be49-aa7b86b3170b'),
 ('375', '25', '55', NULL, '16', '1', '2016-06-28 12:10:15', '2016-06-28 12:10:15', '8ad581ce-3fa5-4091-9c0a-0ddecd330d39'),
 ('376', '25', '55', NULL, '34', '2', '2016-06-28 12:10:15', '2016-06-28 12:10:15', 'e1ed8f89-7508-494e-8841-4fb3bce61476'),
 ('377', '25', '55', NULL, '50', '3', '2016-06-28 12:10:15', '2016-06-28 12:10:15', '34d23a91-feeb-48b0-9a0e-30dd28fc00f4'),
 ('378', '30', '55', NULL, '189', '1', '2016-06-28 12:10:15', '2016-06-28 12:10:15', 'dc0c4aca-7494-41c4-a419-1202ddd35280'),
 ('379', '31', '55', NULL, '186', '1', '2016-06-28 12:10:15', '2016-06-28 12:10:15', 'c6ea008f-d9b1-4ac4-95e2-92d2c7a91163'),
 ('380', '32', '55', NULL, '187', '1', '2016-06-28 12:10:15', '2016-06-28 12:10:15', '05a0dab5-620e-4323-b828-dfe6e6fa9d35'),
 ('381', '33', '55', NULL, '188', '1', '2016-06-28 12:10:15', '2016-06-28 12:10:15', 'bf0b6730-fe74-4f18-b4d2-f1b18e154cf2'),
 ('394', '27', '66', NULL, '109', '1', '2016-06-28 12:17:31', '2016-06-28 12:17:31', 'e3a7d95b-d000-4ae6-9aaf-fa1963a1c114'),
 ('395', '25', '66', NULL, '58', '1', '2016-06-28 12:17:31', '2016-06-28 12:17:31', '2743d608-76f5-4fd6-b654-b996b16b3b0a'),
 ('396', '25', '66', NULL, '59', '2', '2016-06-28 12:17:31', '2016-06-28 12:17:31', '8646ce74-b1f5-4db3-83a0-cc63ac1070c8'),
 ('397', '25', '66', NULL, '60', '3', '2016-06-28 12:17:31', '2016-06-28 12:17:31', '0d1df73d-75ff-4da6-9f3d-8d82f5ce84e3'),
 ('398', '30', '66', NULL, '195', '1', '2016-06-28 12:17:31', '2016-06-28 12:17:31', '3dfe21e1-4682-4e89-bcfb-7a2751b08620'),
 ('399', '31', '66', NULL, '191', '1', '2016-06-28 12:17:31', '2016-06-28 12:17:31', '91a211a4-5468-404e-98e5-c3bba102d1b6'),
 ('400', '32', '66', NULL, '192', '1', '2016-06-28 12:17:31', '2016-06-28 12:17:31', '4117624b-973a-47b0-9757-b7eb20639d42'),
 ('401', '33', '66', NULL, '193', '1', '2016-06-28 12:17:31', '2016-06-28 12:17:31', 'f71acfd6-b99c-4d6a-9423-cc472e121f48'),
 ('402', '27', '9', NULL, '166', '1', '2016-06-29 11:13:53', '2016-06-29 11:13:53', '903f94c9-cb5e-44ee-9d1c-beb3af695f6f'),
 ('403', '25', '9', NULL, '12', '1', '2016-06-29 11:13:53', '2016-06-29 11:13:53', '12d573a3-11d1-4ff3-b1a9-ce68335f6e35'),
 ('404', '25', '9', NULL, '13', '2', '2016-06-29 11:13:53', '2016-06-29 11:13:53', '5bb558d0-4c1a-4f72-addd-71db3c2ab4e8'),
 ('405', '25', '9', NULL, '14', '3', '2016-06-29 11:13:53', '2016-06-29 11:13:53', 'f95050d3-d7d4-4943-b5fc-f8807229709f'),
 ('406', '30', '9', NULL, '167', '1', '2016-06-29 11:13:53', '2016-06-29 11:13:53', 'acb0309c-363b-4715-a389-4642972db114'),
 ('407', '31', '9', NULL, '170', '1', '2016-06-29 11:13:53', '2016-06-29 11:13:53', 'ab14b69e-75c4-40e4-9511-eee3734c1d07'),
 ('408', '32', '9', NULL, '169', '1', '2016-06-29 11:13:53', '2016-06-29 11:13:53', '9180c49b-b1b4-4a86-8378-468018b6e57c'),
 ('409', '33', '9', NULL, '168', '1', '2016-06-29 11:13:53', '2016-06-29 11:13:53', 'db6dd09f-365f-4fca-92e4-2f56e6c03c4a'),
 ('410', '46', '2', NULL, '166', '1', '2016-06-29 11:21:47', '2016-06-29 11:21:47', 'c2e987b7-3efe-4c9c-b364-eb7df55a6997'),
 ('411', '48', '2', NULL, '105', '1', '2016-06-29 11:21:47', '2016-06-29 11:21:47', 'fc2e26a9-4911-4192-9476-ec53c977eb96'),
 ('412', '49', '2', NULL, '106', '1', '2016-06-29 11:21:47', '2016-06-29 11:21:47', '465dbada-1f3c-4e3e-b1d9-1eaa0eb9693a'),
 ('413', '50', '2', NULL, '25', '1', '2016-06-29 11:21:47', '2016-06-29 11:21:47', '9f66bce8-7358-4e8f-b614-deddcf18e0e8'),
 ('414', '51', '2', NULL, '109', '1', '2016-06-29 11:21:47', '2016-06-29 11:21:47', '88492d88-5464-4b3e-83dc-4164167d8683'),
 ('415', '52', '2', NULL, '108', '1', '2016-06-29 11:21:47', '2016-06-29 11:21:47', 'd91698f6-0e8c-4656-a3a5-a814f5259a04');



DROP TABLE IF EXISTS `craft_routes`;


--
-- Schema for table `craft_routes`
--
CREATE TABLE `craft_routes` (
  `id` int(11) NOT NULL AUTO_INCREMENT,
  `locale` char(12) COLLATE utf8_unicode_ci DEFAULT NULL,
  `urlParts` varchar(255) COLLATE utf8_unicode_ci NOT NULL,
  `urlPattern` varchar(255) COLLATE utf8_unicode_ci NOT NULL,
  `template` varchar(255) COLLATE utf8_unicode_ci NOT NULL,
  `sortOrder` smallint(6) unsigned DEFAULT NULL,
  `dateCreated` datetime NOT NULL,
  `dateUpdated` datetime NOT NULL,
  `uid` char(36) COLLATE utf8_unicode_ci NOT NULL DEFAULT '0',
  PRIMARY KEY (`id`),
  UNIQUE KEY `craft_routes_urlPattern_unq_idx` (`urlPattern`),
  KEY `craft_routes_locale_idx` (`locale`)
) ENGINE=InnoDB DEFAULT CHARSET=utf8 COLLATE=utf8_unicode_ci;

DROP TABLE IF EXISTS `craft_searchindex`;


--
-- Schema for table `craft_searchindex`
--
CREATE TABLE `craft_searchindex` (
  `elementId` int(11) NOT NULL,
  `attribute` varchar(25) COLLATE utf8_unicode_ci NOT NULL,
  `fieldId` int(11) NOT NULL,
  `locale` char(12) COLLATE utf8_unicode_ci NOT NULL,
  `keywords` text COLLATE utf8_unicode_ci NOT NULL,
  PRIMARY KEY (`elementId`,`attribute`,`fieldId`,`locale`),
  FULLTEXT KEY `craft_searchindex_keywords_idx` (`keywords`)
) ENGINE=MyISAM DEFAULT CHARSET=utf8 COLLATE=utf8_unicode_ci;

--
-- Data for table `craft_searchindex`
--

INSERT INTO `craft_searchindex` (`elementId`, `attribute`, `fieldId`, `locale`, `keywords`) VALUES
 ('18', 'filename', '0', 'en', ' cadenza_big png '),
 ('18', 'extension', '0', 'en', ' png '),
 ('18', 'kind', '0', 'en', ' image '),
 ('18', 'slug', '0', 'en', ' cadenza big '),
 ('18', 'title', '0', 'en', ' cadenza big '),
 ('20', 'filename', '0', 'en', ' cad_2 png '),
 ('20', 'extension', '0', 'en', ' png '),
 ('20', 'kind', '0', 'en', ' image '),
 ('20', 'slug', '0', 'en', ' cad 2 '),
 ('20', 'title', '0', 'en', ' cad 2 '),
 ('21', 'filename', '0', 'en', ' cad_1 png '),
 ('21', 'extension', '0', 'en', ' png '),
 ('21', 'kind', '0', 'en', ' image '),
 ('21', 'slug', '0', 'en', ' cad 1 '),
 ('21', 'title', '0', 'en', ' cad 1 '),
 ('19', 'filename', '0', 'en', ' cad_3 png '),
 ('19', 'extension', '0', 'en', ' png '),
 ('19', 'kind', '0', 'en', ' image '),
 ('19', 'slug', '0', 'en', ' cad 3 '),
 ('19', 'title', '0', 'en', ' cad 3 '),
 ('22', 'filename', '0', 'en', ' cadenza_big 1x png '),
 ('22', 'extension', '0', 'en', ' png '),
 ('22', 'kind', '0', 'en', ' image '),
 ('22', 'slug', '0', 'en', ' cadenza big 1x '),
 ('22', 'title', '0', 'en', ' cadenza big 1x '),
 ('23', 'filename', '0', 'en', ' project2_160628_103524 png '),
 ('23', 'extension', '0', 'en', ' png '),
 ('23', 'kind', '0', 'en', ' image '),
 ('23', 'slug', '0', 'en', ' project2 '),
 ('23', 'title', '0', 'en', ' project2 '),
 ('24', 'filename', '0', 'en', ' project3 png '),
 ('24', 'extension', '0', 'en', ' png '),
 ('24', 'kind', '0', 'en', ' image '),
 ('24', 'slug', '0', 'en', ' project3 '),
 ('24', 'title', '0', 'en', ' project3 '),
 ('26', 'filename', '0', 'en', ' project5 png '),
 ('26', 'extension', '0', 'en', ' png '),
 ('26', 'kind', '0', 'en', ' image '),
 ('26', 'slug', '0', 'en', ' project5 '),
 ('26', 'title', '0', 'en', ' project5 '),
 ('27', 'filename', '0', 'en', ' project6 png '),
 ('27', 'extension', '0', 'en', ' png '),
 ('27', 'kind', '0', 'en', ' image '),
 ('27', 'slug', '0', 'en', ' project6 '),
 ('27', 'title', '0', 'en', ' project6 '),
 ('31', 'filename', '0', 'en', ' smartmockups 3 png '),
 ('31', 'extension', '0', 'en', ' png '),
 ('31', 'kind', '0', 'en', ' image '),
 ('31', 'slug', '0', 'en', ' smartmockups 3 '),
 ('31', 'title', '0', 'en', ' smartmockups 3 '),
 ('32', 'filename', '0', 'en', ' smartmockups copy png '),
 ('32', 'extension', '0', 'en', ' png '),
 ('32', 'kind', '0', 'en', ' image '),
 ('32', 'slug', '0', 'en', ' smartmockups copy '),
 ('32', 'title', '0', 'en', ' smartmockups copy '),
 ('33', 'filename', '0', 'en', ' smartmockups copy 3 png '),
 ('33', 'extension', '0', 'en', ' png '),
 ('33', 'kind', '0', 'en', ' image '),
 ('33', 'slug', '0', 'en', ' smartmockups copy 3 '),
 ('33', 'title', '0', 'en', ' smartmockups copy 3 '),
 ('25', 'filename', '0', 'en', ' project4 png '),
 ('25', 'extension', '0', 'en', ' png '),
 ('25', 'kind', '0', 'en', ' image '),
 ('25', 'slug', '0', 'en', ' project4 '),
 ('25', 'title', '0', 'en', ' project4 '),
 ('35', 'filename', '0', 'en', ' implant xray png '),
 ('35', 'extension', '0', 'en', ' png '),
 ('35', 'kind', '0', 'en', ' image '),
 ('35', 'slug', '0', 'en', ' implant xray '),
 ('35', 'title', '0', 'en', ' implant xray '),
 ('37', 'filename', '0', 'en', ' cosmos 1x png '),
 ('37', 'extension', '0', 'en', ' png '),
 ('37', 'kind', '0', 'en', ' image '),
 ('37', 'slug', '0', 'en', ' cosmos 1x '),
 ('37', 'title', '0', 'en', ' cosmos 1x '),
 ('39', 'filename', '0', 'en', ' stationmockup png '),
 ('39', 'extension', '0', 'en', ' png '),
 ('39', 'kind', '0', 'en', ' image '),
 ('39', 'slug', '0', 'en', ' station mockup '),
 ('39', 'title', '0', 'en', ' station mockup '),
 ('40', 'filename', '0', 'en', ' animpump gif '),
 ('40', 'extension', '0', 'en', ' gif '),
 ('40', 'kind', '0', 'en', ' image '),
 ('40', 'slug', '0', 'en', ' anim pump '),
 ('40', 'title', '0', 'en', ' anim pump '),
 ('41', 'filename', '0', 'en', ' cosmosidentity png '),
 ('41', 'extension', '0', 'en', ' png '),
 ('41', 'kind', '0', 'en', ' image '),
 ('41', 'slug', '0', 'en', ' cosmos identity '),
 ('41', 'title', '0', 'en', ' cosmos identity '),
 ('42', 'filename', '0', 'en', ' pumpbg jpg '),
 ('42', 'extension', '0', 'en', ' jpg '),
 ('42', 'kind', '0', 'en', ' image '),
 ('42', 'slug', '0', 'en', ' pump bg '),
 ('42', 'title', '0', 'en', ' pump bg '),
 ('45', 'filename', '0', 'en', ' badnoise 1x png '),
 ('45', 'extension', '0', 'en', ' png '),
 ('45', 'kind', '0', 'en', ' image '),
 ('45', 'slug', '0', 'en', ' badnoise 1x '),
 ('45', 'title', '0', 'en', ' badnoise 1x ');
INSERT INTO `craft_searchindex` (`elementId`, `attribute`, `fieldId`, `locale`, `keywords`) VALUES
 ('46', 'filename', '0', 'en', ' smartmockups 1 png '),
 ('46', 'extension', '0', 'en', ' png '),
 ('46', 'kind', '0', 'en', ' image '),
 ('46', 'slug', '0', 'en', ' smartmockups 1 '),
 ('46', 'title', '0', 'en', ' smartmockups 1 '),
 ('48', 'filename', '0', 'en', ' smartmockups 3_160627_115730 png '),
 ('48', 'extension', '0', 'en', ' png '),
 ('48', 'kind', '0', 'en', ' image '),
 ('48', 'slug', '0', 'en', ' smartmockups 3 '),
 ('48', 'title', '0', 'en', ' smartmockups 3 '),
 ('51', 'filename', '0', 'en', ' applyignorance 1x png '),
 ('51', 'extension', '0', 'en', ' png '),
 ('51', 'kind', '0', 'en', ' image '),
 ('51', 'slug', '0', 'en', ' applyignorance 1x '),
 ('51', 'title', '0', 'en', ' applyignorance 1x '),
 ('49', 'filename', '0', 'en', ' smartmockups 2 png '),
 ('49', 'extension', '0', 'en', ' png '),
 ('49', 'kind', '0', 'en', ' image '),
 ('49', 'slug', '0', 'en', ' smartmockups 2 '),
 ('49', 'title', '0', 'en', ' smartmockups 2 '),
 ('52', 'filename', '0', 'en', ' peoplefusion1 png '),
 ('52', 'extension', '0', 'en', ' png '),
 ('52', 'kind', '0', 'en', ' image '),
 ('52', 'slug', '0', 'en', ' peoplefusion1 '),
 ('52', 'title', '0', 'en', ' peoplefusion1 '),
 ('53', 'filename', '0', 'en', ' peoplefusion2 png '),
 ('53', 'extension', '0', 'en', ' png '),
 ('53', 'kind', '0', 'en', ' image '),
 ('53', 'slug', '0', 'en', ' peoplefusion2 '),
 ('53', 'title', '0', 'en', ' peoplefusion2 '),
 ('54', 'filename', '0', 'en', ' peoplefusion3 png '),
 ('54', 'extension', '0', 'en', ' png '),
 ('54', 'kind', '0', 'en', ' image '),
 ('54', 'slug', '0', 'en', ' peoplefusion3 '),
 ('54', 'title', '0', 'en', ' peoplefusion3 '),
 ('61', 'filename', '0', 'en', ' photography 1x png '),
 ('61', 'extension', '0', 'en', ' png '),
 ('61', 'kind', '0', 'en', ' image '),
 ('61', 'slug', '0', 'en', ' photography 1x '),
 ('61', 'title', '0', 'en', ' photography 1x '),
 ('62', 'filename', '0', 'en', ' photography 1x jpg '),
 ('62', 'extension', '0', 'en', ' jpg '),
 ('62', 'kind', '0', 'en', ' image '),
 ('62', 'slug', '0', 'en', ' photography 1x '),
 ('62', 'title', '0', 'en', ' photography 1x '),
 ('63', 'filename', '0', 'en', ' 16447561813_5c80ebe903_k jpg '),
 ('63', 'extension', '0', 'en', ' jpg '),
 ('63', 'kind', '0', 'en', ' image '),
 ('63', 'slug', '0', 'en', ' 16447561813 5c80ebe903 k '),
 ('63', 'title', '0', 'en', ' 16447561813 5c80ebe903 k '),
 ('64', 'filename', '0', 'en', ' 16860253427_11b1360e3e_k jpg '),
 ('64', 'extension', '0', 'en', ' jpg '),
 ('64', 'kind', '0', 'en', ' image '),
 ('64', 'slug', '0', 'en', ' 16860253427 11b1360e3e k '),
 ('64', 'title', '0', 'en', ' 16860253427 11b1360e3e k '),
 ('65', 'filename', '0', 'en', ' 16860303687_ae0d265e1d_k jpg '),
 ('65', 'extension', '0', 'en', ' jpg '),
 ('65', 'kind', '0', 'en', ' image '),
 ('65', 'slug', '0', 'en', ' 16860303687 ae0d265e1d k '),
 ('65', 'title', '0', 'en', ' 16860303687 ae0d265e1d k '),
 ('67', 'filename', '0', 'en', ' badnoise_nb png '),
 ('67', 'extension', '0', 'en', ' png '),
 ('67', 'kind', '0', 'en', ' image '),
 ('67', 'slug', '0', 'en', ' badnoise nb '),
 ('67', 'title', '0', 'en', ' badnoise nb '),
 ('72', 'filename', '0', 'en', ' android icon 144x144 png '),
 ('72', 'extension', '0', 'en', ' png '),
 ('72', 'kind', '0', 'en', ' image '),
 ('72', 'slug', '0', 'en', ' android icon 144x144 '),
 ('72', 'title', '0', 'en', ' android icon 144x144 '),
 ('73', 'filename', '0', 'en', ' android icon 36x36 png '),
 ('73', 'extension', '0', 'en', ' png '),
 ('73', 'kind', '0', 'en', ' image '),
 ('73', 'slug', '0', 'en', ' android icon 36x36 '),
 ('73', 'title', '0', 'en', ' android icon 36x36 '),
 ('74', 'filename', '0', 'en', ' android icon 192x192 png '),
 ('74', 'extension', '0', 'en', ' png '),
 ('74', 'kind', '0', 'en', ' image '),
 ('74', 'slug', '0', 'en', ' android icon 192x192 '),
 ('74', 'title', '0', 'en', ' android icon 192x192 '),
 ('75', 'filename', '0', 'en', ' android icon 48x48 png '),
 ('75', 'extension', '0', 'en', ' png '),
 ('75', 'kind', '0', 'en', ' image '),
 ('75', 'slug', '0', 'en', ' android icon 48x48 '),
 ('75', 'title', '0', 'en', ' android icon 48x48 '),
 ('76', 'filename', '0', 'en', ' android icon 72x72 png '),
 ('76', 'extension', '0', 'en', ' png '),
 ('76', 'kind', '0', 'en', ' image '),
 ('76', 'slug', '0', 'en', ' android icon 72x72 '),
 ('76', 'title', '0', 'en', ' android icon 72x72 '),
 ('77', 'filename', '0', 'en', ' android icon 96x96 png '),
 ('77', 'extension', '0', 'en', ' png '),
 ('77', 'kind', '0', 'en', ' image '),
 ('77', 'slug', '0', 'en', ' android icon 96x96 '),
 ('77', 'title', '0', 'en', ' android icon 96x96 '),
 ('78', 'filename', '0', 'en', ' apple icon 120x120 png '),
 ('78', 'extension', '0', 'en', ' png '),
 ('78', 'kind', '0', 'en', ' image '),
 ('78', 'slug', '0', 'en', ' apple icon 120x120 '),
 ('78', 'title', '0', 'en', ' apple icon 120x120 ');
INSERT INTO `craft_searchindex` (`elementId`, `attribute`, `fieldId`, `locale`, `keywords`) VALUES
 ('79', 'filename', '0', 'en', ' apple icon 114x114 png '),
 ('79', 'extension', '0', 'en', ' png '),
 ('79', 'kind', '0', 'en', ' image '),
 ('79', 'slug', '0', 'en', ' apple icon 114x114 '),
 ('79', 'title', '0', 'en', ' apple icon 114x114 '),
 ('80', 'filename', '0', 'en', ' apple icon 144x144 png '),
 ('80', 'extension', '0', 'en', ' png '),
 ('80', 'kind', '0', 'en', ' image '),
 ('80', 'slug', '0', 'en', ' apple icon 144x144 '),
 ('80', 'title', '0', 'en', ' apple icon 144x144 '),
 ('81', 'filename', '0', 'en', ' apple icon 152x152 png '),
 ('81', 'extension', '0', 'en', ' png '),
 ('81', 'kind', '0', 'en', ' image '),
 ('81', 'slug', '0', 'en', ' apple icon 152x152 '),
 ('81', 'title', '0', 'en', ' apple icon 152x152 '),
 ('82', 'filename', '0', 'en', ' apple icon 57x57 png '),
 ('82', 'extension', '0', 'en', ' png '),
 ('82', 'kind', '0', 'en', ' image '),
 ('82', 'slug', '0', 'en', ' apple icon 57x57 '),
 ('82', 'title', '0', 'en', ' apple icon 57x57 '),
 ('83', 'filename', '0', 'en', ' apple icon 180x180 png '),
 ('83', 'extension', '0', 'en', ' png '),
 ('83', 'kind', '0', 'en', ' image '),
 ('83', 'slug', '0', 'en', ' apple icon 180x180 '),
 ('83', 'title', '0', 'en', ' apple icon 180x180 '),
 ('84', 'filename', '0', 'en', ' apple icon 60x60 png '),
 ('84', 'extension', '0', 'en', ' png '),
 ('84', 'kind', '0', 'en', ' image '),
 ('84', 'slug', '0', 'en', ' apple icon 60x60 '),
 ('84', 'title', '0', 'en', ' apple icon 60x60 '),
 ('86', 'filename', '0', 'en', ' apple icon 76x76 png '),
 ('86', 'extension', '0', 'en', ' png '),
 ('86', 'kind', '0', 'en', ' image '),
 ('86', 'slug', '0', 'en', ' apple icon 76x76 '),
 ('86', 'title', '0', 'en', ' apple icon 76x76 '),
 ('85', 'filename', '0', 'en', ' apple icon 72x72 png '),
 ('85', 'extension', '0', 'en', ' png '),
 ('85', 'kind', '0', 'en', ' image '),
 ('85', 'slug', '0', 'en', ' apple icon 72x72 '),
 ('85', 'title', '0', 'en', ' apple icon 72x72 '),
 ('87', 'filename', '0', 'en', ' apple icon precomposed png '),
 ('87', 'extension', '0', 'en', ' png '),
 ('87', 'kind', '0', 'en', ' image '),
 ('87', 'slug', '0', 'en', ' apple icon precomposed '),
 ('87', 'title', '0', 'en', ' apple icon precomposed '),
 ('88', 'filename', '0', 'en', ' apple icon png '),
 ('88', 'extension', '0', 'en', ' png '),
 ('88', 'kind', '0', 'en', ' image '),
 ('88', 'slug', '0', 'en', ' apple icon '),
 ('88', 'title', '0', 'en', ' apple icon '),
 ('89', 'filename', '0', 'en', ' favicon 16x16 png '),
 ('89', 'extension', '0', 'en', ' png '),
 ('89', 'kind', '0', 'en', ' image '),
 ('89', 'slug', '0', 'en', ' favicon 16x16 '),
 ('89', 'title', '0', 'en', ' favicon 16x16 '),
 ('90', 'filename', '0', 'en', ' favicon 32x32 png '),
 ('90', 'extension', '0', 'en', ' png '),
 ('90', 'kind', '0', 'en', ' image '),
 ('90', 'slug', '0', 'en', ' favicon 32x32 '),
 ('90', 'title', '0', 'en', ' favicon 32x32 '),
 ('91', 'filename', '0', 'en', ' favicon 96x96 png '),
 ('91', 'extension', '0', 'en', ' png '),
 ('91', 'kind', '0', 'en', ' image '),
 ('91', 'slug', '0', 'en', ' favicon 96x96 '),
 ('91', 'title', '0', 'en', ' favicon 96x96 '),
 ('92', 'filename', '0', 'en', ' ms icon 144x144 png '),
 ('92', 'extension', '0', 'en', ' png '),
 ('92', 'kind', '0', 'en', ' image '),
 ('92', 'slug', '0', 'en', ' ms icon 144x144 '),
 ('92', 'title', '0', 'en', ' ms icon 144x144 '),
 ('93', 'filename', '0', 'en', ' ms icon 150x150 png '),
 ('93', 'extension', '0', 'en', ' png '),
 ('93', 'kind', '0', 'en', ' image '),
 ('93', 'slug', '0', 'en', ' ms icon 150x150 '),
 ('93', 'title', '0', 'en', ' ms icon 150x150 '),
 ('94', 'filename', '0', 'en', ' ms icon 310x310 png '),
 ('94', 'extension', '0', 'en', ' png '),
 ('94', 'kind', '0', 'en', ' image '),
 ('94', 'slug', '0', 'en', ' ms icon 310x310 '),
 ('94', 'title', '0', 'en', ' ms icon 310x310 '),
 ('95', 'filename', '0', 'en', ' ms icon 70x70 png '),
 ('95', 'extension', '0', 'en', ' png '),
 ('95', 'kind', '0', 'en', ' image '),
 ('95', 'slug', '0', 'en', ' ms icon 70x70 '),
 ('95', 'title', '0', 'en', ' ms icon 70x70 '),
 ('96', 'filename', '0', 'en', ' logo png '),
 ('96', 'extension', '0', 'en', ' png '),
 ('96', 'kind', '0', 'en', ' image '),
 ('96', 'slug', '0', 'en', ' logo '),
 ('96', 'title', '0', 'en', ' logo '),
 ('97', 'filename', '0', 'en', ' logo_invert png '),
 ('97', 'extension', '0', 'en', ' png '),
 ('97', 'kind', '0', 'en', ' image '),
 ('97', 'slug', '0', 'en', ' logo invert '),
 ('97', 'title', '0', 'en', ' logo invert '),
 ('98', 'filename', '0', 'en', ' me png '),
 ('98', 'extension', '0', 'en', ' png '),
 ('98', 'kind', '0', 'en', ' image '),
 ('98', 'slug', '0', 'en', ' me '),
 ('98', 'title', '0', 'en', ' me ');
INSERT INTO `craft_searchindex` (`elementId`, `attribute`, `fieldId`, `locale`, `keywords`) VALUES
 ('99', 'filename', '0', 'en', ' nav_close png '),
 ('99', 'extension', '0', 'en', ' png '),
 ('99', 'kind', '0', 'en', ' image '),
 ('99', 'slug', '0', 'en', ' nav close '),
 ('99', 'title', '0', 'en', ' nav close '),
 ('100', 'filename', '0', 'en', ' nav png '),
 ('100', 'extension', '0', 'en', ' png '),
 ('100', 'kind', '0', 'en', ' image '),
 ('100', 'slug', '0', 'en', ' nav '),
 ('100', 'title', '0', 'en', ' nav '),
 ('101', 'filename', '0', 'en', ' nav_invert png '),
 ('101', 'extension', '0', 'en', ' png '),
 ('101', 'kind', '0', 'en', ' image '),
 ('101', 'slug', '0', 'en', ' nav invert '),
 ('101', 'title', '0', 'en', ' nav invert '),
 ('102', 'filename', '0', 'en', ' nav_close_invert png '),
 ('102', 'extension', '0', 'en', ' png '),
 ('102', 'kind', '0', 'en', ' image '),
 ('102', 'slug', '0', 'en', ' nav close invert '),
 ('102', 'title', '0', 'en', ' nav close invert '),
 ('103', 'filename', '0', 'en', ' pin png '),
 ('103', 'extension', '0', 'en', ' png '),
 ('103', 'kind', '0', 'en', ' image '),
 ('103', 'slug', '0', 'en', ' pin '),
 ('103', 'title', '0', 'en', ' pin '),
 ('105', 'filename', '0', 'en', ' project2 png '),
 ('105', 'extension', '0', 'en', ' png '),
 ('105', 'kind', '0', 'en', ' image '),
 ('105', 'slug', '0', 'en', ' project2 '),
 ('105', 'title', '0', 'en', ' project2 '),
 ('106', 'filename', '0', 'en', ' project3 png '),
 ('106', 'extension', '0', 'en', ' png '),
 ('106', 'kind', '0', 'en', ' image '),
 ('106', 'slug', '0', 'en', ' project3 '),
 ('106', 'title', '0', 'en', ' project3 '),
 ('107', 'filename', '0', 'en', ' project4 png '),
 ('107', 'extension', '0', 'en', ' png '),
 ('107', 'kind', '0', 'en', ' image '),
 ('107', 'slug', '0', 'en', ' project4 '),
 ('107', 'title', '0', 'en', ' project4 '),
 ('108', 'filename', '0', 'en', ' project5 png '),
 ('108', 'extension', '0', 'en', ' png '),
 ('108', 'kind', '0', 'en', ' image '),
 ('108', 'slug', '0', 'en', ' project5 '),
 ('108', 'title', '0', 'en', ' project5 '),
 ('109', 'filename', '0', 'en', ' project6 png '),
 ('109', 'extension', '0', 'en', ' png '),
 ('109', 'kind', '0', 'en', ' image '),
 ('109', 'slug', '0', 'en', ' project6 '),
 ('109', 'title', '0', 'en', ' project6 '),
 ('157', 'filename', '0', 'en', ' cadenza_big png '),
 ('157', 'extension', '0', 'en', ' png '),
 ('157', 'kind', '0', 'en', ' image '),
 ('157', 'slug', '0', 'en', ' cadenza big '),
 ('157', 'title', '0', 'en', ' cadenza big '),
 ('158', 'filename', '0', 'en', ' cad_1 jpeg '),
 ('158', 'extension', '0', 'en', ' jpeg '),
 ('158', 'kind', '0', 'en', ' image '),
 ('158', 'slug', '0', 'en', ' cad 1 '),
 ('158', 'title', '0', 'en', ' cad 1 '),
 ('159', 'filename', '0', 'en', ' cad_2 jpeg '),
 ('159', 'extension', '0', 'en', ' jpeg '),
 ('159', 'kind', '0', 'en', ' image '),
 ('159', 'slug', '0', 'en', ' cad 2 '),
 ('159', 'title', '0', 'en', ' cad 2 '),
 ('160', 'filename', '0', 'en', ' cad_3 jpeg '),
 ('160', 'extension', '0', 'en', ' jpeg '),
 ('160', 'kind', '0', 'en', ' image '),
 ('160', 'slug', '0', 'en', ' cad 3 '),
 ('160', 'title', '0', 'en', ' cad 3 '),
 ('166', 'filename', '0', 'en', ' project1 png '),
 ('166', 'extension', '0', 'en', ' png '),
 ('166', 'kind', '0', 'en', ' image '),
 ('166', 'slug', '0', 'en', ' project1 '),
 ('166', 'title', '0', 'en', ' project1 '),
 ('167', 'filename', '0', 'en', ' cadenza_big png '),
 ('167', 'extension', '0', 'en', ' png '),
 ('167', 'kind', '0', 'en', ' image '),
 ('167', 'slug', '0', 'en', ' cadenza big '),
 ('167', 'title', '0', 'en', ' cadenza big '),
 ('168', 'filename', '0', 'en', ' cad_1 jpeg '),
 ('168', 'extension', '0', 'en', ' jpeg '),
 ('168', 'kind', '0', 'en', ' image '),
 ('168', 'slug', '0', 'en', ' cad 1 '),
 ('168', 'title', '0', 'en', ' cad 1 '),
 ('169', 'filename', '0', 'en', ' cad_2 jpeg '),
 ('169', 'extension', '0', 'en', ' jpeg '),
 ('169', 'kind', '0', 'en', ' image '),
 ('169', 'slug', '0', 'en', ' cad 2 '),
 ('169', 'title', '0', 'en', ' cad 2 '),
 ('170', 'filename', '0', 'en', ' cad_3 jpeg '),
 ('170', 'extension', '0', 'en', ' jpeg '),
 ('170', 'kind', '0', 'en', ' image '),
 ('170', 'slug', '0', 'en', ' cad 3 '),
 ('170', 'title', '0', 'en', ' cad 3 '),
 ('10', 'slug', '0', 'en', ' ui design '),
 ('10', 'title', '0', 'en', ' ui design '),
 ('11', 'slug', '0', 'en', ' ux design '),
 ('11', 'title', '0', 'en', ' ux design '),
 ('12', 'slug', '0', 'en', ' sketch design ');
INSERT INTO `craft_searchindex` (`elementId`, `attribute`, `fieldId`, `locale`, `keywords`) VALUES
 ('12', 'title', '0', 'en', ' sketch design '),
 ('13', 'slug', '0', 'en', ' invision prototyping '),
 ('13', 'title', '0', 'en', ' invision prototyping '),
 ('14', 'slug', '0', 'en', ' ui ux design '),
 ('14', 'title', '0', 'en', ' ui ux design '),
 ('15', 'slug', '0', 'en', ' branding '),
 ('15', 'title', '0', 'en', ' branding '),
 ('16', 'slug', '0', 'en', ' illustration '),
 ('16', 'title', '0', 'en', ' illustration '),
 ('34', 'slug', '0', 'en', ' randd '),
 ('34', 'title', '0', 'en', ' research and development '),
 ('36', 'slug', '0', 'en', ' indesign '),
 ('36', 'title', '0', 'en', ' indesign documentation '),
 ('43', 'slug', '0', 'en', ' rwd '),
 ('43', 'title', '0', 'en', ' responsive web design '),
 ('44', 'slug', '0', 'en', ' sql '),
 ('44', 'title', '0', 'en', ' sql databases '),
 ('50', 'slug', '0', 'en', ' muse '),
 ('50', 'title', '0', 'en', ' adobe muse '),
 ('58', 'slug', '0', 'en', ' photo '),
 ('58', 'title', '0', 'en', ' photography '),
 ('59', 'slug', '0', 'en', ' studio '),
 ('59', 'title', '0', 'en', ' studio work '),
 ('60', 'slug', '0', 'en', ' comp '),
 ('60', 'title', '0', 'en', ' composition '),
 ('2', 'slug', '0', 'en', ' homepage '),
 ('2', 'title', '0', 'en', ' portfolio mg '),
 ('2', 'field', '3', 'en', ' i m a digital product designer student at brunel university i make beautiful things that work '),
 ('2', 'field', '34', 'en', ' cadenza '),
 ('2', 'field', '40', 'en', ' app design '),
 ('2', 'field', '47', 'en', ' df006a '),
 ('2', 'field', '46', 'en', ' project1 '),
 ('2', 'field', '35', 'en', ' ambio '),
 ('2', 'field', '41', 'en', ' product development '),
 ('2', 'field', '53', 'en', ' 00c3f2 '),
 ('2', 'field', '48', 'en', ' project2 '),
 ('2', 'field', '36', 'en', ' cosmos '),
 ('2', 'field', '42', 'en', ' branding '),
 ('2', 'field', '54', 'en', ' d5d5d5 '),
 ('2', 'field', '49', 'en', ' project3 '),
 ('2', 'field', '37', 'en', ' badnoise '),
 ('2', 'field', '43', 'en', ' web app build '),
 ('2', 'field', '55', 'en', ' 76fbf6 '),
 ('2', 'field', '50', 'en', ' project4 '),
 ('2', 'field', '38', 'en', ' photography '),
 ('2', 'field', '44', 'en', ' my portfolio '),
 ('2', 'field', '56', 'en', ' 000000 '),
 ('2', 'field', '51', 'en', ' project6 '),
 ('2', 'field', '39', 'en', ' apply ignorance '),
 ('2', 'field', '45', 'en', ' website build '),
 ('2', 'field', '57', 'en', ' 00b3ff '),
 ('2', 'field', '52', 'en', ' project5 '),
 ('4', 'slug', '0', 'en', ' about '),
 ('4', 'title', '0', 'en', ' about '),
 ('4', 'field', '4', 'en', ' about me '),
 ('4', 'field', '5', 'en', ' i ve done many things some of them uninteresting most of them legendary '),
 ('4', 'field', '14', 'en', ' current employer '),
 ('4', 'field', '15', 'en', ' inktrap '),
 ('4', 'field', '16', 'en', ' education '),
 ('4', 'field', '17', 'en', ' 2nd year digital design bsc brunel university '),
 ('4', 'field', '19', 'en', ' skills '),
 ('4', 'field', '18', 'en', ' sketch invision ui ux adobe suite html css jquery php sql web design photography '),
 ('4', 'field', '13', 'en', ' this was completed as an assignment for my design for mobile module at university the brief was very open create an app for a smartphone i have an iphone so i decided to design for what i knew and what i could test myself the idea of the app is now something i am pursuing in the real world i am starting to learn to code in swift and have acquired the social media accounts i intend to develop the app and market it myself over the coming year what you see here was created and exported entirely from sketch then entered into invision to create the working prototype at the bottom of the page put simply the app helps musicians to acquire business and people who need talented artists to find them the app allows people to post jobs and post pay details or expenses they also include the skills they require and what level they need them to be the musician has a profile which includes all of this information '),
 ('5', 'slug', '0', 'en', ' contact '),
 ('5', 'title', '0', 'en', ' contact '),
 ('5', 'field', '4', 'en', ' like what you see maybe we should talk '),
 ('5', 'field', '5', 'en', ' i am currently working as a digital product designer for a fabulous little agency called inktrap so am not accepting new freelance clients however if you have something cool to talk about i m always interested '),
 ('5', 'field', '22', 'en', ' aldgate tower whitechapel high street london e1 7pu '),
 ('5', 'field', '21', 'en', ' me matt gibbs com '),
 ('5', 'field', '23', 'en', ' lat 51 5148623 lng 0 07222109999997883 '),
 ('5', 'field', '20', 'en', ' 07778811215 '),
 ('5', 'field', '24', 'en', ''),
 ('9', 'slug', '0', 'en', ' cadenza '),
 ('9', 'title', '0', 'en', ' cadenza '),
 ('9', 'field', '4', 'en', ' cadenza '),
 ('9', 'field', '5', 'en', ' an application and invision protoype connecting musicians to their next gigs '),
 ('9', 'field', '26', 'en', ' df006a '),
 ('9', 'field', '27', 'en', ' project1 '),
 ('9', 'field', '25', 'en', ' sketch design invision prototyping ui ux design '),
 ('9', 'field', '30', 'en', ' cadenza big '),
 ('9', 'field', '28', 'en', ' an application and invision protoype connecting musicians to their next gigs '),
 ('9', 'field', '29', 'en', ' a job listing application for musicians to find work and employers to find temporary or long term musical partners '),
 ('9', 'field', '14', 'en', ' module '),
 ('9', 'field', '15', 'en', ' mobile application design '),
 ('9', 'field', '16', 'en', ' grade received '),
 ('9', 'field', '17', 'en', ' a '),
 ('9', 'field', '19', 'en', ' skills required '),
 ('9', 'field', '18', 'en', ' sketch invision ui ux '),
 ('9', 'field', '13', 'en', ' this was completed as an assignment for my design for mobile module at university the brief was very open create an app for a smartphone i have an iphone so i decided to design for what i knew and what i could test myself the idea of the app is now something i am pursuing in the real world i am starting to learn to code in swift and have acquired the social media accounts i intend to develop the app and market it myself over the coming year what you see here was created and exported entirely from sketch then entered into invision to create the working prototype at the bottom of the page put simply the app helps musicians to acquire business and people who need talented artists to find them the app allows people to post jobs and post pay details or expenses they also include the skills they require and what level they need them to be the musician has a profile which includes all of this information to play with the prototype of the app go here '),
 ('9', 'field', '31', 'en', ' cad 3 '),
 ('9', 'field', '32', 'en', ' cad 2 '),
 ('9', 'field', '33', 'en', ' cad 1 '),
 ('30', 'slug', '0', 'en', ' ambio '),
 ('30', 'title', '0', 'en', ' ambio '),
 ('30', 'field', '4', 'en', ' ambio '),
 ('30', 'field', '5', 'en', ' exploiting a emerging digital technology to create a new digital product '),
 ('30', 'field', '26', 'en', ' 00c3f2 '),
 ('30', 'field', '27', 'en', ' project2 '),
 ('30', 'field', '25', 'en', ' sketch design branding research and development '),
 ('30', 'field', '30', 'en', ' ambio 1x ');
INSERT INTO `craft_searchindex` (`elementId`, `attribute`, `fieldId`, `locale`, `keywords`) VALUES
 ('30', 'field', '28', 'en', ' exploiting a emerging digital technology to create a new digital product '),
 ('30', 'field', '29', 'en', ' selecting ambient intelligence as my emerging technology i had to research the technology then create a new digital product design brand and justify it in theory '),
 ('30', 'field', '14', 'en', ' module '),
 ('30', 'field', '15', 'en', ' ee2614 experimental digital futures '),
 ('30', 'field', '16', 'en', ' grade '),
 ('30', 'field', '17', 'en', ' a '),
 ('30', 'field', '19', 'en', ' skills required '),
 ('30', 'field', '18', 'en', ' detailed research and citation sketch ui ux branding '),
 ('30', 'field', '13', 'en', ' ambient intelligence sometimes referred to as ubiquitous computing is a technology which does not currently exist anywhere it a perfect form  it is not therefore a single piece of hardware or software it does not come in a box marked ambient intelligence with instructions to simply plug in and connect to wifi it is more esoteric than that it pertains to an integration between users and technology ambio is a product which couples an implantable chip consisting of a uniquely identifiable rfid tag and small transmitting biosensors which monitor vital signs of a user this chip is coupled with the ambio app which uses this data to make the user s smarthome environment ambiently intelligent   the app communicates with the user s house car and other appliances including their online accounts proactively reducing the need for a user constantly interact with technology the implantable rfid tag can also be used for storing vital medical information unlocking a house and car and tracking and identifying a user within their smarthome   '),
 ('30', 'field', '31', 'en', ' smartmockups copy '),
 ('30', 'field', '32', 'en', ' implant xray '),
 ('30', 'field', '33', 'en', ' smartmockups copy 3 '),
 ('38', 'slug', '0', 'en', ' cosmos '),
 ('38', 'title', '0', 'en', ' cosmos '),
 ('38', 'field', '4', 'en', ' cosmos '),
 ('38', 'field', '5', 'en', ' branding exercise for a new premium fuel retailer set as a challenge by the agency else '),
 ('38', 'field', '26', 'en', ' d4d4d4 '),
 ('38', 'field', '27', 'en', ' project3 '),
 ('38', 'field', '25', 'en', ' invision prototyping branding indesign documentation '),
 ('38', 'field', '30', 'en', ' cosmos 1x '),
 ('38', 'field', '28', 'en', ' branding exercise for a new premium fuel retailer set as a challenge by the agency else '),
 ('38', 'field', '29', 'en', ' as part of my second year design practice module else set an industry brief to design and brand a new premium fuel retailer '),
 ('38', 'field', '14', 'en', ' module '),
 ('38', 'field', '15', 'en', ' design practice '),
 ('38', 'field', '16', 'en', ' grade received '),
 ('38', 'field', '17', 'en', ' b '),
 ('38', 'field', '19', 'en', ' skills required '),
 ('38', 'field', '18', 'en', ' branding sketch design indesign documentation presentation '),
 ('38', 'field', '13', 'en', ' cosmos brand mission is to provide quality fuel with personality whether the fuel is electricity hydrogen or good old fashioned petrol you ll be part of the cosmos experience cosmos is bringing the future of fuel delivery both in what we provide and how we do it we stretch what is possible we value out of this world service above all else and people are what make us great we are the only fuel company to offer a personal fuel delivery service and to make you feel at home while we do it a cosmos experience bong low fuel you use handsfree to get siri to find you the nearest cosmos she does this using the app on your phone and sets the navigiation accordingly you pull onto the forecourt currently all of the manned pumps are taken with motorists in their car relaxing with a free coffee whilst their fuel is pumped you drive to the self service pump as you drive up the anpr cameras recognise your car welcome christopher is displayed   as you always fill up with petrol this option is preselected in the one pump system but you confirm the choice and start to fill up the meter ticks over onto 25 and you touch finish and pay 3 options are displayed card cash and cosmos pay you choose the latter and the payment process is confirmed the pump has communicated with your account with cosmos to get the payment and has credited you with the appropriate loyalty coupons next time you come you ll get a free coffee and 5p o per litre bonus   as you get into your car and drive away a push notification pops up on your phone thank you for refuelling with cosmos see you in the future   '),
 ('38', 'field', '31', 'en', ' station mockup '),
 ('38', 'field', '32', 'en', ' pump bg '),
 ('38', 'field', '33', 'en', ' cosmos identity '),
 ('47', 'slug', '0', 'en', ' badnoise '),
 ('47', 'title', '0', 'en', ' badnoise '),
 ('47', 'field', '4', 'en', ' badnoise '),
 ('47', 'field', '5', 'en', ' a music streaming web application based around an sql database '),
 ('47', 'field', '26', 'en', ' 76fbf6 '),
 ('47', 'field', '27', 'en', ' project4 '),
 ('47', 'field', '25', 'en', ' ui ux design responsive web design sql databases '),
 ('47', 'field', '30', 'en', ' badnoise 1x '),
 ('47', 'field', '28', 'en', ' a music streaming web application based around an sql database '),
 ('47', 'field', '29', 'en', ' badnoise is a music streaming platform developed for my mobile web application module at brunel '),
 ('47', 'field', '14', 'en', ' modules '),
 ('47', 'field', '15', 'en', ' mobile web application project  server side web development '),
 ('47', 'field', '16', 'en', ' grade received '),
 ('47', 'field', '17', 'en', ' tbc '),
 ('47', 'field', '19', 'en', ' skills required '),
 ('47', 'field', '18', 'en', ' ui ux mysql html css jquery json ajax php '),
 ('47', 'field', '13', 'en', ' the brief for this project was to create a music streaming service which had login logout features two tiers of users each of whom would have access to different features a file upload facility as well as the ability to add and remove artists and songs   the process i went through to create badnoise was relatively straightforward firstly i created designs in sketch which helped me visualise the layout of the application and all of its various features after this i created a responsive html and css site i tested this along with all the relevant jquery interactive features across all screen sizes i could using the browser viewport and other devices which had touchscreens finally came time to set up the sql database and create the interaction between the application and the database we were provided a database creation script which only had to run on localhost using php scripts initiated by jquery requests i returned json arrays which were received and echoed to the browser '),
 ('47', 'field', '31', 'en', ' badnoise1 '),
 ('47', 'field', '32', 'en', ' smartmockups 3 160627 115730 '),
 ('47', 'field', '33', 'en', ' smartmockups 2 '),
 ('55', 'slug', '0', 'en', ' apply ignorance '),
 ('55', 'title', '0', 'en', ' apply ignorance '),
 ('55', 'field', '4', 'en', ' apply ignorance '),
 ('55', 'field', '5', 'en', ' animated scrolling storytelling based around an esoteric link '),
 ('55', 'field', '26', 'en', ' 00b3ff '),
 ('55', 'field', '27', 'en', ' project5 '),
 ('55', 'field', '25', 'en', ' illustration research and development adobe muse '),
 ('55', 'field', '30', 'en', ' applyignorance 1x '),
 ('55', 'field', '28', 'en', ' animated scrolling storytelling based around an esoteric link '),
 ('55', 'field', '29', 'en', ' scrollable dynamic storytelling exploring the possibilities great creatives and visionaries would have had open to them had they been born in another time '),
 ('55', 'field', '14', 'en', ' module '),
 ('55', 'field', '15', 'en', ' people fusion '),
 ('55', 'field', '16', 'en', ' grade achieved '),
 ('55', 'field', '17', 'en', ' a '),
 ('55', 'field', '19', 'en', ' skills required '),
 ('55', 'field', '18', 'en', ' research illustration adobe muse '),
 ('55', 'field', '13', 'en', ' this project was rather odd essentially we were given two random famous people from history and asked to find a link between them from this link we would make an artefact this artefact could be anything we could reasonably create ourselves so long as it portrayed the link we had decided on   my two famous people were miles davis the jazz trumpeter and robert frank an american photographer initially i found it hard to find links between these two men they were both similar in minor aspects but also vastly different in nearly every other aspects eventually after a lot of research my links began to look suitably esoteric i decided on three to present as part of the module but had already envisioned the end goal and the end link titled subjectivity of creativity the main idea from this was that creativity is at its heart extremely dependent on its context and surroundings if einstein had been born into dark ages england for example he probably would have been burned at the stake for witchcraft with this in mind i decided to use adobe muse to create a set of scrollable webpages which would tell stories through moving elements the stories themselves would centre around 3 great progressives and creatives barack obama steve jobs and einstein you can view this project and explore for yourself here '),
 ('55', 'field', '31', 'en', ' peoplefusion1 '),
 ('55', 'field', '32', 'en', ' peoplefusion2 '),
 ('55', 'field', '33', 'en', ' peoplefusion3 '),
 ('66', 'slug', '0', 'en', ' photography '),
 ('66', 'title', '0', 'en', ' photography '),
 ('66', 'field', '4', 'en', ' photography '),
 ('66', 'field', '5', 'en', ' in my spare time i like to take photos here are some '),
 ('66', 'field', '26', 'en', ' 000000 '),
 ('66', 'field', '27', 'en', ' project6 '),
 ('66', 'field', '25', 'en', ' photography studio work composition '),
 ('66', 'field', '30', 'en', ' photography 1x '),
 ('66', 'field', '28', 'en', ' in my spare time i like to take photos here are some '),
 ('66', 'field', '29', 'en', ' photos are cool to look at so here are mine '),
 ('66', 'field', '14', 'en', ' personal camera '),
 ('66', 'field', '15', 'en', ' canon 5d mk iii '),
 ('66', 'field', '16', 'en', ' favourite lens '),
 ('66', 'field', '17', 'en', ' 24 105mm l zoom '),
 ('66', 'field', '19', 'en', ' favourite place '),
 ('66', 'field', '18', 'en', ' amsterdam '),
 ('66', 'field', '13', 'en', ' this will be short and sweet all of my photos are not hosted here because i am cheap and don t want to pay to host trillions of images each of which is huge   you will find all of my best photographs here at my flickr account i hope you like them also if you have any questions about any of them or would like to see more there is around 13 000 of them sitting in my lightroom at the moment let me know below are three good uns '),
 ('66', 'field', '31', 'en', ' 16447561813 5c80ebe903 k '),
 ('66', 'field', '32', 'en', ' 16860253427 11b1360e3e k '),
 ('66', 'field', '33', 'en', ' 16860303687 ae0d265e1d k '),
 ('1', 'username', '0', 'en', ' matt '),
 ('1', 'firstname', '0', 'en', ' matthew '),
 ('1', 'lastname', '0', 'en', ' gibbs '),
 ('1', 'fullname', '0', 'en', ' matthew gibbs '),
 ('1', 'email', '0', 'en', ' me matt gibbs com '),
 ('1', 'slug', '0', 'en', ''),
 ('171', 'filename', '0', 'en', ' ambio 1x png '),
 ('171', 'extension', '0', 'en', ' png ');
INSERT INTO `craft_searchindex` (`elementId`, `attribute`, `fieldId`, `locale`, `keywords`) VALUES
 ('171', 'kind', '0', 'en', ' image '),
 ('171', 'slug', '0', 'en', ''),
 ('171', 'title', '0', 'en', ' ambio 1x '),
 ('172', 'filename', '0', 'en', ' smartmockups copy jpeg '),
 ('172', 'extension', '0', 'en', ' jpeg '),
 ('172', 'kind', '0', 'en', ' image '),
 ('172', 'slug', '0', 'en', ''),
 ('172', 'title', '0', 'en', ' smartmockups copy '),
 ('173', 'filename', '0', 'en', ' smartmockups copy 3 jpeg '),
 ('173', 'extension', '0', 'en', ' jpeg '),
 ('173', 'kind', '0', 'en', ' image '),
 ('173', 'slug', '0', 'en', ''),
 ('173', 'title', '0', 'en', ' smartmockups copy 3 '),
 ('174', 'filename', '0', 'en', ' cosmos 1x png '),
 ('174', 'extension', '0', 'en', ' png '),
 ('174', 'kind', '0', 'en', ' image '),
 ('174', 'slug', '0', 'en', ''),
 ('174', 'title', '0', 'en', ' cosmos 1x '),
 ('175', 'filename', '0', 'en', ' cosmosidentity jpg '),
 ('175', 'extension', '0', 'en', ' jpg '),
 ('175', 'kind', '0', 'en', ' image '),
 ('175', 'slug', '0', 'en', ''),
 ('175', 'title', '0', 'en', ' cosmos identity '),
 ('176', 'filename', '0', 'en', ' stationmockup jpg '),
 ('176', 'extension', '0', 'en', ' jpg '),
 ('176', 'kind', '0', 'en', ' image '),
 ('176', 'slug', '0', 'en', ''),
 ('176', 'title', '0', 'en', ' station mockup '),
 ('177', 'filename', '0', 'en', ' pumpbg jpg '),
 ('177', 'extension', '0', 'en', ' jpg '),
 ('177', 'kind', '0', 'en', ' image '),
 ('177', 'slug', '0', 'en', ''),
 ('177', 'title', '0', 'en', ' pump bg '),
 ('190', 'filename', '0', 'en', ' badnoise 1x jpg '),
 ('190', 'extension', '0', 'en', ' jpg '),
 ('190', 'kind', '0', 'en', ' image '),
 ('181', 'filename', '0', 'en', ' badnoise1 jpg '),
 ('181', 'extension', '0', 'en', ' jpg '),
 ('181', 'kind', '0', 'en', ' image '),
 ('181', 'slug', '0', 'en', ''),
 ('181', 'title', '0', 'en', ' badnoise1 '),
 ('182', 'filename', '0', 'en', ' smartmockups 2 jpeg '),
 ('182', 'extension', '0', 'en', ' jpeg '),
 ('182', 'kind', '0', 'en', ' image '),
 ('182', 'slug', '0', 'en', ''),
 ('182', 'title', '0', 'en', ' smartmockups 2 '),
 ('183', 'filename', '0', 'en', ' smartmockups 3_160627_115730 jpeg '),
 ('183', 'extension', '0', 'en', ' jpeg '),
 ('183', 'kind', '0', 'en', ' image '),
 ('183', 'slug', '0', 'en', ''),
 ('183', 'title', '0', 'en', ' smartmockups 3 160627 115730 '),
 ('189', 'title', '0', 'en', ' applyignorance 1x '),
 ('189', 'kind', '0', 'en', ' image '),
 ('189', 'slug', '0', 'en', ''),
 ('189', 'extension', '0', 'en', ' jpg '),
 ('189', 'filename', '0', 'en', ' applyignorance 1x jpg '),
 ('186', 'filename', '0', 'en', ' peoplefusion1 png '),
 ('186', 'extension', '0', 'en', ' png '),
 ('186', 'kind', '0', 'en', ' image '),
 ('186', 'slug', '0', 'en', ''),
 ('186', 'title', '0', 'en', ' peoplefusion1 '),
 ('187', 'filename', '0', 'en', ' peoplefusion2 jpeg '),
 ('187', 'extension', '0', 'en', ' jpeg '),
 ('187', 'kind', '0', 'en', ' image '),
 ('187', 'slug', '0', 'en', ''),
 ('187', 'title', '0', 'en', ' peoplefusion2 '),
 ('188', 'filename', '0', 'en', ' peoplefusion3 jpeg '),
 ('188', 'extension', '0', 'en', ' jpeg '),
 ('188', 'kind', '0', 'en', ' image '),
 ('188', 'slug', '0', 'en', ''),
 ('188', 'title', '0', 'en', ' peoplefusion3 '),
 ('190', 'slug', '0', 'en', ''),
 ('190', 'title', '0', 'en', ' badnoise 1x '),
 ('191', 'filename', '0', 'en', ' 16447561813_5c80ebe903_k jpg '),
 ('191', 'extension', '0', 'en', ' jpg '),
 ('191', 'kind', '0', 'en', ' image '),
 ('191', 'slug', '0', 'en', ''),
 ('191', 'title', '0', 'en', ' 16447561813 5c80ebe903 k '),
 ('192', 'filename', '0', 'en', ' 16860253427_11b1360e3e_k jpg '),
 ('192', 'extension', '0', 'en', ' jpg '),
 ('192', 'kind', '0', 'en', ' image '),
 ('192', 'slug', '0', 'en', ''),
 ('192', 'title', '0', 'en', ' 16860253427 11b1360e3e k '),
 ('193', 'filename', '0', 'en', ' 16860303687_ae0d265e1d_k jpg '),
 ('193', 'extension', '0', 'en', ' jpg '),
 ('193', 'kind', '0', 'en', ' image '),
 ('193', 'slug', '0', 'en', ''),
 ('193', 'title', '0', 'en', ' 16860303687 ae0d265e1d k '),
 ('195', 'kind', '0', 'en', ' image '),
 ('195', 'slug', '0', 'en', ''),
 ('195', 'extension', '0', 'en', ' jpg '),
 ('195', 'filename', '0', 'en', ' photography 1x jpg '),
 ('195', 'title', '0', 'en', ' photography 1x ');



DROP TABLE IF EXISTS `craft_sections`;


--
-- Schema for table `craft_sections`
--
CREATE TABLE `craft_sections` (
  `id` int(11) NOT NULL AUTO_INCREMENT,
  `structureId` int(11) DEFAULT NULL,
  `name` varchar(255) COLLATE utf8_unicode_ci NOT NULL,
  `handle` varchar(255) COLLATE utf8_unicode_ci NOT NULL,
  `type` enum('single','channel','structure') COLLATE utf8_unicode_ci NOT NULL DEFAULT 'channel',
  `hasUrls` tinyint(1) unsigned NOT NULL DEFAULT '1',
  `template` varchar(500) COLLATE utf8_unicode_ci DEFAULT NULL,
  `enableVersioning` tinyint(1) unsigned NOT NULL DEFAULT '0',
  `dateCreated` datetime NOT NULL,
  `dateUpdated` datetime NOT NULL,
  `uid` char(36) COLLATE utf8_unicode_ci NOT NULL DEFAULT '0',
  PRIMARY KEY (`id`),
  UNIQUE KEY `craft_sections_name_unq_idx` (`name`),
  UNIQUE KEY `craft_sections_handle_unq_idx` (`handle`),
  KEY `craft_sections_structureId_fk` (`structureId`)
) ENGINE=InnoDB AUTO_INCREMENT=6 DEFAULT CHARSET=utf8 COLLATE=utf8_unicode_ci;

--
-- Data for table `craft_sections`
--

INSERT INTO `craft_sections` (`id`, `structureId`, `name`, `handle`, `type`, `hasUrls`, `template`, `enableVersioning`, `dateCreated`, `dateUpdated`, `uid`) VALUES
 ('1', NULL, 'Home', 'home', 'single', '1', 'index', '1', '2016-06-16 12:25:31', '2016-06-23 14:46:27', '40091f74-6697-4f14-b98e-c3fd752f6b2b'),
 ('3', NULL, 'About', 'about', 'single', '1', 'about', '1', '2016-06-16 16:36:07', '2016-06-23 15:40:49', '109fbaf8-4eb6-4c0b-8a68-521bfa3158fb'),
 ('4', NULL, 'Contact', 'contact', 'single', '1', 'contact', '1', '2016-06-16 16:36:26', '2016-06-23 16:50:26', '1f63b4dc-2658-4008-8e5b-9d38912bd438'),
 ('5', '1', 'work', 'work', 'structure', '1', 'work/_entry', '1', '2016-06-16 16:41:04', '2016-06-24 09:27:58', 'fc1e2a83-a72d-4fe0-b0a6-56708c7bc3fb');



DROP TABLE IF EXISTS `craft_sections_i18n`;


--
-- Schema for table `craft_sections_i18n`
--
CREATE TABLE `craft_sections_i18n` (
  `id` int(11) NOT NULL AUTO_INCREMENT,
  `sectionId` int(11) NOT NULL,
  `locale` char(12) COLLATE utf8_unicode_ci NOT NULL,
  `enabledByDefault` tinyint(1) unsigned NOT NULL DEFAULT '1',
  `urlFormat` text COLLATE utf8_unicode_ci,
  `nestedUrlFormat` text COLLATE utf8_unicode_ci,
  `dateCreated` datetime NOT NULL,
  `dateUpdated` datetime NOT NULL,
  `uid` char(36) COLLATE utf8_unicode_ci NOT NULL DEFAULT '0',
  PRIMARY KEY (`id`),
  UNIQUE KEY `craft_sections_i18n_sectionId_locale_unq_idx` (`sectionId`,`locale`),
  KEY `craft_sections_i18n_locale_fk` (`locale`)
) ENGINE=InnoDB AUTO_INCREMENT=6 DEFAULT CHARSET=utf8 COLLATE=utf8_unicode_ci;

--
-- Data for table `craft_sections_i18n`
--

INSERT INTO `craft_sections_i18n` (`id`, `sectionId`, `locale`, `enabledByDefault`, `urlFormat`, `nestedUrlFormat`, `dateCreated`, `dateUpdated`, `uid`) VALUES
 ('1', '1', 'en', '1', '__home__', NULL, '2016-06-16 12:25:31', '2016-06-16 16:40:09', '05401c66-900d-49c1-91de-ccecc9be84f7'),
 ('3', '3', 'en', '1', 'about', NULL, '2016-06-16 16:36:07', '2016-06-16 16:36:07', '73c267bc-4928-440e-8f5e-714739c844fb'),
 ('4', '4', 'en', '1', 'contact', NULL, '2016-06-16 16:36:26', '2016-06-16 16:36:26', 'a7a71b65-2611-49a3-8ea0-b0648d60409d'),
 ('5', '5', 'en', '0', 'work/{slug}', NULL, '2016-06-16 16:41:04', '2016-06-24 09:27:58', '60463700-4846-4057-86c6-3a1cf327cb11');



DROP TABLE IF EXISTS `craft_sessions`;


--
-- Schema for table `craft_sessions`
--
CREATE TABLE `craft_sessions` (
  `id` int(11) NOT NULL AUTO_INCREMENT,
  `userId` int(11) NOT NULL,
  `token` char(100) COLLATE utf8_unicode_ci NOT NULL,
  `dateCreated` datetime NOT NULL,
  `dateUpdated` datetime NOT NULL,
  `uid` char(36) COLLATE utf8_unicode_ci NOT NULL DEFAULT '0',
  PRIMARY KEY (`id`),
  KEY `craft_sessions_uid_idx` (`uid`),
  KEY `craft_sessions_token_idx` (`token`),
  KEY `craft_sessions_dateUpdated_idx` (`dateUpdated`),
  KEY `craft_sessions_userId_fk` (`userId`)
) ENGINE=InnoDB AUTO_INCREMENT=58 DEFAULT CHARSET=utf8 COLLATE=utf8_unicode_ci;

DROP TABLE IF EXISTS `craft_shunnedmessages`;


--
-- Schema for table `craft_shunnedmessages`
--
CREATE TABLE `craft_shunnedmessages` (
  `id` int(11) NOT NULL AUTO_INCREMENT,
  `userId` int(11) NOT NULL,
  `message` varchar(255) COLLATE utf8_unicode_ci NOT NULL,
  `expiryDate` datetime DEFAULT NULL,
  `dateCreated` datetime NOT NULL,
  `dateUpdated` datetime NOT NULL,
  `uid` char(36) COLLATE utf8_unicode_ci NOT NULL DEFAULT '0',
  PRIMARY KEY (`id`),
  UNIQUE KEY `craft_shunnedmessages_userId_message_unq_idx` (`userId`,`message`)
) ENGINE=InnoDB DEFAULT CHARSET=utf8 COLLATE=utf8_unicode_ci;

DROP TABLE IF EXISTS `craft_structureelements`;


--
-- Schema for table `craft_structureelements`
--
CREATE TABLE `craft_structureelements` (
  `id` int(11) NOT NULL AUTO_INCREMENT,
  `structureId` int(11) NOT NULL,
  `elementId` int(11) DEFAULT NULL,
  `root` int(11) unsigned DEFAULT NULL,
  `lft` int(11) unsigned NOT NULL,
  `rgt` int(11) unsigned NOT NULL,
  `level` smallint(6) unsigned NOT NULL,
  `dateCreated` datetime NOT NULL,
  `dateUpdated` datetime NOT NULL,
  `uid` char(36) COLLATE utf8_unicode_ci NOT NULL DEFAULT '0',
  PRIMARY KEY (`id`),
  UNIQUE KEY `craft_structureelements_structureId_elementId_unq_idx` (`structureId`,`elementId`),
  KEY `craft_structureelements_root_idx` (`root`),
  KEY `craft_structureelements_lft_idx` (`lft`),
  KEY `craft_structureelements_rgt_idx` (`rgt`),
  KEY `craft_structureelements_level_idx` (`level`),
  KEY `craft_structureelements_elementId_fk` (`elementId`)
) ENGINE=InnoDB AUTO_INCREMENT=24 DEFAULT CHARSET=utf8 COLLATE=utf8_unicode_ci;

--
-- Data for table `craft_structureelements`
--

INSERT INTO `craft_structureelements` (`id`, `structureId`, `elementId`, `root`, `lft`, `rgt`, `level`, `dateCreated`, `dateUpdated`, `uid`) VALUES
 ('1', '1', NULL, '1', '1', '14', '0', '2016-06-24 09:27:58', '2016-06-24 09:27:58', 'd3ef8159-859c-4fd6-98a4-fb09184f7cb1'),
 ('2', '1', '9', '1', '2', '3', '1', '2016-06-24 09:27:58', '2016-06-24 09:27:58', '4a5e497b-e51c-467a-bf87-37ba37305a8f'),
 ('3', '2', NULL, '3', '1', '32', '0', '2016-06-24 09:49:07', '2016-06-24 09:49:07', '1b76edd9-7476-4831-90f6-ef08c412f1ba'),
 ('4', '2', '10', '3', '2', '3', '1', '2016-06-24 09:49:07', '2016-06-24 09:49:07', 'cce40c74-81f8-4f3f-a3cd-8eead917f34a'),
 ('5', '2', '11', '3', '4', '5', '1', '2016-06-24 09:49:17', '2016-06-24 09:49:17', 'dcd69f23-50e6-4527-98b1-1675097b0924'),
 ('6', '2', '12', '3', '6', '7', '1', '2016-06-24 09:49:28', '2016-06-24 09:49:28', 'ffb42b10-773c-44b9-bb26-2625e79ec7f7'),
 ('7', '2', '13', '3', '8', '9', '1', '2016-06-24 09:49:40', '2016-06-24 09:49:40', '54da7b93-461c-44cc-bfa7-2c4bc586958a'),
 ('8', '2', '14', '3', '10', '11', '1', '2016-06-24 09:49:53', '2016-06-24 09:49:53', 'd7548688-0d3e-4073-9820-fa4a588522f9'),
 ('9', '2', '15', '3', '12', '13', '1', '2016-06-24 09:50:05', '2016-06-24 09:50:05', 'ada6b087-8e8a-4dc5-a585-5383fabe023c'),
 ('10', '2', '16', '3', '14', '15', '1', '2016-06-24 09:50:15', '2016-06-24 09:50:15', '8f61ef60-dc9e-480b-b9c2-cef499220349'),
 ('11', '1', '30', '1', '4', '5', '1', '2016-06-25 17:33:30', '2016-06-25 17:33:30', '1c7dd744-eeb9-4b35-a73d-f3f3cedbd16f'),
 ('12', '2', '34', '3', '16', '17', '1', '2016-06-26 12:15:25', '2016-06-26 12:15:25', '08ea8098-9f8e-4d32-aa21-619efcc26fd4'),
 ('13', '2', '36', '3', '18', '19', '1', '2016-06-26 12:30:41', '2016-06-26 12:30:41', '9ca9cd04-63fb-4bed-8f8e-c59be1d6a562'),
 ('14', '1', '38', '1', '6', '7', '1', '2016-06-26 12:34:51', '2016-06-26 12:34:51', 'b17f38de-fcad-427c-8c07-f7cb4149c215'),
 ('15', '2', '43', '3', '20', '21', '1', '2016-06-27 10:36:35', '2016-06-27 10:36:35', '120b0c37-057f-44db-ba6a-f391ceca3f25'),
 ('16', '2', '44', '3', '22', '23', '1', '2016-06-27 10:37:12', '2016-06-27 10:37:12', '1edaea9d-4105-4de6-a6ec-7cafefa3041b'),
 ('17', '1', '47', '1', '8', '9', '1', '2016-06-27 10:55:25', '2016-06-27 10:55:25', '02f114d6-3474-490c-ac76-bb1c3438fe7d'),
 ('18', '2', '50', '3', '24', '25', '1', '2016-06-27 11:14:31', '2016-06-27 11:14:31', 'efdc15a9-09e2-4512-b61b-b1e4aa8c8a9d'),
 ('19', '1', '55', '1', '10', '11', '1', '2016-06-27 11:25:16', '2016-06-27 11:25:16', '6bf17a6b-1d41-4fb6-9960-155cb00f9ecd'),
 ('20', '2', '58', '3', '26', '27', '1', '2016-06-27 12:08:14', '2016-06-27 12:08:14', '5fde7f5b-b7fc-4b16-9b60-132961c2d4a3'),
 ('21', '2', '59', '3', '28', '29', '1', '2016-06-27 12:08:25', '2016-06-27 12:08:25', '3ac52a1e-4e5a-4a62-954a-bffa8de4ed74'),
 ('22', '2', '60', '3', '30', '31', '1', '2016-06-27 12:08:41', '2016-06-27 12:08:41', 'e1128f06-8dfc-48b3-a90a-2f541b95c7e6'),
 ('23', '1', '66', '1', '12', '13', '1', '2016-06-27 12:17:13', '2016-06-27 12:17:13', '4bf572f8-dead-474e-be29-44a425281ae0');



DROP TABLE IF EXISTS `craft_structures`;


--
-- Schema for table `craft_structures`
--
CREATE TABLE `craft_structures` (
  `id` int(11) NOT NULL AUTO_INCREMENT,
  `maxLevels` smallint(6) unsigned DEFAULT NULL,
  `dateCreated` datetime NOT NULL,
  `dateUpdated` datetime NOT NULL,
  `uid` char(36) COLLATE utf8_unicode_ci NOT NULL DEFAULT '0',
  PRIMARY KEY (`id`)
) ENGINE=InnoDB AUTO_INCREMENT=3 DEFAULT CHARSET=utf8 COLLATE=utf8_unicode_ci;

--
-- Data for table `craft_structures`
--

INSERT INTO `craft_structures` (`id`, `maxLevels`, `dateCreated`, `dateUpdated`, `uid`) VALUES
 ('1', '1', '2016-06-24 09:27:58', '2016-06-24 09:27:58', 'd296ad0b-66b6-4543-bec5-197dd2d62365'),
 ('2', '1', '2016-06-24 09:48:49', '2016-06-24 09:48:49', '95d6823d-b1c9-42a2-865f-66e13caa7d9e');



DROP TABLE IF EXISTS `craft_systemsettings`;


--
-- Schema for table `craft_systemsettings`
--
CREATE TABLE `craft_systemsettings` (
  `id` int(11) NOT NULL AUTO_INCREMENT,
  `category` varchar(15) COLLATE utf8_unicode_ci NOT NULL,
  `settings` text COLLATE utf8_unicode_ci,
  `dateCreated` datetime NOT NULL,
  `dateUpdated` datetime NOT NULL,
  `uid` char(36) COLLATE utf8_unicode_ci NOT NULL DEFAULT '0',
  PRIMARY KEY (`id`),
  UNIQUE KEY `craft_systemsettings_category_unq_idx` (`category`)
) ENGINE=InnoDB AUTO_INCREMENT=2 DEFAULT CHARSET=utf8 COLLATE=utf8_unicode_ci;

--
-- Data for table `craft_systemsettings`
--

INSERT INTO `craft_systemsettings` (`id`, `category`, `settings`, `dateCreated`, `dateUpdated`, `uid`) VALUES
 ('1', 'email', '{\"protocol\":\"php\",\"emailAddress\":\"me@matt-gibbs.com\",\"senderName\":\"Matt Gibbs\"}', '2016-06-16 12:25:31', '2016-06-16 12:26:55', '2dce00c4-26a4-4bdb-85b3-ac0045cb51b4');



DROP TABLE IF EXISTS `craft_taggroups`;


--
-- Schema for table `craft_taggroups`
--
CREATE TABLE `craft_taggroups` (
  `id` int(11) NOT NULL AUTO_INCREMENT,
  `name` varchar(255) COLLATE utf8_unicode_ci NOT NULL,
  `handle` varchar(255) COLLATE utf8_unicode_ci NOT NULL,
  `fieldLayoutId` int(10) DEFAULT NULL,
  `dateCreated` datetime NOT NULL,
  `dateUpdated` datetime NOT NULL,
  `uid` char(36) COLLATE utf8_unicode_ci NOT NULL DEFAULT '0',
  PRIMARY KEY (`id`),
  UNIQUE KEY `craft_taggroups_name_unq_idx` (`name`),
  UNIQUE KEY `craft_taggroups_handle_unq_idx` (`handle`),
  KEY `craft_taggroups_fieldLayoutId_fk` (`fieldLayoutId`)
) ENGINE=InnoDB AUTO_INCREMENT=2 DEFAULT CHARSET=utf8 COLLATE=utf8_unicode_ci;

--
-- Data for table `craft_taggroups`
--

INSERT INTO `craft_taggroups` (`id`, `name`, `handle`, `fieldLayoutId`, `dateCreated`, `dateUpdated`, `uid`) VALUES
 ('1', 'Default', 'default', '1', '2016-06-16 12:25:31', '2016-06-16 12:25:31', '7269f939-e5bd-4f28-ad50-1fa228ffea65');



DROP TABLE IF EXISTS `craft_tags`;


--
-- Schema for table `craft_tags`
--
CREATE TABLE `craft_tags` (
  `id` int(11) NOT NULL,
  `groupId` int(11) NOT NULL,
  `dateCreated` datetime NOT NULL,
  `dateUpdated` datetime NOT NULL,
  `uid` char(36) COLLATE utf8_unicode_ci NOT NULL DEFAULT '0',
  PRIMARY KEY (`id`),
  KEY `craft_tags_groupId_fk` (`groupId`)
) ENGINE=InnoDB DEFAULT CHARSET=utf8 COLLATE=utf8_unicode_ci;

DROP TABLE IF EXISTS `craft_tasks`;


--
-- Schema for table `craft_tasks`
--
CREATE TABLE `craft_tasks` (
  `id` int(11) NOT NULL AUTO_INCREMENT,
  `root` int(11) unsigned DEFAULT NULL,
  `lft` int(11) unsigned NOT NULL,
  `rgt` int(11) unsigned NOT NULL,
  `level` smallint(6) unsigned NOT NULL,
  `currentStep` int(11) unsigned DEFAULT NULL,
  `totalSteps` int(11) unsigned DEFAULT NULL,
  `status` enum('pending','error','running') COLLATE utf8_unicode_ci DEFAULT NULL,
  `type` varchar(150) COLLATE utf8_unicode_ci NOT NULL,
  `description` varchar(255) COLLATE utf8_unicode_ci DEFAULT NULL,
  `settings` mediumtext COLLATE utf8_unicode_ci,
  `dateCreated` datetime NOT NULL,
  `dateUpdated` datetime NOT NULL,
  `uid` char(36) COLLATE utf8_unicode_ci NOT NULL DEFAULT '0',
  PRIMARY KEY (`id`),
  KEY `craft_tasks_root_idx` (`root`),
  KEY `craft_tasks_lft_idx` (`lft`),
  KEY `craft_tasks_rgt_idx` (`rgt`),
  KEY `craft_tasks_level_idx` (`level`)
) ENGINE=InnoDB AUTO_INCREMENT=165 DEFAULT CHARSET=utf8 COLLATE=utf8_unicode_ci;

DROP TABLE IF EXISTS `craft_templatecachecriteria`;


--
-- Schema for table `craft_templatecachecriteria`
--
CREATE TABLE `craft_templatecachecriteria` (
  `id` int(11) NOT NULL AUTO_INCREMENT,
  `cacheId` int(11) NOT NULL,
  `type` varchar(150) COLLATE utf8_unicode_ci NOT NULL,
  `criteria` text COLLATE utf8_unicode_ci NOT NULL,
  PRIMARY KEY (`id`),
  KEY `craft_templatecachecriteria_cacheId_fk` (`cacheId`),
  KEY `craft_templatecachecriteria_type_idx` (`type`)
) ENGINE=InnoDB AUTO_INCREMENT=558 DEFAULT CHARSET=utf8 COLLATE=utf8_unicode_ci;

DROP TABLE IF EXISTS `craft_templatecacheelements`;


--
-- Schema for table `craft_templatecacheelements`
--
CREATE TABLE `craft_templatecacheelements` (
  `cacheId` int(11) NOT NULL,
  `elementId` int(11) NOT NULL,
  KEY `craft_templatecacheelements_cacheId_fk` (`cacheId`),
  KEY `craft_templatecacheelements_elementId_fk` (`elementId`)
) ENGINE=InnoDB DEFAULT CHARSET=utf8 COLLATE=utf8_unicode_ci;

DROP TABLE IF EXISTS `craft_templatecaches`;


--
-- Schema for table `craft_templatecaches`
--
CREATE TABLE `craft_templatecaches` (
  `id` int(11) NOT NULL AUTO_INCREMENT,
  `cacheKey` varchar(255) COLLATE utf8_unicode_ci NOT NULL,
  `locale` char(12) COLLATE utf8_unicode_ci NOT NULL,
  `path` varchar(255) COLLATE utf8_unicode_ci DEFAULT NULL,
  `expiryDate` datetime NOT NULL,
  `body` mediumtext COLLATE utf8_unicode_ci NOT NULL,
  PRIMARY KEY (`id`),
  KEY `craft_templatecaches_expiryDate_cacheKey_locale_path_idx` (`expiryDate`,`cacheKey`,`locale`,`path`),
  KEY `craft_templatecaches_locale_fk` (`locale`)
) ENGINE=InnoDB AUTO_INCREMENT=100 DEFAULT CHARSET=utf8 COLLATE=utf8_unicode_ci;

DROP TABLE IF EXISTS `craft_tokens`;


--
-- Schema for table `craft_tokens`
--
CREATE TABLE `craft_tokens` (
  `id` int(11) NOT NULL AUTO_INCREMENT,
  `token` char(32) COLLATE utf8_unicode_ci NOT NULL,
  `route` text COLLATE utf8_unicode_ci,
  `usageLimit` tinyint(3) unsigned DEFAULT NULL,
  `usageCount` tinyint(3) unsigned DEFAULT NULL,
  `expiryDate` datetime NOT NULL,
  `dateCreated` datetime NOT NULL,
  `dateUpdated` datetime NOT NULL,
  `uid` char(36) COLLATE utf8_unicode_ci NOT NULL DEFAULT '0',
  PRIMARY KEY (`id`),
  UNIQUE KEY `craft_tokens_token_unq_idx` (`token`),
  KEY `craft_tokens_expiryDate_idx` (`expiryDate`)
) ENGINE=InnoDB DEFAULT CHARSET=utf8 COLLATE=utf8_unicode_ci;

DROP TABLE IF EXISTS `craft_usergroups`;


--
-- Schema for table `craft_usergroups`
--
CREATE TABLE `craft_usergroups` (
  `id` int(11) NOT NULL AUTO_INCREMENT,
  `name` varchar(255) COLLATE utf8_unicode_ci NOT NULL,
  `handle` varchar(255) COLLATE utf8_unicode_ci NOT NULL,
  `dateCreated` datetime NOT NULL,
  `dateUpdated` datetime NOT NULL,
  `uid` char(36) COLLATE utf8_unicode_ci NOT NULL DEFAULT '0',
  PRIMARY KEY (`id`)
) ENGINE=InnoDB DEFAULT CHARSET=utf8 COLLATE=utf8_unicode_ci;

DROP TABLE IF EXISTS `craft_usergroups_users`;


--
-- Schema for table `craft_usergroups_users`
--
CREATE TABLE `craft_usergroups_users` (
  `id` int(11) NOT NULL AUTO_INCREMENT,
  `groupId` int(11) NOT NULL,
  `userId` int(11) NOT NULL,
  `dateCreated` datetime NOT NULL,
  `dateUpdated` datetime NOT NULL,
  `uid` char(36) COLLATE utf8_unicode_ci NOT NULL DEFAULT '0',
  PRIMARY KEY (`id`),
  UNIQUE KEY `craft_usergroups_users_groupId_userId_unq_idx` (`groupId`,`userId`),
  KEY `craft_usergroups_users_userId_fk` (`userId`)
) ENGINE=InnoDB DEFAULT CHARSET=utf8 COLLATE=utf8_unicode_ci;

DROP TABLE IF EXISTS `craft_userpermissions`;


--
-- Schema for table `craft_userpermissions`
--
CREATE TABLE `craft_userpermissions` (
  `id` int(11) NOT NULL AUTO_INCREMENT,
  `name` varchar(255) COLLATE utf8_unicode_ci NOT NULL,
  `dateCreated` datetime NOT NULL,
  `dateUpdated` datetime NOT NULL,
  `uid` char(36) COLLATE utf8_unicode_ci NOT NULL DEFAULT '0',
  PRIMARY KEY (`id`),
  UNIQUE KEY `craft_userpermissions_name_unq_idx` (`name`)
) ENGINE=InnoDB DEFAULT CHARSET=utf8 COLLATE=utf8_unicode_ci;

DROP TABLE IF EXISTS `craft_userpermissions_usergroups`;


--
-- Schema for table `craft_userpermissions_usergroups`
--
CREATE TABLE `craft_userpermissions_usergroups` (
  `id` int(11) NOT NULL AUTO_INCREMENT,
  `permissionId` int(11) NOT NULL,
  `groupId` int(11) NOT NULL,
  `dateCreated` datetime NOT NULL,
  `dateUpdated` datetime NOT NULL,
  `uid` char(36) COLLATE utf8_unicode_ci NOT NULL DEFAULT '0',
  PRIMARY KEY (`id`),
  UNIQUE KEY `craft_userpermissions_usergroups_permissionId_groupId_unq_idx` (`permissionId`,`groupId`),
  KEY `craft_userpermissions_usergroups_groupId_fk` (`groupId`)
) ENGINE=InnoDB DEFAULT CHARSET=utf8 COLLATE=utf8_unicode_ci;

DROP TABLE IF EXISTS `craft_userpermissions_users`;


--
-- Schema for table `craft_userpermissions_users`
--
CREATE TABLE `craft_userpermissions_users` (
  `id` int(11) NOT NULL AUTO_INCREMENT,
  `permissionId` int(11) NOT NULL,
  `userId` int(11) NOT NULL,
  `dateCreated` datetime NOT NULL,
  `dateUpdated` datetime NOT NULL,
  `uid` char(36) COLLATE utf8_unicode_ci NOT NULL DEFAULT '0',
  PRIMARY KEY (`id`),
  UNIQUE KEY `craft_userpermissions_users_permissionId_userId_unq_idx` (`permissionId`,`userId`),
  KEY `craft_userpermissions_users_userId_fk` (`userId`)
) ENGINE=InnoDB DEFAULT CHARSET=utf8 COLLATE=utf8_unicode_ci;

DROP TABLE IF EXISTS `craft_users`;


--
-- Schema for table `craft_users`
--
CREATE TABLE `craft_users` (
  `id` int(11) NOT NULL,
  `username` varchar(100) COLLATE utf8_unicode_ci NOT NULL,
  `photo` varchar(100) COLLATE utf8_unicode_ci DEFAULT NULL,
  `firstName` varchar(100) COLLATE utf8_unicode_ci DEFAULT NULL,
  `lastName` varchar(100) COLLATE utf8_unicode_ci DEFAULT NULL,
  `email` varchar(255) COLLATE utf8_unicode_ci NOT NULL,
  `password` char(255) COLLATE utf8_unicode_ci DEFAULT NULL,
  `preferredLocale` char(12) COLLATE utf8_unicode_ci DEFAULT NULL,
  `weekStartDay` tinyint(1) unsigned NOT NULL DEFAULT '0',
  `admin` tinyint(1) unsigned NOT NULL DEFAULT '0',
  `client` tinyint(1) unsigned NOT NULL DEFAULT '0',
  `locked` tinyint(1) unsigned NOT NULL DEFAULT '0',
  `suspended` tinyint(1) unsigned NOT NULL DEFAULT '0',
  `pending` tinyint(1) unsigned NOT NULL DEFAULT '0',
  `archived` tinyint(1) unsigned NOT NULL DEFAULT '0',
  `lastLoginDate` datetime DEFAULT NULL,
  `lastLoginAttemptIPAddress` varchar(45) COLLATE utf8_unicode_ci DEFAULT NULL,
  `invalidLoginWindowStart` datetime DEFAULT NULL,
  `invalidLoginCount` tinyint(4) unsigned DEFAULT NULL,
  `lastInvalidLoginDate` datetime DEFAULT NULL,
  `lockoutDate` datetime DEFAULT NULL,
  `verificationCode` char(100) COLLATE utf8_unicode_ci DEFAULT NULL,
  `verificationCodeIssuedDate` datetime DEFAULT NULL,
  `unverifiedEmail` varchar(255) COLLATE utf8_unicode_ci DEFAULT NULL,
  `passwordResetRequired` tinyint(1) unsigned NOT NULL DEFAULT '0',
  `lastPasswordChangeDate` datetime DEFAULT NULL,
  `dateCreated` datetime NOT NULL,
  `dateUpdated` datetime NOT NULL,
  `uid` char(36) COLLATE utf8_unicode_ci NOT NULL DEFAULT '0',
  PRIMARY KEY (`id`),
  UNIQUE KEY `craft_users_username_unq_idx` (`username`),
  UNIQUE KEY `craft_users_email_unq_idx` (`email`),
  KEY `craft_users_verificationCode_idx` (`verificationCode`),
  KEY `craft_users_uid_idx` (`uid`),
  KEY `craft_users_preferredLocale_fk` (`preferredLocale`)
) ENGINE=InnoDB DEFAULT CHARSET=utf8 COLLATE=utf8_unicode_ci;

--
-- Data for table `craft_users`
--

INSERT INTO `craft_users` (`id`, `username`, `photo`, `firstName`, `lastName`, `email`, `password`, `preferredLocale`, `weekStartDay`, `admin`, `client`, `locked`, `suspended`, `pending`, `archived`, `lastLoginDate`, `lastLoginAttemptIPAddress`, `invalidLoginWindowStart`, `invalidLoginCount`, `lastInvalidLoginDate`, `lockoutDate`, `verificationCode`, `verificationCodeIssuedDate`, `unverifiedEmail`, `passwordResetRequired`, `lastPasswordChangeDate`, `dateCreated`, `dateUpdated`, `uid`) VALUES
 ('1', 'matt', 'Matt@2x.png', 'Matthew ', 'Gibbs', 'me@matt-gibbs.com', '$2y$13$4404tyk9OlsNQB1UmPY6gOtk.TrpzRRcIOxX72dGjQLjSMF9lLkHS', NULL, '0', '1', '0', '0', '0', '0', '0', '2016-06-30 16:32:29', '80.169.194.69', NULL, NULL, '2016-06-28 21:49:10', NULL, NULL, NULL, NULL, '0', '2016-06-16 12:25:29', '2016-06-16 12:25:29', '2016-06-30 16:32:29', 'd09c841d-a05f-49b1-8497-6fa70f1e9018');



DROP TABLE IF EXISTS `craft_widgets`;


--
-- Schema for table `craft_widgets`
--
CREATE TABLE `craft_widgets` (
  `id` int(11) NOT NULL AUTO_INCREMENT,
  `userId` int(11) NOT NULL,
  `type` varchar(150) COLLATE utf8_unicode_ci NOT NULL,
  `sortOrder` smallint(6) unsigned DEFAULT NULL,
  `colspan` tinyint(4) unsigned DEFAULT NULL,
  `settings` text COLLATE utf8_unicode_ci,
  `enabled` tinyint(1) unsigned NOT NULL DEFAULT '1',
  `dateCreated` datetime NOT NULL,
  `dateUpdated` datetime NOT NULL,
  `uid` char(36) COLLATE utf8_unicode_ci NOT NULL DEFAULT '0',
  PRIMARY KEY (`id`),
  KEY `craft_widgets_userId_fk` (`userId`)
) ENGINE=InnoDB AUTO_INCREMENT=5 DEFAULT CHARSET=utf8 COLLATE=utf8_unicode_ci;

--
-- Data for table `craft_widgets`
--

INSERT INTO `craft_widgets` (`id`, `userId`, `type`, `sortOrder`, `colspan`, `settings`, `enabled`, `dateCreated`, `dateUpdated`, `uid`) VALUES
 ('1', '1', 'RecentEntries', '1', NULL, NULL, '1', '2016-06-16 12:25:37', '2016-06-16 12:25:37', '17dd7e52-1c9d-4cce-82d6-1e98338c5390'),
 ('2', '1', 'GetHelp', '2', NULL, NULL, '1', '2016-06-16 12:25:37', '2016-06-16 12:25:37', 'f0ac34af-4012-46f8-9ef0-c6ecf02298aa'),
 ('3', '1', 'Updates', '3', NULL, NULL, '1', '2016-06-16 12:25:37', '2016-06-16 12:25:37', 'f4cb20a3-2dd0-413b-9735-2c3e5d156b54'),
 ('4', '1', 'Feed', '4', NULL, '{\"url\":\"https:\\/\\/craftcms.com\\/news.rss\",\"title\":\"Craft News\"}', '1', '2016-06-16 12:25:37', '2016-06-16 12:25:37', '0e0cd4af-18a2-4956-a828-207ca514cbc1');


--
-- Constraints for tables
--


--
-- Constraints for table `craft_assetfiles`
--
ALTER TABLE `craft_assetfiles`
	ADD CONSTRAINT `craft_assetfiles_folderId_fk` FOREIGN KEY (`folderId`) REFERENCES `craft_assetfolders` (`id`) ON DELETE CASCADE,
	ADD CONSTRAINT `craft_assetfiles_id_fk` FOREIGN KEY (`id`) REFERENCES `craft_elements` (`id`) ON DELETE CASCADE,
	ADD CONSTRAINT `craft_assetfiles_sourceId_fk` FOREIGN KEY (`sourceId`) REFERENCES `craft_assetsources` (`id`) ON DELETE CASCADE;

--
-- Constraints for table `craft_assetfolders`
--
ALTER TABLE `craft_assetfolders`
	ADD CONSTRAINT `craft_assetfolders_sourceId_fk` FOREIGN KEY (`sourceId`) REFERENCES `craft_assetsources` (`id`) ON DELETE CASCADE,
	ADD CONSTRAINT `craft_assetfolders_parentId_fk` FOREIGN KEY (`parentId`) REFERENCES `craft_assetfolders` (`id`) ON DELETE CASCADE;

--
-- Constraints for table `craft_assetindexdata`
--
ALTER TABLE `craft_assetindexdata`
	ADD CONSTRAINT `craft_assetindexdata_sourceId_fk` FOREIGN KEY (`sourceId`) REFERENCES `craft_assetsources` (`id`) ON DELETE CASCADE;

--
-- Constraints for table `craft_assetsources`
--
ALTER TABLE `craft_assetsources`
	ADD CONSTRAINT `craft_assetsources_fieldLayoutId_fk` FOREIGN KEY (`fieldLayoutId`) REFERENCES `craft_fieldlayouts` (`id`) ON DELETE SET NULL;

--
-- Constraints for table `craft_categories`
--
ALTER TABLE `craft_categories`
	ADD CONSTRAINT `craft_categories_groupId_fk` FOREIGN KEY (`groupId`) REFERENCES `craft_categorygroups` (`id`) ON DELETE CASCADE,
	ADD CONSTRAINT `craft_categories_id_fk` FOREIGN KEY (`id`) REFERENCES `craft_elements` (`id`) ON DELETE CASCADE;

--
-- Constraints for table `craft_categorygroups`
--
ALTER TABLE `craft_categorygroups`
	ADD CONSTRAINT `craft_categorygroups_fieldLayoutId_fk` FOREIGN KEY (`fieldLayoutId`) REFERENCES `craft_fieldlayouts` (`id`) ON DELETE SET NULL,
	ADD CONSTRAINT `craft_categorygroups_structureId_fk` FOREIGN KEY (`structureId`) REFERENCES `craft_structures` (`id`) ON DELETE CASCADE;

--
-- Constraints for table `craft_categorygroups_i18n`
--
ALTER TABLE `craft_categorygroups_i18n`
	ADD CONSTRAINT `craft_categorygroups_i18n_locale_fk` FOREIGN KEY (`locale`) REFERENCES `craft_locales` (`locale`) ON DELETE CASCADE ON UPDATE CASCADE,
	ADD CONSTRAINT `craft_categorygroups_i18n_groupId_fk` FOREIGN KEY (`groupId`) REFERENCES `craft_categorygroups` (`id`) ON DELETE CASCADE;

--
-- Constraints for table `craft_content`
--
ALTER TABLE `craft_content`
	ADD CONSTRAINT `craft_content_elementId_fk` FOREIGN KEY (`elementId`) REFERENCES `craft_elements` (`id`) ON DELETE CASCADE,
	ADD CONSTRAINT `craft_content_locale_fk` FOREIGN KEY (`locale`) REFERENCES `craft_locales` (`locale`) ON DELETE CASCADE ON UPDATE CASCADE;

--
-- Constraints for table `craft_elements_i18n`
--
ALTER TABLE `craft_elements_i18n`
	ADD CONSTRAINT `craft_elements_i18n_locale_fk` FOREIGN KEY (`locale`) REFERENCES `craft_locales` (`locale`) ON DELETE CASCADE ON UPDATE CASCADE,
	ADD CONSTRAINT `craft_elements_i18n_elementId_fk` FOREIGN KEY (`elementId`) REFERENCES `craft_elements` (`id`) ON DELETE CASCADE;

--
-- Constraints for table `craft_emailmessages`
--
ALTER TABLE `craft_emailmessages`
	ADD CONSTRAINT `craft_emailmessages_locale_fk` FOREIGN KEY (`locale`) REFERENCES `craft_locales` (`locale`) ON DELETE CASCADE ON UPDATE CASCADE;

--
-- Constraints for table `craft_entries`
--
ALTER TABLE `craft_entries`
	ADD CONSTRAINT `craft_entries_authorId_fk` FOREIGN KEY (`authorId`) REFERENCES `craft_users` (`id`) ON DELETE CASCADE,
	ADD CONSTRAINT `craft_entries_id_fk` FOREIGN KEY (`id`) REFERENCES `craft_elements` (`id`) ON DELETE CASCADE,
	ADD CONSTRAINT `craft_entries_sectionId_fk` FOREIGN KEY (`sectionId`) REFERENCES `craft_sections` (`id`) ON DELETE CASCADE,
	ADD CONSTRAINT `craft_entries_typeId_fk` FOREIGN KEY (`typeId`) REFERENCES `craft_entrytypes` (`id`) ON DELETE CASCADE;

--
-- Constraints for table `craft_entrydrafts`
--
ALTER TABLE `craft_entrydrafts`
	ADD CONSTRAINT `craft_entrydrafts_locale_fk` FOREIGN KEY (`locale`) REFERENCES `craft_locales` (`locale`) ON DELETE CASCADE ON UPDATE CASCADE,
	ADD CONSTRAINT `craft_entrydrafts_creatorId_fk` FOREIGN KEY (`creatorId`) REFERENCES `craft_users` (`id`) ON DELETE CASCADE,
	ADD CONSTRAINT `craft_entrydrafts_entryId_fk` FOREIGN KEY (`entryId`) REFERENCES `craft_entries` (`id`) ON DELETE CASCADE,
	ADD CONSTRAINT `craft_entrydrafts_sectionId_fk` FOREIGN KEY (`sectionId`) REFERENCES `craft_sections` (`id`) ON DELETE CASCADE;

--
-- Constraints for table `craft_entrytypes`
--
ALTER TABLE `craft_entrytypes`
	ADD CONSTRAINT `craft_entrytypes_fieldLayoutId_fk` FOREIGN KEY (`fieldLayoutId`) REFERENCES `craft_fieldlayouts` (`id`) ON DELETE SET NULL,
	ADD CONSTRAINT `craft_entrytypes_sectionId_fk` FOREIGN KEY (`sectionId`) REFERENCES `craft_sections` (`id`) ON DELETE CASCADE;

--
-- Constraints for table `craft_entryversions`
--
ALTER TABLE `craft_entryversions`
	ADD CONSTRAINT `craft_entryversions_locale_fk` FOREIGN KEY (`locale`) REFERENCES `craft_locales` (`locale`) ON DELETE CASCADE ON UPDATE CASCADE,
	ADD CONSTRAINT `craft_entryversions_creatorId_fk` FOREIGN KEY (`creatorId`) REFERENCES `craft_users` (`id`) ON DELETE SET NULL,
	ADD CONSTRAINT `craft_entryversions_entryId_fk` FOREIGN KEY (`entryId`) REFERENCES `craft_entries` (`id`) ON DELETE CASCADE,
	ADD CONSTRAINT `craft_entryversions_sectionId_fk` FOREIGN KEY (`sectionId`) REFERENCES `craft_sections` (`id`) ON DELETE CASCADE;

--
-- Constraints for table `craft_fieldlayoutfields`
--
ALTER TABLE `craft_fieldlayoutfields`
	ADD CONSTRAINT `craft_fieldlayoutfields_fieldId_fk` FOREIGN KEY (`fieldId`) REFERENCES `craft_fields` (`id`) ON DELETE CASCADE,
	ADD CONSTRAINT `craft_fieldlayoutfields_layoutId_fk` FOREIGN KEY (`layoutId`) REFERENCES `craft_fieldlayouts` (`id`) ON DELETE CASCADE,
	ADD CONSTRAINT `craft_fieldlayoutfields_tabId_fk` FOREIGN KEY (`tabId`) REFERENCES `craft_fieldlayouttabs` (`id`) ON DELETE CASCADE;

--
-- Constraints for table `craft_fieldlayouttabs`
--
ALTER TABLE `craft_fieldlayouttabs`
	ADD CONSTRAINT `craft_fieldlayouttabs_layoutId_fk` FOREIGN KEY (`layoutId`) REFERENCES `craft_fieldlayouts` (`id`) ON DELETE CASCADE;

--
-- Constraints for table `craft_fields`
--
ALTER TABLE `craft_fields`
	ADD CONSTRAINT `craft_fields_groupId_fk` FOREIGN KEY (`groupId`) REFERENCES `craft_fieldgroups` (`id`) ON DELETE CASCADE;

--
-- Constraints for table `craft_globalsets`
--
ALTER TABLE `craft_globalsets`
	ADD CONSTRAINT `craft_globalsets_fieldLayoutId_fk` FOREIGN KEY (`fieldLayoutId`) REFERENCES `craft_fieldlayouts` (`id`) ON DELETE SET NULL,
	ADD CONSTRAINT `craft_globalsets_id_fk` FOREIGN KEY (`id`) REFERENCES `craft_elements` (`id`) ON DELETE CASCADE;

--
-- Constraints for table `craft_matrixblocks`
--
ALTER TABLE `craft_matrixblocks`
	ADD CONSTRAINT `craft_matrixblocks_typeId_fk` FOREIGN KEY (`typeId`) REFERENCES `craft_matrixblocktypes` (`id`) ON DELETE CASCADE,
	ADD CONSTRAINT `craft_matrixblocks_fieldId_fk` FOREIGN KEY (`fieldId`) REFERENCES `craft_fields` (`id`) ON DELETE CASCADE,
	ADD CONSTRAINT `craft_matrixblocks_id_fk` FOREIGN KEY (`id`) REFERENCES `craft_elements` (`id`) ON DELETE CASCADE,
	ADD CONSTRAINT `craft_matrixblocks_ownerId_fk` FOREIGN KEY (`ownerId`) REFERENCES `craft_elements` (`id`) ON DELETE CASCADE,
	ADD CONSTRAINT `craft_matrixblocks_ownerLocale_fk` FOREIGN KEY (`ownerLocale`) REFERENCES `craft_locales` (`locale`) ON DELETE CASCADE ON UPDATE CASCADE;

--
-- Constraints for table `craft_matrixblocktypes`
--
ALTER TABLE `craft_matrixblocktypes`
	ADD CONSTRAINT `craft_matrixblocktypes_fieldLayoutId_fk` FOREIGN KEY (`fieldLayoutId`) REFERENCES `craft_fieldlayouts` (`id`) ON DELETE SET NULL,
	ADD CONSTRAINT `craft_matrixblocktypes_fieldId_fk` FOREIGN KEY (`fieldId`) REFERENCES `craft_fields` (`id`) ON DELETE CASCADE;

--
-- Constraints for table `craft_migrations`
--
ALTER TABLE `craft_migrations`
	ADD CONSTRAINT `craft_migrations_pluginId_fk` FOREIGN KEY (`pluginId`) REFERENCES `craft_plugins` (`id`) ON DELETE CASCADE;

--
-- Constraints for table `craft_relations`
--
ALTER TABLE `craft_relations`
	ADD CONSTRAINT `craft_relations_targetId_fk` FOREIGN KEY (`targetId`) REFERENCES `craft_elements` (`id`) ON DELETE CASCADE,
	ADD CONSTRAINT `craft_relations_fieldId_fk` FOREIGN KEY (`fieldId`) REFERENCES `craft_fields` (`id`) ON DELETE CASCADE,
	ADD CONSTRAINT `craft_relations_sourceId_fk` FOREIGN KEY (`sourceId`) REFERENCES `craft_elements` (`id`) ON DELETE CASCADE,
	ADD CONSTRAINT `craft_relations_sourceLocale_fk` FOREIGN KEY (`sourceLocale`) REFERENCES `craft_locales` (`locale`) ON DELETE CASCADE ON UPDATE CASCADE;

--
-- Constraints for table `craft_routes`
--
ALTER TABLE `craft_routes`
	ADD CONSTRAINT `craft_routes_locale_fk` FOREIGN KEY (`locale`) REFERENCES `craft_locales` (`locale`) ON DELETE CASCADE ON UPDATE CASCADE;

--
-- Constraints for table `craft_sections`
--
ALTER TABLE `craft_sections`
	ADD CONSTRAINT `craft_sections_structureId_fk` FOREIGN KEY (`structureId`) REFERENCES `craft_structures` (`id`) ON DELETE SET NULL;

--
-- Constraints for table `craft_sections_i18n`
--
ALTER TABLE `craft_sections_i18n`
	ADD CONSTRAINT `craft_sections_i18n_locale_fk` FOREIGN KEY (`locale`) REFERENCES `craft_locales` (`locale`) ON DELETE CASCADE ON UPDATE CASCADE,
	ADD CONSTRAINT `craft_sections_i18n_sectionId_fk` FOREIGN KEY (`sectionId`) REFERENCES `craft_sections` (`id`) ON DELETE CASCADE;

--
-- Constraints for table `craft_sessions`
--
ALTER TABLE `craft_sessions`
	ADD CONSTRAINT `craft_sessions_userId_fk` FOREIGN KEY (`userId`) REFERENCES `craft_users` (`id`) ON DELETE CASCADE;

--
-- Constraints for table `craft_shunnedmessages`
--
ALTER TABLE `craft_shunnedmessages`
	ADD CONSTRAINT `craft_shunnedmessages_userId_fk` FOREIGN KEY (`userId`) REFERENCES `craft_users` (`id`) ON DELETE CASCADE;

--
-- Constraints for table `craft_structureelements`
--
ALTER TABLE `craft_structureelements`
	ADD CONSTRAINT `craft_structureelements_elementId_fk` FOREIGN KEY (`elementId`) REFERENCES `craft_elements` (`id`) ON DELETE CASCADE,
	ADD CONSTRAINT `craft_structureelements_structureId_fk` FOREIGN KEY (`structureId`) REFERENCES `craft_structures` (`id`) ON DELETE CASCADE;

--
-- Constraints for table `craft_taggroups`
--
ALTER TABLE `craft_taggroups`
	ADD CONSTRAINT `craft_taggroups_fieldLayoutId_fk` FOREIGN KEY (`fieldLayoutId`) REFERENCES `craft_fieldlayouts` (`id`) ON DELETE SET NULL;

--
-- Constraints for table `craft_tags`
--
ALTER TABLE `craft_tags`
	ADD CONSTRAINT `craft_tags_groupId_fk` FOREIGN KEY (`groupId`) REFERENCES `craft_taggroups` (`id`) ON DELETE CASCADE,
	ADD CONSTRAINT `craft_tags_id_fk` FOREIGN KEY (`id`) REFERENCES `craft_elements` (`id`) ON DELETE CASCADE;

--
-- Constraints for table `craft_templatecachecriteria`
--
ALTER TABLE `craft_templatecachecriteria`
	ADD CONSTRAINT `craft_templatecachecriteria_cacheId_fk` FOREIGN KEY (`cacheId`) REFERENCES `craft_templatecaches` (`id`) ON DELETE CASCADE;

--
-- Constraints for table `craft_templatecacheelements`
--
ALTER TABLE `craft_templatecacheelements`
	ADD CONSTRAINT `craft_templatecacheelements_elementId_fk` FOREIGN KEY (`elementId`) REFERENCES `craft_elements` (`id`) ON DELETE CASCADE,
	ADD CONSTRAINT `craft_templatecacheelements_cacheId_fk` FOREIGN KEY (`cacheId`) REFERENCES `craft_templatecaches` (`id`) ON DELETE CASCADE;

--
-- Constraints for table `craft_templatecaches`
--
ALTER TABLE `craft_templatecaches`
	ADD CONSTRAINT `craft_templatecaches_locale_fk` FOREIGN KEY (`locale`) REFERENCES `craft_locales` (`locale`) ON DELETE CASCADE ON UPDATE CASCADE;

--
-- Constraints for table `craft_usergroups_users`
--
ALTER TABLE `craft_usergroups_users`
	ADD CONSTRAINT `craft_usergroups_users_userId_fk` FOREIGN KEY (`userId`) REFERENCES `craft_users` (`id`) ON DELETE CASCADE,
	ADD CONSTRAINT `craft_usergroups_users_groupId_fk` FOREIGN KEY (`groupId`) REFERENCES `craft_usergroups` (`id`) ON DELETE CASCADE;

--
-- Constraints for table `craft_userpermissions_usergroups`
--
ALTER TABLE `craft_userpermissions_usergroups`
	ADD CONSTRAINT `craft_userpermissions_usergroups_groupId_fk` FOREIGN KEY (`groupId`) REFERENCES `craft_usergroups` (`id`) ON DELETE CASCADE,
	ADD CONSTRAINT `craft_userpermissions_usergroups_permissionId_fk` FOREIGN KEY (`permissionId`) REFERENCES `craft_userpermissions` (`id`) ON DELETE CASCADE;

--
-- Constraints for table `craft_userpermissions_users`
--
ALTER TABLE `craft_userpermissions_users`
	ADD CONSTRAINT `craft_userpermissions_users_userId_fk` FOREIGN KEY (`userId`) REFERENCES `craft_users` (`id`) ON DELETE CASCADE,
	ADD CONSTRAINT `craft_userpermissions_users_permissionId_fk` FOREIGN KEY (`permissionId`) REFERENCES `craft_userpermissions` (`id`) ON DELETE CASCADE;

--
-- Constraints for table `craft_users`
--
ALTER TABLE `craft_users`
	ADD CONSTRAINT `craft_users_preferredLocale_fk` FOREIGN KEY (`preferredLocale`) REFERENCES `craft_locales` (`locale`) ON DELETE SET NULL ON UPDATE CASCADE,
	ADD CONSTRAINT `craft_users_id_fk` FOREIGN KEY (`id`) REFERENCES `craft_elements` (`id`) ON DELETE CASCADE;

--
-- Constraints for table `craft_widgets`
--
ALTER TABLE `craft_widgets`
	ADD CONSTRAINT `craft_widgets_userId_fk` FOREIGN KEY (`userId`) REFERENCES `craft_users` (`id`) ON DELETE CASCADE;

SET FOREIGN_KEY_CHECKS = 1;
